ID,Name,Supplier,Location,Qty
"1","KENT FALL","UNKNOWN","Inventory","0.00"
"6","CAMPARI MILANO BITTER LIQUEUR 750ML","BRESCOME","Inventory","6.00"
"7","JOSH CHARDONNAY  750ML","BRESCOME","Inventory","13.00"
"8","WICKED STRAW. BLAND 12OZ BTL.","G & G BEVERAGE DIST","Inventory","0.00"
"9","PARROT BAY 6 PACK","STAR","Inventory","0.00"
"11","ROGUE YELLOW SNOW 22OZ","NULL","Inventory","0.00"
"12","HEINEKEN 0.0% NON ALC BEER 6PK BOTTLE 12 OZ","HDI","Inventory","5.00"
"14","BOGLE CABERNET SAUVIGNON 750ML","CDI","Inventory","28.00"
"16","FULTON'S HARVEST PUMPKIN PIE CREAM LIQUEUR 750ML","HP","Inventory","7.00"
"18","JOSE CUERVO MARGARITA MIX 1L","NULL","Inventory","0.00"
"20","DELICATO MERLOT DOMINO","NULL","Inventory","0.00"
"21","HIGH NOON PASSIONFRUIT HARD SELTZER 4PK","CDI","Inventory","3.00"
"23","CORVO ROSSO 750ML","UNKNOWN","Inventory","0.00"
"24","GIESEN MARLBOROUGH SAUVIGNON BLANC 750ML","EDER BROS","Inventory","9.00"
"29","NAUTI SALZER","NULL","Inventory","0.00"
"30","RJ ROCKERS SON OF A PEACH WHEAT ALE 6PK 330ML","NULL","Inventory","0.00"
"34","SHEBEEN 6PKS","NULL","Inventory","0.00"
"37","FRUIT SNACK","UNKNOWN","Inventory","0.00"
"39","COL CR GE CHARDONNAY 750ML","BRESCOME","Inventory","0.00"
"40","BACARDI RESERVA OCHO 8YR RARE GOLD RUM 750ML","CDI","Inventory","2.00"
"41","WRENCH INDUSTRIAL ARTS HAZY IPA 4PK CANS","SARENE CRAFT BEER","Inventory","5.00"
"42","BURLWOOD CAB.SAU.1.5L","CDI MERCH-D","Inventory","0.00"
"43","PRESIDENTE BRANDY 750ML","CDI","Inventory","0.00"
"44","INDABA CHARDONNAY WESTERN CAPE","WORLD WIDE","Inventory","0.00"
"48","BLACK BOSS 16.9OZ","ARKO LLC","Inventory","0.00"
"49","SPIKED SELTZER LIME 120Z CAN","NULL","Inventory","0.00"
"50","BOULEVARD 12PK","UNKNOWN","Inventory","0.00"
"52","ST IDES 40 OZ SINGLE BOTTLE","STAR","Inventory","0.00"
"61","SMIRNOFF 50ML CITRUS","EDER BROS","Inventory","0.00"
"64","MERIDIAN CHARDONNAY 15","ALLAN S GOOD","Inventory","0.00"
"66","WILD BUNCH WHITE WINE 750ML","CDI","Inventory","0.00"
"68","DOM PERIGNON CHAMPAGNE BOX VINTAGE 2013 750ML","BRESCOME","Inventory","0.00"
"69","POWDER HOLLOW 16OZ","NULL","Inventory","0.00"
"71","BV COASTAL PINOT NOIR 750ML","EDER BROS","Inventory","0.00"
"73","GENESEE CREAM ALE 30PK CAN 12 OZ","A. GALLO","Inventory","0.00"
"74","PALO VIEJO WHITE RUM 375ML","BRESCOME","Inventory","0.00"
"75","REDEMPTION HIGH RYE BOURBON 750ML","BRESCOME","Inventory","3.00"
"77","SINGLE","NULL","Inventory","0.00"
"78","THE DUBLINER IRISH WHISKEY 750ML","UNKNOWN","Inventory","0.00"
"80","STELLA ARTOIS PETITE 7FL OZ 6PK BOTTLE","HDI","Inventory","0.00"
"82","POIZIN CALIFORNIA ZINFANDEL","NULL","Inventory","0.00"
"83","MCKENZIE'S ROSE","NULL","Inventory","0.00"
"84","BENCHMARK BOURBON 750ML","NULL","Inventory","0.00"
"87","GADHI-BAT","NULL","Inventory","0.00"
"89","SPIKED SELTZER CRANBERRY 6 PK","NULL","Inventory","0.00"
"90","CITRA MONT. D ABRUZZO 1.5L","WORLD WIDE","Inventory","0.00"
"91","BLUE CHAIR BAY BANANA RUM","NULL","Inventory","0.00"
"92","TWO CONN EASY ALE 6PK","NULL","Inventory","0.00"
"93","BRECKENRIDGE 72 IMPERIAL","NULL","Inventory","0.00"
"94","SEAGLASS PINOT GRIGIO 750ML","CDI","Inventory","10.00"
"95","FRANZIA CHILLABLE RED 5L","EDER BROS","Inventory","0.00"
"96","YUENGLING LIGHT 12PK BTLS 12 OZ","A. GALLO","Inventory","0.00"
"99","BLACK BOX SAUVIGNON BLANC 3L","CDI","Inventory","9.00"
"101","FREI BROS RSV SAUV BLANC","CDI MERCH-D","Inventory","0.00"
"102","HENNESSY XO 750ML","CDI","Inventory","1.00"
"105","ROBERT MONDAVI PRIVATE SELECTION PINOT NOIR 750ML","HARTLEY PARKER","Inventory","0.00"
"108","EXCLUSIV VODKA BERRY 750ML","CDI MERCH-D","Inventory","0.00"
"109","DAILY RUM R.1.5L","UNKNOWN","Inventory","0.00"
"113","MILLER LITE ALUMINIUM 15PK BOTTLE 16 OZ","A. GALLO","Inventory","77.00"
"115","ABSOLUT CITRON VODKA 200ML","HARTLEY PARKER","Inventory","21.00"
"119","GODIVA 50 ML","CDI","Inventory","0.00"
"122","SPRING WATER 17OZ","NULL","Inventory","0.00"
"128","GOSSAMERBAY CAB.SAU.1.5L","UNKNOWN","Inventory","0.00"
"129","OMME GANG DRY CIDER 4PK","UNKNOWN","Inventory","0.00"
"130","WISNIOWKA CHERRY 80PF 750ML","BRESCOME","Inventory","0.00"
"131","M&R PROSCECCO 750ML","CDI","Inventory","0.00"
"133","AUSTIN BLOOD WATERMELON 12OZ C","NULL","Inventory","0.00"
"134","PETIT (HENRI) BOURGEOUIS SAUVIGNON BLANC 750ML","EDER BROS","Inventory","0.00"
"135","MERIT ULTRA LT BOX","MTC","Inventory","0.00"
"137","CAMEL MENTHOL BOX","NULL","Inventory","0.00"
"140","BENGALI SIX POINT","NULL","Inventory","0.00"
"145","FISHEYE SAUV BLANC 6PK","EDER BROS","Inventory","0.00"
"146","DISARONNO AMARETTO 200ML","CDI","Inventory","-6.00"
"147","WARRE'S WARRIOR PORTO FINEST RESERVE 750ML","BRESCOME","Inventory","0.00"
"148","FINLANDIA GRAPEFRUIT 1.75L","EDER BROS","Inventory","0.00"
"149","GUINNESS DRAUGHT STOUT 4PK CANS 14.9 FLOZ","A. GALLO","Inventory","15.00"
"151","BAR-TENDERS BLOODY MARRY 750ML","NULL","Inventory","0.00"
"153","SAUZA TEQUILA REPOSADO 750ML","BRESCOME","Inventory","0.00"
"154","LA MARCA PROSECCO 1.5 LT","CDI","Inventory","14.00"
"155","SHOCK TOP","NULL","Inventory","0.00"
"156","EFFEN BLACK CHERRY 1.75L","ALLAN S GOOD","Inventory","0.00"
"157","H.H.TOM COLLINS 1.L","UNKNOWN","Inventory","0.00"
"163","TWENTY BENCH CABERNET SAUVIGNON 750ML","UNKNOWN","Inventory","0.00"
"164","BULLY BOY","NULL","Inventory","0.00"
"165","BALLAST POINT EVEN KEEL CAN 12 OZ","NULL","Inventory","0.00"
"167","COLLECTIVE ART SOUR","NULL","Inventory","0.00"
"169","CONO SUR CABERNET SAUVIGNON 1.5L","NULL","Inventory","0.00"
"170","MILAGRO SIVER 750ML","NULL","Inventory","0.00"
"171","DUMANTE VERDE NOCE 750","NORTHEAST","Inventory","0.00"
"173","THE DUBLINER IRISH LIQUEUR 750ML","UNKNOWN","Inventory","0.00"
"175","MARLOWE HOME ESB 4PK","NULL","Inventory","0.00"
"178","MAINE BEER COMPANY PEEPER PALE ALE 9FLOZ BOTTLE","NORTHEAST","Inventory","4.00"
"179","LA TERRA","UNKNOWN","Inventory","0.00"
"180","TOAD HOLLOW CHARDONNAY 750ML","HARTLEY PARKER","Inventory","0.00"
"182","STONE CELLER MERLOT 187ML","ALLAN S GOOD","Inventory","0.00"
"183","EL JIMADOR BLANCO 750ML","EDER BROS","Inventory","0.00"
"185","MILWAUKEES BEST LT","STAR","Inventory","0.00"
"187","HOOKER WATERMLN ALE 4PK","NULL","Inventory","0.00"
"194","CETUS 4PKS","NULL","Inventory","0.00"
"196","SPRITE LEMON LIME 1.25LTR BOTTLE","NULL","Inventory","1.00"
"199","SAUZA TEQUILA SILVER 750ML","BRESCOME","Inventory","10.00"
"201","GRUET BRUT ROSE 750ML","NULL","Inventory","0.00"
"203","ONYX MOONSHINE 750ML","NULL","Inventory","0.00"
"205","SMITHWICK 6PK BOTTLE 12 OZ","A. GALLO","Inventory","0.00"
"208","FIREBALL CINNAMON WHISKEY 375ML","NORTHEAST","Inventory","21.00"
"210","SOL ORIGINAL 6 PK BOTTLE","STAR","Inventory","0.00"
"212","PAUL MASSON VS BRANDY 200ML","BRESCOME","Inventory","4.00"
"213","VILLA JOLANDA MOSCATO AND PEACH WHITE","TOUTON MONSIEUR TOUTON SELECTION LTD","Inventory","0.00"
"214","MAJORSKA 100 PROOF VODKA 375ML","MARTIGNETTI ","Inventory","7.00"
"218","RIONDO PRESECO  750ML","NEW ENGLAND","Inventory","0.00"
"220","BV COASTAL CABERNET SAUVIGNON","NULL","Inventory","0.00"
"221","ST MICH ARTIST SERIES RED 07/08 3 PACK","NULL","Inventory","0.00"
"222","BROTHERHOOD ROSARIO 750ML","HARTLEY PARKER","Inventory","0.00"
"223","BADGER MOUNTAIN J RIE ORGANIC NSA 16/17","NULL","Inventory","0.00"
"226","SONOMA CUTRER SONOMA COAST CHARDONNAY 750ML","EDER BROS","Inventory","20.00"
"227","BRECKENRIDGE LUCKY U BTTL 6PK","NULL","Inventory","0.00"
"228","JACK'S ABBY SOUR","NULL","Inventory","0.00"
"230","CROWN ROYAL RESERVE 750ML","BRESCOME","Inventory","0.00"
"231","BOULEVARD WHISKY BARREL 12OZ","NULL","Inventory","0.00"
"235","OLD ENGLISH 40 OZ BOTTLE 24 OZ","G & G BEVERAGE DIST","Inventory","0.00"
"236","PEARL VODKA 750ML","UNKNOWN","Inventory","0.00"
"239","TROPICANA RUBY RED GRAPEFRUIT 32 OZ","STAR","Inventory","0.00"
"240","BBC BOURBON 750ML","NULL","Inventory","0.00"
"241","VERDI SPUMANTE 750ML","EDER BROS","Inventory","0.00"
"243","ROCA PATRON ANEJO","NULL","Inventory","0.00"
"244","SKYGAZER WAT ABST 2 4PK","NULL","Inventory","0.00"
"245","PEPPERWOOD GROVE CABERNET 750ML","HARTLEY PARKER","Inventory","0.00"
"247","SKYGAZER WATERCLR 3 4PK","NULL","Inventory","0.00"
"250","BOOM SAUCE 16OZ","NULL","Inventory","0.00"
"253","JUICE BOAM 12PK","UNKNOWN","Inventory","0.00"
"254","GOSSAMER BAY CHARD.1.5L","UNKNOWN","Inventory","0.00"
"258","NPORT B.WHT 6PKS","NULL","Inventory","0.00"
"260","BRECKENRIDGE RUM","NULL","Inventory","0.00"
"262","GRAN CENTENARIO PLATA 750ML","BRESCOME","Inventory","0.00"
"263","UNERTHED","NULL","Inventory","0.00"
"264","LINDEMANS BIN 55 RED BLEND 1.5LT","EDER BROS","Inventory","3.00"
"265","FOUNDERS PORTER 12 OZ 6PK BOTTLE","A. GALLO","Inventory","0.00"
"266","FULL MOONSHINE 750ML","NULL","Inventory","0.00"
"269","TIMBER I MUST BE DREAM 4PK","NULL","Inventory","0.00"
"270","BLUE PO. HOPTICAL ALE 6PK BTL.","DICHELLO","Inventory","0.00"
"271","COLLECTIVE ART IPA","NULL","Inventory","0.00"
"272","TRINCHERO PINOT NOIR 750ML","CDI","Inventory","0.00"
"273","OMMEGANG FIRE AND BLOOD 750ML","NULL","Inventory","0.00"
"278","FORESTER PETITCHENIN 750ML","UNKNOWN","Inventory","0.00"
"281","DEEP EDDY LEMON 50ML","EDER BROS","Inventory","165.00"
"283","E.H. TAYLOR SMALL BATCH BOURBON WHISKEY 750ML","NORTHEAST","Inventory","0.00"
"285","G.DUBOEUF MERLOT 1.5L","SLOCUM & SONS INC","Inventory","0.00"
"286","RAVENSWOOD BESIEGED RED BLEND","NULL","Inventory","0.00"
"289","NEWCASTLE 17 OZ","STAR","Inventory","0.00"
"290","BALLAST POINT SCULPIN IPA 12 OZ","NULL","Inventory","0.00"
"291","RELIC IPA","NULL","Inventory","0.00"
"292","SHEBIN SESSION IPA 6PKS","NULL","Inventory","0.00"
"293","MADONNA IPA","NULL","Inventory","0.00"
"295","MD20/20 ELECTRIC MELON 750ML","UNKNOWN","Inventory","0.00"
"297","CAPE LINE MARGARITA 12OZ","NULL","Inventory","0.00"
"298","SMIRNOFF VANILLA 1LT","EDER BROS","Inventory","0.00"
"299","DEKUYPER CHERRY BRANDY 750ML LIQUEURES & CORDIALS","NULL","Inventory","0.00"
"300","E&J BRANDY XO 50 ML","CDI MERCH-D","Inventory","0.00"
"301","SNAPPLE DRINK 20OZ","NULL","Inventory","0.00"
"302","CALITERRA CHARD. 750ML","HARTLEY PARKER","Inventory","0.00"
"305","AUSTIN EAST RUBY RED 4/6/12CN","NULL","Inventory","0.00"
"306","OLE SMOKY WHITE CHOCOLATE STRAWBERRY CREAM 750ML","HP","Inventory","1.00"
"307","FRANZIA DARK RED BLEND 5L","EDER BROS","Inventory","-1.00"
"308","BLOODY BOLD MARY MIX 1L","HARTLEY PARKER","Inventory","0.00"
"309","EMPRESS 1908 INDIGO GIN 750ML","EDER BROS","Inventory","1.00"
"311","SMITH & FORG CIDER","NULL","Inventory","0.00"
"312","FOXHORN W.Z.750ML","UNKNOWN","Inventory","0.00"
"313","TROG","NULL","Inventory","0.00"
"314","FINLANDIA RED BERRY 750ML","NULL","Inventory","0.00"
"315","YEALANDS SAUVIGNON BLANC 750ML","BRESCOME","Inventory","6.00"
"318","OZEKI PREMIUM JUNMAI SAKE 750ML","MARTIGNETTI ","Inventory","7.00"
"322","DEVILS DAUGHTER","NULL","Inventory","0.00"
"323","JACK'S ABBY 4PKS","NULL","Inventory","0.00"
"324","SAMBUCA DI TREVI 750ML","BRESCOME","Inventory","0.00"
"325","BUD LIGHT 24PK BOTTLES 12 OZ","HDI","Inventory","1.00"
"326","BRUVSDO 24OZ","NULL","Inventory","0.00"
"329","PATRON TRI PK 750ML","CDI","Inventory","0.00"
"332","SILVERADO LIMITED RESERVE","UNKNOWN","Inventory","0.00"
"335","PIRAT VODKA 750ML","UNKNOWN","Inventory","0.00"
"337","WOLFFER ESTATE SUMMER IN A BOTTLE ROSE LONG ISLAND","Winebow, Inc.","Inventory","53.00"
"340","MCKENZIE","NULL","Inventory","0.00"
"342","PATRON ANEJO TEQUILA 50 ML","CDI","Inventory","0.00"
"343","BLACK BOX CHARDONNAY 3L","CDI","Inventory","0.00"
"346","BALTIKA PORTER 16.9OZ","ARKO LLC","Inventory","0.00"
"349","FISH EYE CHARDONNAY 3L","EDER BROS","Inventory","0.00"
"350","FOX HORN MERLOT 1.5 L","EDER BROS","Inventory","0.00"
"353","WACHUSETT 12PKS","NULL","Inventory","0.00"
"354","GORU ORGANIC VERDE 750ML","UNKNOWN","Inventory","0.00"
"357","SEAGRAMS VO CANADIAN WHISKEY 1.75L","CDI","Inventory","3.00"
"358","QUARRY KEY LIME 4PK","NULL","Inventory","0.00"
"359","MONTES MERLOT 750ML","CDI","Inventory","0.00"
"361","CROWN ROYAL 750ML","BRESCOME","Inventory","7.00"
"362","CHRISTAIN BROS PEACH BRANDY 750ML","NULL","Inventory","0.00"
"366","JEKYLL & HYDE 50ML","DICHELLO","Inventory","0.00"
"368","CAMBORD 750ML","CDI","Inventory","0.00"
"369","SUNNA DOBBLE IPA","NULL","Inventory","0.00"
"371","ST PAULI GIRL N/A 6PK 12 OZ","HDI","Inventory","0.00"
"373","RED SERAPH 750ML","SHARPE HILL","Inventory","0.00"
"374","CITY ROOTS CIDER 6PK","UNKNOWN","Inventory","0.00"
"375","1800 REPOSADO 200ML","EDER BROS","Inventory","1.00"
"377","ROBERT MONDAVI CABERNET SAUVIGNON OAKVILLE NAPA VALLEY","HP","Inventory","-3.00"
"378","MANO CONCORD 1.5 L","BRESCOME","Inventory","-2.00"
"380","FOREST GLEN MERLOT 750ML","BRESCOME","Inventory","0.00"
"381","CROWN ROYAL XO CANADIAN WHISKEY 750ML","NULL","Inventory","0.00"
"384","BARTENDERS I'M BANANAS OVER U","HARTLEY PARKER","Inventory","0.00"
"385","SHINER BOCK BEER 12OZ 12PK BOTTLES","NORTHEAST","Inventory","0.00"
"387","WENTE MERLOT 750ML","CDI","Inventory","0.00"
"388","COLLECTIVE 4PKS","NULL","Inventory","0.00"
"389","CHI-CHI'S PINA COLADA 1.75L","BRESCOME","Inventory","0.00"
"391","HOPSMACK DOBBLE IPA","NULL","Inventory","0.00"
"398","HOB NOB RED BLEND 750ML","NULL","Inventory","0.00"
"399","PIELS 24PK","UNKNOWN","Inventory","0.00"
"400","STONY CREEK","NULL","Inventory","0.00"
"403","BORTOLUZZI PINOT GRIGIO 750ML","CDI","Inventory","0.00"
"404","MONTE DEGLI ANGELI BAROLO RED 750ML","TOUTON MONSIEUR TOUTON SELECTION LTD","Inventory","8.00"
"406","SAFE HARBOR 6PKS","NULL","Inventory","0.00"
"408","KRUG GRANDE CUVEE 750ML","NULL","Inventory","0.00"
"409","CRUZAN.BANANARUM","HARTLEY PARKER","Inventory","0.00"
"412","CENOTE BLANCO","UNKNOWN","Inventory","0.00"
"413","CIDER","NULL","Inventory","0.00"
"414","TRIBUNO SWEET VERMOUTH 750ML","EDER BROS","Inventory","2.00"
"416","CORRAL DE PIEDRA CABERNET750ML","NULL","Inventory","0.00"
"417","BARTON RESERVE WHISKEY 1.75L","CDI","Inventory","0.00"
"418","LIFE & LIMB 4PK","UNKNOWN","Inventory","0.00"
"420","FULL SAIL IPAPAYA 12 OZ","NULL","Inventory","0.00"
"422","SINGLE CUT","NULL","Inventory","0.00"
"423","CAIN CUVEE 750ML","NULL","Inventory","0.00"
"428","TUTELA PINOT GRIGIO 1.5L","UNKNOWN","Inventory","0.00"
"429","CITY STEAM THE NAUGHTY NURSE 6PK BOTTLE","A. GALLO","Inventory","5.00"
"430","SINGLE CUT","NULL","Inventory","0.00"
"431","STARS ABOVE 4PK","UNKNOWN","Inventory","0.00"
"432","BLOODY MARY MIX","NULL","Inventory","0.00"
"433","FISHEYE SHIRAZ BOX  3LT","EDER BROS","Inventory","0.00"
"434","ODOULS AMBER NON ALC BEER 12OZ BOTTLE","HDI","Inventory","0.00"
"440","JACQUES CARDIN VSOP 50ML","NULL","Inventory","0.00"
"441","SMIRNOFF  ESPRESSO 100 PF 50 ML","EDER BROS","Inventory","21.00"
"443","MR. AND MRS. T DAIQUIRI - MARGARITA","EDER BROS","Inventory","0.00"
"444","LEGITIMUS BROUGHT TO YOU","NULL","Inventory","0.00"
"445","YELLOW TAIL PINOT NOIR 750 ML","BRESCOME","Inventory","0.00"
"448","BIG HOUSE BIRD MAN PINOT GRIGIO","NULL","Inventory","0.00"
"449","REYKA VODKA 50ML","BRESCOME","Inventory","0.00"
"450","OZWELL CAB-SAV 1.5L","BRESCOME","Inventory","0.00"
"451","BLACK AND MILD CHERRY","NULL","Inventory","0.00"
"455","GOODIE GOODIE","NULL","Inventory","0.00"
"456","VERDI GREEN APPLE SPARKLETINI 750ML","EDER BROS","Inventory","0.00"
"457","LEXINGTON BOURBON WHISKEY 375ML","NULL","Inventory","0.00"
"458","ANDERSON VLLY GOSE 12OZ CAN","NULL","Inventory","0.00"
"459","BLACK BOX MERLOT 3L","CDI","Inventory","0.00"
"460","SIX POINT SWEET ACTION","NULL","Inventory","0.00"
"463","SPEYBURN BRADEN ORACH 750ML","NULL","Inventory","0.00"
"466","WIDEMER BROTHERS","NULL","Inventory","0.00"
"468","LIVINGSTON RED ROSE 3L","CDI MERCH-D","Inventory","0.00"
"469","BIG HOUSE CABERNET 6 PACK","NULL","Inventory","0.00"
"470","MODELO ESPECIAL 6PK BOTTLE","A. GALLO","Inventory","24.00"
"471","H2 ROADS GREAPFRUIT SELTZER 6P","UNKNOWN","Inventory","0.00"
"472","JACK'S ABBY HOUSE LAGER","NULL","Inventory","0.00"
"473","ECCO DOMANI PINOT GRIGIO 750ML","CDI","Inventory","7.00"
"474","LITCHFIELD STRAWEBERRY VODKA 750ML","SLOCUM & SONS INC","Inventory","0.00"
"475","OMMEGANG RARE","NULL","Inventory","0.00"
"479","MIL BEST LI 12 PK","STAR","Inventory","0.00"
"482","FRANCIS COPPOLA CLARET CABERNET SAUVIGNON 750ML","EDER BROS","Inventory","-5.00"
"484","BALLANTINE IPA","NULL","Inventory","0.00"
"488","ROSE","NULL","Inventory","0.00"
"489","BLK HOG WATER 4PKS","NULL","Inventory","0.00"
"490","KARMIC DAROO","NULL","Inventory","0.00"
"491","JOHNNIE WALKER RED 1.75LT","BRESCOME","Inventory","2.00"
"492","VAN GOGH DOUBLE ESPRESSO VODKA 50 ML","EDER BROS","Inventory","0.00"
"494","STONES ORIGINAL GINGER WINE 750ML","BRESCOME","Inventory","0.00"
"495","FRONTERA MERLOT 1.5 LT","BRESCOME","Inventory","2.00"
"497","MUDSHAKE CAPPUC-VODKA SGL.","NULL","Inventory","0.00"
"498","CART & BROWN MERLOT 750ML","NULL","Inventory","0.00"
"499","ORDA SINGLE","NULL","Inventory","0.00"
"500","MALIBU RED 750ML","CDI","Inventory","0.00"
"501","BEER SINGLE","NULL","Inventory","0.00"
"502","PIPEWORKS BREWING LIZARD KING PALE ALE 4PK","NULL","Inventory","0.00"
"504","JACK DANIELS OLD NO7 TENNESSE WHISKEY 1.75L","EDER BROS","Inventory","7.00"
"505","CELTIC HONEY","HARTLEY PARKER","Inventory","0.00"
"506","CRUZAN ORANGE 750ML","HARTLEY PARKER","Inventory","0.00"
"511","GLENFIDDICH 23YR GRAND CRU CUVEE CASK FINISH SCOTCH WHISKEY 750ML","BRESCOME","Inventory","1.00"
"513","T.HOOKER 160Z","NULL","Inventory","0.00"
"515","MUDSHAKE VANILLA VODKA 4PK","ACE DISTRIBUTING","Inventory","0.00"
"516","CART & BROWN CABERNET SAUVIGNON 750ML","NULL","Inventory","0.00"
"517","EVAN WILLIAMS HONEY 750ML","HARTLEY PARKER","Inventory","0.00"
"518","CUP CAKE","NULL","Inventory","0.00"
"519","DEEP EDDY LIME VODKA 1.75L","NULL","Inventory","0.00"
"521","DAILYS GRENADINE SYRUP 1 L","UNKNOWN","Inventory","0.00"
"523","JEFFERSON'S RESERVE VERY SMALL BATCH BOURBON 750ML","MARTIGNETTI ","Inventory","2.00"
"524","CIROC COCONUT VODKA 750ML","BRESCOME","Inventory","0.00"
"525","THE BOTANIST ISLAY DRY GIN 750ML","BRESCOME","Inventory","11.00"
"531","ONYX CRANBERRY","NULL","Inventory","0.00"
"532","SONOMA FULL FLAVOR BOX","MTC","Inventory","0.00"
"535","BBC HEFEWEIZER","NULL","Inventory","0.00"
"536","PEPPERWOOD GROVE PINOT GRIGIO 750ML","BRESCOME","Inventory","0.00"
"537","TOMA BLOODY MARY MIX","NULL","Inventory","0.00"
"539","ON THE ROCKS HORNITOS MARGARITA 375ML","BRESCOME","Inventory","-29.00"
"541","VALDO NUMERO UNO EXTRA DRY SPK","UNKNOWN","Inventory","0.00"
"542","HERITAGE CHARD. 1.5L","UNKNOWN","Inventory","0.00"
"544","PERONI 6PK BOTTLES 12 OZ","A. GALLO","Inventory","6.00"
"546","GLENDALOUGH IRISH WHISHKEY","NULL","Inventory","0.00"
"547","TANQUERAY 50ML","EDER BROS","Inventory","37.00"
"548","ARBOR MIST PINEAPPLE STRAWBERRY PINK MOSCATO 1.5","NULL","Inventory","0.00"
"549","GLENROTHES","NULL","Inventory","0.00"
"550","CHAPELL","NULL","Inventory","0.00"
"551","MALIBU RUM SPARKLER 750ML","NULL","Inventory","0.00"
"552","SMIRNOFF RASBERRY TWIST 1 L","EDER BROS","Inventory","0.00"
"553","TIKI RITA BLUE MARGARITA 4PK","UNKNOWN","Inventory","0.00"
"556","MENDOCINO EYE HAWK 6PK BTL.","G & G BEVERAGE DIST","Inventory","0.00"
"557","SIX POINT 6PKS","NULL","Inventory","0.00"
"560","CISCO GREY LADY 6PKS","NULL","Inventory","0.00"
"562","APPLETON ESTATE 750ML","NULL","Inventory","0.00"
"564","JEREMIAH WEED BOURBON 750ML","UNKNOWN","Inventory","0.00"
"565","BOTA MINI REDVOLUTION 500ML","HP","Inventory","0.00"
"566","GODIVA VODKA 1L","CDI","Inventory","0.00"
"569","ABERLOUR  DOUBLE CASK MATURED SPEYSIDE SINGLE MALT SCOTCH WHISKEY 12 YR 750ML","BRESCOME","Inventory","1.00"
"570","RELIC PALE ALE","NULL","Inventory","0.00"
"571","DEKUYPER CR DE MENTHE WHITE 750ML","BRESCOME","Inventory","0.00"
"574","REDWOOD CREEK CHARDONNAY 750ML","CDI MERCH-D","Inventory","0.00"
"575","WOLFSCHMIDT VODKA 200ML","CDI MERCH-D","Inventory","0.00"
"576","BOTA BOX PINOT NOIR 3L","MARTIGNETTI ","Inventory","7.00"
"580","BUMBU RUM 750ML","EDER BROS","Inventory","9.00"
"585","DEK BLUE CURACAO 750ML","BRESCOME","Inventory","0.00"
"586","JOHNNIE WALKER BLUE LABEL LIMITED NY EDITION 750ML","BRESCOME","Inventory","0.00"
"587","LITTLE BROOK 750ML","NULL","Inventory","0.00"
"590","JOHNNIE WALKER BLUE LABEL 750ML","BRESCOME","Inventory","4.00"
"595","CAPTAIN MORGAN SPICED RUM 1.75L","CDI","Inventory","0.00"
"597","HOOKER CBD MARGH 4PK","NULL","Inventory","0.00"
"599","CASTILLO DE ANNA CRIANZA 750ML","MONSIEUR T","Inventory","0.00"
"600","COLLECTIVE ART","NULL","Inventory","0.00"
"601","CIROC PINEAPPLE VODKA 750ML","BRESCOME","Inventory","0.00"
"602","LORD CALVERT CANADIAN 750ML","HARTLEY PARKER","Inventory","0.00"
"603","POWERADE MOUNTAIN BLAST","UNKNOWN","Inventory","0.00"
"605","CHATEAU LAROSE TRINTAUDON 750ML","TOUTON MONSIEUR TOUTON SELECTION LTD","Inventory","8.00"
"607","BURLWOOD  MERLOT 1.5L","UNKNOWN","Inventory","0.00"
"608","FOREIGN OBJECT","NULL","Inventory","0.00"
"609","WINDSOR CANADIAN 200ML","BRESCOME","Inventory","0.00"
"610","BANDED","NULL","Inventory","0.00"
"611","BLACK & TEN","NULL","Inventory","0.00"
"612","BROOKLYN SUMMER ALE 12 OZ 6 PK BTL","A. GALLO","Inventory","0.00"
"613","BLACK HAUS BLACKBERRY 50ML","MARTIGNETTI ","Inventory","120.00"
"615","VICTORY","NULL","Inventory","0.00"
"616","GALACTIC COYOTE","NULL","Inventory","0.00"
"617","BUCHANAN'S 12 YR","UNKNOWN","Inventory","0.00"
"618","POLAND SPRING WATER BOTTLE 16.9FLOZ","NULL","Inventory","8.00"
"619","CAVIT PINOT GRIGIO 1.5L","BRESCOME","Inventory","15.00"
"620","WACHUSETT QUINN'S","NULL","Inventory","0.00"
"622","TWO ROADS LIL JUICY IPA 160Z 4PK CANS","A. GALLO","Inventory","0.00"
"623","DOWNEAST ORIGINAL BLEND CRAFT CIDER 4PK CANS","NORTHEAST","Inventory","6.00"
"625","LIPTON ICE TEA","UNKNOWN","Inventory","0.00"
"626","OS CRANBERRY JUICE 64 OZ","UNKNOWN","Inventory","0.00"
"627","PEAK ORGANIC IPA 6PK","G & G BEVERAGE DIST","Inventory","0.00"
"628","STAWSKI WISNIOWKA CHERRY","NULL","Inventory","0.00"
"629","HULL'S LAGER 6PKS","NULL","Inventory","0.00"
"630","CORVINA ZENI","UNKNOWN","Inventory","0.00"
"632","CIDER BOYS","NULL","Inventory","0.00"
"640","RIONDO PROSECCO","UNKNOWN","Inventory","0.00"
"641","TROGS 6PKS","NULL","Inventory","0.00"
"642","EL CHARRO SILVER","BRESCOME","Inventory","0.00"
"644","SALSUS VINHO VERDE","UNKNOWN","Inventory","0.00"
"649","KEYSTONE LI 6PK","G & G BEVERAGE DIST","Inventory","0.00"
"650","DON JULIO 1942 750ML","BRESCOME","Inventory","1.00"
"651","CLYNELISH RESERVE 750ML","NULL","Inventory","0.00"
"652","T.HOOKER IPA","NULL","Inventory","0.00"
"657","TWO ROADS TWO JUICY IPA 16OZ 4PK CANS","A. GALLO","Inventory","6.00"
"658","AVELEDA FONTE GREEN BOX 750ML","NULL","Inventory","0.00"
"659","SAISON DUPONT","NULL","Inventory","0.00"
"665","SARANAC PALE ALE BOTTLE 6PK 12 OZ","STAR","Inventory","0.00"
"666","EVERFRESH CRANBERRY 32 OZ","NULL","Inventory","0.00"
"667","CITIZEN CIDER UNIFIED PRES12PK","NULL","Inventory","0.00"
"670","MALIBU  PINEAPPLE 50ML","CDI","Inventory","0.00"
"674","NESTLE WATER","NULL","Inventory","0.00"
"675","STONE STOCHASTICITY 22 OZ","NULL","Inventory","0.00"
"678","ORLEANS HILL MERLOT 750ML","NEW ENGLAND","Inventory","0.00"
"679","RELIC IPA","NULL","Inventory","0.00"
"680","UV CHERRY","SLOCUM & SONS INC","Inventory","0.00"
"681","JACQUIN'S ROCK AND RYE","UNKNOWN","Inventory","0.00"
"682","WOLF AMONG WEEDS  CAN 6/4 16Z","NULL","Inventory","0.00"
"683","BLACKSTONE ZINF. 750ML","HARTLEY PARKER","Inventory","0.00"
"685","MICHAEL COLLINS IRISH WHISKEY 750ML","BRESCOME","Inventory","0.00"
"686","H2ROADS SELTZER 6PK","UNKNOWN","Inventory","0.00"
"689","SWEET SOUR","NULL","Inventory","0.00"
"690","FETZER  CHARDONNAY SUNDIAL 1.5 L","ALLAN S GOOD","Inventory","0.00"
"692","SEAGRAM'S EXTRA DRY GIN 375ML","CDI","Inventory","48.00"
"695","DAURA DAMM GLUTEN REMOVED LAGER 6PK BOTTLE","A. GALLO","Inventory","2.00"
"696","D'USSE COGNAC 200ML","UNKNOWN","Inventory","0.00"
"697","LONG DRINK STRONG CITRUS 12OZ 6PK","CDI","Inventory","2.00"
"699","CASTELLO DI MONASTERO","NULL","Inventory","0.00"
"700","MOUNTAIN DEW 12OZ CAN","UNKNOWN","Inventory","0.00"
"701","INTENSITEA LEMON HARD TEA 6PK","HDI","Inventory","0.00"
"702","LOS VASCOS CABERNET SAUVIGNON 750ML","BRESCOME","Inventory","14.00"
"703","ITHACA 16OZ","UNKNOWN","Inventory","0.00"
"704","LORD HOBO 6PKS","NULL","Inventory","0.00"
"707","HOUS LAGER 6PKS","NULL","Inventory","0.00"
"708","BALLAST POINT BIG EYE IPA 12 OZ","NULL","Inventory","0.00"
"709","VALLEY MOON CHARD.750ML","BRESCOME","Inventory","0.00"
"713","MI AMORE RUBICONE ROSSO DOLCE RED WINE 750ML","ACE DISTRIBUTING","Inventory","0.00"
"716","HOOKER CHOCOLATE STOUT","NULL","Inventory","0.00"
"718","THE BLANC","NULL","Inventory","0.00"
"719","UV CHERRY PL","SLOCUM & SONS INC","Inventory","0.00"
"721","GINGER BEER","NULL","Inventory","0.00"
"722","CH.ST.NICHOLAS W-ZINF.750ML","CDI","Inventory","0.00"
"723","SWEETWATER G 13 12OZ CAN","NULL","Inventory","0.00"
"724","WOODBRIDGE SAUVIGNON BLANC 1.5LT","MARTIGNETTI ","Inventory","21.00"
"725","BLACK AND TEA","NULL","Inventory","0.00"
"727","FAMILIA CAMARENA SILVER TEQUILA 750ML","CDI","Inventory","6.00"
"728","KILLIANS IRISH RED 6 PK BOTTEL","G & G BEVERAGE DIST","Inventory","0.00"
"729","NUGGET NECTAR 4PKS","NULL","Inventory","0.00"
"730","KIKKOMAN PLUM WINE 750ML","HARTLEY PARKER","Inventory","0.00"
"732","VICTORY SEASONAL 6PK 12 OZ","NULL","Inventory","0.00"
"735","KNOCKMORE IRISH WHISKEY 750ML","NULL","Inventory","0.00"
"736","BART.ORANGE CREAM COCKTAIL 750","HARTLEY PARKER","Inventory","0.00"
"737","EAST ROCK RASP GOSE","NULL","Inventory","0.00"
"738","B&J.RASP.D. 4PK","UNKNOWN","Inventory","0.00"
"740","DOLIN VERMOUTH DE CHAMBERY ROUGE 750ML","SLOCUM & SONS INC","Inventory","6.00"
"741","PUCKER GRAPE VODKA 1L","BRESCOME","Inventory","0.00"
"742","JOSEPH DROUHNI CHABLIS 750ML","WORLD WIDE","Inventory","0.00"
"743","MGD 30PK","STAR","Inventory","0.00"
"747","POMMERY CHAMPAGNE BRUT ROYAL WHITE GIFT BOX 750ML","TOUTON MONSIEUR TOUTON SELECTION LTD","Inventory","3.00"
"749","JOOSE J ORIGINAL 12/23.5 CAN","STAR","Inventory","0.00"
"751","THIMBLE ISLAND","NULL","Inventory","0.00"
"753","DAY BREAKER LEMONADE","UNKNOWN","Inventory","0.00"
"754","HOP KNIFE","NULL","Inventory","0.00"
"755","RINGBOLT CABERNET SAUV","MONSIEUR T","Inventory","0.00"
"756","PRIMA PILS","UNKNOWN","Inventory","0.00"
"757","CAVALIERE PINOT GRIGIO","NULL","Inventory","0.00"
"759","MONTES 'CLASSIC' CHARDONNAY","CDI","Inventory","0.00"
"760","TEQUIPAL MANGO 750ML","UNKNOWN","Inventory","0.00"
"761","JAMESON IRISH WHISKEY 375ML","EDER BROS","Inventory","10.00"
"762","PASSOA LIQUEUR 750ML","BRESCOME","Inventory","0.00"
"763","TERRAZES CAB-SAU. 750ML","BRESCOME","Inventory","0.00"
"765","SIX POINT SWEET ACTION","NULL","Inventory","0.00"
"766","GAZELA VINHO VERDE ROSE","NULL","Inventory","0.00"
"767","CANADIAN LTD 1.75L","BRESCOME","Inventory","0.00"
"768","BUD LIGHT CAN 18PK 12 OZ","HDI","Inventory","10.00"
"771","PATRON XO CAFE DARK LIQ 750ML","CDI","Inventory","0.00"
"772","NEWBURGH SINGLE","NULL","Inventory","0.00"
"774","J. WRAY GOLD RUM 750ML","CDI","Inventory","0.00"
"777","FEVER TREE PREMIUM GINGER BEER 4PK BOTTLE 200ML","A. GALLO","Inventory","2.00"
"778","BROAD BROOK ALE","NULL","Inventory","0.00"
"781","WATERMELOM LEMONADE","UNKNOWN","Inventory","0.00"
"783","SMUTTYNOSE OLD BROWN DOG 6PK","NULL","Inventory","0.00"
"784","TH NECTAR","NULL","Inventory","0.00"
"785","K.J COLLAGE CAB.MER. 750ML","CDI","Inventory","0.00"
"786","CHALK HILL SONOMA COAST","NULL","Inventory","0.00"
"789","FOLEY BROTHERS","NULL","Inventory","0.00"
"790","VENTA MAZZARON  2000 TORO 750ML","NULL","Inventory","0.00"
"791","BEER SINGLE","UNKNOWN","Inventory","0.00"
"792","SCHLITZ 6PK CAN","G & G BEVERAGE DIST","Inventory","0.00"
"802","PBR OLD TANKARD","NULL","Inventory","0.00"
"803","KJ ZINFANDEL 750ML","CDI","Inventory","0.00"
"806","UV CITRUS 750ML","SLOCUM & SONS INC","Inventory","0.00"
"807","EARTH 12PKS","NULL","Inventory","0.00"
"808","NIGHT SHIFT","NULL","Inventory","0.00"
"809","JIM BEAM RED STAG 750ML","BRESCOME","Inventory","2.00"
"810","TIKI RITA BLUE MARGARITA","ROGO","Inventory","0.00"
"812","BLACKHEART SPICED RUM 1.75L","HARTLEY PARKER","Inventory","0.00"
"817","THE PESSIMIST","NULL","Inventory","0.00"
"818","BRECKENRIDGE VANILLA PORTER BOTTLE 6PK 12 OZ","NULL","Inventory","0.00"
"820","MGH","NULL","Inventory","0.00"
"821","JACK DANIELS TENNESSEE FIRE WHISKEY 375ML","EDER BROS","Inventory","15.00"
"823","POPCORN CHARDONNAY","NULL","Inventory","0.00"
"824","LEROUX POLISH BLACKBERRY BRANDY 1.75LT","CDI","Inventory","11.00"
"827","BOTA BOX REDVOLUTION 3L","MARTIGNETTI ","Inventory","3.00"
"828","PLYMOUTH GIN 750ML","EDER BROS","Inventory","2.00"
"829","MIDNIGHT MOON CRANBER 750ML","CDI","Inventory","0.00"
"831","TAYLOR MARSALA 1.5 L","NULL","Inventory","0.00"
"832","WALKING DEAD 750ML","UNKNOWN","Inventory","0.00"
"835","FREEMARK CHARD. 750ML","UNKNOWN","Inventory","0.00"
"839","WILLOWGLEN PETITE SIRAH 750ML","UNKNOWN","Inventory","0.00"
"841","SNAKEEYES ZINFANDLE 750ML","CDI","Inventory","0.00"
"842","REMY MARTIN VSOP 750ML","BRESCOME","Inventory","0.00"
"844","EVERGREEN CRUSH","NULL","Inventory","0.00"
"846","DOOLEYS TOFFEE LIQ. 750ML","UNKNOWN","Inventory","0.00"
"849","LUNGAROTTI RUBESCO 750ML","UNKNOWN","Inventory","0.00"
"850","BOMBAY SAPPHIRE DRY GIN 1.75L","CDI","Inventory","14.00"
"851","LES LAUZERAIES TAVEL ROSE","MONSIEUR T","Inventory","0.00"
"852","ROEDERER ESTATE BRUT 750ML","BRESCOME","Inventory","9.00"
"854","LANDMARK OVERLOOK CHARDONNAY 13/14","NULL","Inventory","0.00"
"855","TERRILOGIO TOSCANA RED 750ML","TOUTON MONSIEUR TOUTON SELECTION LTD","Inventory","0.00"
"858","SMOKING LOON PINOT GRIGIO 750","BRESCOME","Inventory","0.00"
"859","ANCHOR IPA 12 OZ","NULL","Inventory","0.00"
"860","BAR-TENDERS CLASSIC MARG 750ML","NULL","Inventory","0.00"
"862","BOULEVARD STOUT","NULL","Inventory","0.00"
"863","DAILY'S","NULL","Inventory","0.00"
"864","UV GRAPE VODKA 1.75L","SLOCUM & SONS INC","Inventory","0.00"
"866","MI MI EN PROVENCE GRANDE RESERVE ROSE 750ML","TOUTON MONSIEUR TOUTON SELECTION LTD","Inventory","15.00"
"867","FIGENZA VODKA","NULL","Inventory","0.00"
"868","MONTICELLO TEMPRANILLO CRIANZA","EDER BROS","Inventory","0.00"
"869","LAZZARONI AMARETTO 750ML","NULL","Inventory","0.00"
"870","ANCHOR'S DOUBLE IPA","NULL","Inventory","0.00"
"871","COCKBURN'S TAWNY 750ML","NULL","Inventory","0.00"
"873","1800 COCONUT 200ML","BRESCOME","Inventory","1.00"
"874","FAIRBANKS PORT 750ML","CDI MERCH-D","Inventory","0.00"
"875","VILLA JOLANDA M. D ASTI 750ML","MONSIEUR T","Inventory","0.00"
"876","CAMBRIDGE HOUSE KOLSCH","NULL","Inventory","0.00"
"880","ESTANCIA MERLOT","BRESCOME","Inventory","0.00"
"881","RUNNING BULLS 750ML","UNKNOWN","Inventory","0.00"
"883","LES ALLIES","UNKNOWN","Inventory","0.00"
"884","CARMENET CAB-SAU 3L","UNKNOWN","Inventory","0.00"
"885","WOLAVERS ORGANIC 12PK BTL.","UNKNOWN","Inventory","0.00"
"887","REMY MARTIN VSOP COGNAC FLASK 375ML","BRESCOME","Inventory","2.00"
"890","STEEL RESERVE LAGER BEER 24 OZ CAN","A. GALLO","Inventory","0.00"
"891","JUST PLAY YOUR SONG 4PK","UNKNOWN","Inventory","0.00"
"895","JAS DES ROSE","NULL","Inventory","0.00"
"896","TOHU SAUVIGNON BLANC 750ML","NULL","Inventory","0.00"
"897","CARIBAYA WHITE RUM 1.75L","MARTIGNETTI ","Inventory","0.00"
"898","BELL'S BEST BROWN ALE 12 OZ","NULL","Inventory","0.00"
"899","YELLOW TAIL MERLOT 750ML","BRESCOME","Inventory","0.00"
"901","COLUMBIA CREST TWO VINES GIRLS","BRESCOME","Inventory","0.00"
"902","LEGENT 750ML","CDI","Inventory","3.00"
"903","BRANCOTT CHARDONNAY 750ML","UNKNOWN","Inventory","0.00"
"904","MONTE DEGLI ANGELI PINOT GRIGIO 750ML","TOUTON MONSIEUR TOUTON SELECTION LTD","Inventory","5.00"
"906","HEFEWEIZEN WHEAT SGL. BTL.","UNKNOWN","Inventory","0.00"
"908","VICTORY KIRSCH GOSE 12 OZ","NULL","Inventory","0.00"
"909","E&J CASK & CREAM 50ML","CDI MERCH-D","Inventory","0.00"
"912","GLEN ELLEN ZINFANDEL 1.5L","BRESCOME","Inventory","0.00"
"913","SINGLE CUT 16OZ","NULL","Inventory","0.00"
"914","WOODFORD RESERVE 750ML","EDER BROS","Inventory","7.00"
"915","ANTIGAL UNO CABERNET SAUVIGNON 750ML","BRESCOME","Inventory","-1.00"
"918","CITRA LAGER 6PKS","NULL","Inventory","0.00"
"919","BRECKENRIDGE 72 IMPERIAL CHOCOLATE CREAM STOUT 4 PK BOTTLE 12 OZ","NULL","Inventory","0.00"
"920","RON ZACAPA RUM 23 YEARS 750ML","BRESCOME","Inventory","-2.00"
"923","OPICI HOMEMADE BARBERONE RED 1.5LT","OPICI","Inventory","0.00"
"924","REBEL GIRL CITRA 4PK","UNKNOWN","Inventory","0.00"
"925","DEK.WILDRBERRY750ML","BRESCOME","Inventory","0.00"
"926","TROG IPA","NULL","Inventory","0.00"
"928","CARLSBERG 500ML","UNKNOWN","Inventory","0.00"
"931","OCEAN VODKA 64 OZ","NULL","Inventory","0.00"
"932","HEINK 0 SIX PK","NULL","Inventory","0.00"
"934","HAMPTON WATER ROSE 750ML","HARTLEY PARKER","Inventory","0.00"
"937","LORD HOBO 12PKS CANS","NULL","Inventory","0.00"
"938","PARROT BAY STRAWBERRY 1.75L","NULL","Inventory","0.00"
"940","CRUZAN PEACH RUM 750ML","NULL","Inventory","0.00"
"942","THE CLUB MUDSLIDE 750ML","EDER BROS","Inventory","0.00"
"949","BRONX 16OZ","NULL","Inventory","0.00"
"950","LANDY VSOP COGNAC 750ML","HARTLEY PARKER","Inventory","0.00"
"954","CIROC AMARETTO 50 ML","NULL","Inventory","0.00"
"955","ALTANUTA PINOT GRIGIO","NULL","Inventory","0.00"
"956","BV MERLOT NAPA 750ML","EDER BROS","Inventory","0.00"
"959","MCGUIGAN SHIRAZ 750ML","UNKNOWN","Inventory","0.00"
"960","CALDERA IPA 6PKS","UNKNOWN","Inventory","0.00"
"961","REDDS APPLE ALE 12PK 12 OZ","A. GALLO","Inventory","0.00"
"966","BRUGAL GOLD LABEL RUM 750ML","NULL","Inventory","0.00"
"969","STON VODKA 750ML","UNKNOWN","Inventory","0.00"
"973","DEKUYPER HOT DAMN 50ML","CDI","Inventory","0.00"
"975","JEREMIAH WEED SWEET TEA 200ML","None","Inventory","0.00"
"977","EAST COAST CIDERY","UNKNOWN","Inventory","0.00"
"982","GIOIA LIMONCELLO LEMON LIQUEUR 750ML","NULL","Inventory","0.00"
"983","DEPOSIT   30 CENTS","UNKNOWN","Inventory","0.00"
"984","ONE.9 MERLOT 750ML","UNKNOWN","Inventory","0.00"
"985","EVERFRESH GRAPEFRUIT 16 OZ","NULL","Inventory","0.00"
"986","JACKS AMBER LAGER","UNKNOWN","Inventory","0.00"
"988","GREG NORMAN CHARDONNAY","NULL","Inventory","0.00"
"990","VAPOLICELLA  ALLEGRINI 750ML","UNKNOWN","Inventory","0.00"
"991","MONTEFALCO ROSSO","NULL","Inventory","0.00"
"992","SOUTHERN TEER 12PKS","NULL","Inventory","0.00"
"993","AZUL PORTUGAL VINHO TINTO 1.5L","NULL","Inventory","0.00"
"995","STEEL RAIL PALE ALE 12PKS","NULL","Inventory","0.00"
"996","BBC","NULL","Inventory","0.00"
"997","CALEDONIA BARR HILL GIN 750ML","BRESCOME","Inventory","3.00"
"998","MILWAUKEES BEST 30","STAR","Inventory","0.00"
"999","UV WHITE CAKE PL","SLOCUM & SONS INC","Inventory","0.00"
"1000","CAYMUS CONUNDRUM RED WINE BLEND 750ML","EDER BROS","Inventory","14.00"
"1002","BUD LIGHT CAN 12 OZ 24PK SUITCASE","HDI","Inventory","2.00"
"1003","TERRA UNICA TEMPRANILLO 750ML","MONSIEUR T","Inventory","0.00"
"1004","JEREMIAH WEED SARSAPARILLA WHISKEY 750ML","NULL","Inventory","0.00"
"1006","BAILEYS IRISH CREAM 50 ML","MARTIGNETTI ","Inventory","57.00"
"1008","SAKI","NULL","Inventory","0.00"
"1009","TURNING LEAF SAUVIGNON BLANC 1.5 L","CDI MERCH-D","Inventory","0.00"
"1010","BIG WHOOP 4PK","UNKNOWN","Inventory","0.00"
"1011","BROOKLYN PUMPKIN ALE 12 OZ","NULL","Inventory","0.00"
"1012","RED BULL 8.4 OZ","NULL","Inventory","288.00"
"1013","MALIBU PEACH SPARKLER 750ML","NULL","Inventory","0.00"
"1014","RM 2000 RES-NAPA CAB.SAU 1.5L","HARTLEY PARKER","Inventory","0.00"
"1015","CHINTI CLASSICO","NULL","Inventory","0.00"
"1016","HARNAS VODKA 750ML","NULL","Inventory","0.00"
"1018","FALESCO VITIANO ROSSO UMBRIA","CDI","Inventory","1.00"
"1020","NEW AMSTERDAM PINK WHITNEY VODKA 750ML","CDI","Inventory","0.00"
"1021","JIM BEAM HONEY 750ML","BRESCOME","Inventory","2.00"
"1022","GRAN VINO","NULL","Inventory","0.00"
"1025","RAVO VODKA","NULL","Inventory","0.00"
"1028","BAC. MOJITO POMEGR. 6PK BTL.","DICHELLO","Inventory","0.00"
"1029","BLACK VELVET CANADIAN WHISKEY 80 PROOF 1.75L","EDER BROS","Inventory","-30.00"
"1030","SOUTHERN TIER PUMPKING WHISKEY","NULL","Inventory","0.00"
"1031","PETER VELLA MERLOT 5L","CDI","Inventory","0.00"
"1033","KALIMA PINA COLADA 6PK","DICHELLO","Inventory","0.00"
"1034","GEKKEIKAN BLACK & GOLD JUNMAI SAKE 750ML","BRESCOME","Inventory","4.00"
"1037","NEWPORT LIGHTS 100 BOX","MANCHESTER T","Inventory","1.00"
"1038","SOUTHERN TIER NITRO CREME BRULEE 12OZ","NULL","Inventory","0.00"
"1040","WILLAMETTE PINOT GRIS 750ML","NULL","Inventory","0.00"
"1043","POLAR TONIC WATER 1L","UNKNOWN","Inventory","17.00"
"1044","STOLICHNAYA BLUEBERRY VODKA 750ML","BRESCOME","Inventory","3.00"
"1046","VERMOUTH ROSSO","NULL","Inventory","0.00"
"1047","ROCA PATRON 375ML","NULL","Inventory","0.00"
"1051","MCCORMICKS IRISH CREAM 750ML","CDI","Inventory","0.00"
"1052","GRAHAMS SIX GRAPES PORTO 750ML","HP","Inventory","2.00"
"1055","MAGIC HAT  22OZ BTL.","G & G BEVERAGE DIST","Inventory","0.00"
"1056","SUTTER HOME CABERNET SAUVIGNON 4PK 187ML","CDI","Inventory","539.00"
"1058","CORAZON BLANCO TEQUILA 750ML","BRESCOME","Inventory","0.00"
"1063","VAN GOGH","NULL","Inventory","0.00"
"1064","CARLO ROSSI BURGUNDY 4L","CDI","Inventory","0.00"
"1068","FIDDLEHEAD SECOND FIDDLE DOUBLE IPA 4PK CANS","NORTHEAST","Inventory","2.00"
"1069","SINGLE CUT 16OZ","NULL","Inventory","0.00"
"1071","MCKENZIE'S BLACK CHERRY CIDER 12 OZ","NULL","Inventory","0.00"
"1073","TRIVENTO CHARDONNAY 750ML","NULL","Inventory","0.00"
"1076","GREAT FALL PEEL 16OZ 4PK","UNKNOWN","Inventory","0.00"
"1077","AMARULA CREAM LIQUEUR 1L","UNKNOWN","Inventory","0.00"
"1081","GALLO SHEFFIELD V.D. SHERRY","NULL","Inventory","0.00"
"1083","CORONITA EXTRA  6PK 7OZ BOTTLES","A. GALLO","Inventory","5.00"
"1084","BLOODY","NULL","Inventory","0.00"
"1085","SHARPE HILL ANGELICA ROSE 750ML","NULL","Inventory","0.00"
"1089","CRUZAN.PINEAPPLE 200","EDER BROS","Inventory","0.00"
"1091","PILSNER SGL. BTL.","STAR","Inventory","0.00"
"1092","ANGELINI PINOT GRIGIO 750ML","ANGELINI","Inventory","0.00"
"1096","ANDERSON VALLEY TROP SOUR","NULL","Inventory","0.00"
"1097","SKYGAZER 16OZ","UNKNOWN","Inventory","0.00"
"1104","SVEDKA VODKA 80 PROOF 1.75L","EDER BROS","Inventory","60.00"
"1105","WATERCOLORS","UNKNOWN","Inventory","0.00"
"1107","MARLBORO SPEC. BL. LT 100 BOX","MTC","Inventory","0.00"
"1110","EVERFRESH ORANGE 64OZ","NULL","Inventory","0.00"
"1112","UFO BIG SQUEEZE 6PKA","NULL","Inventory","0.00"
"1114","LIMBO IPA","NULL","Inventory","0.00"
"1115","CITRA SURAJ","NULL","Inventory","0.00"
"1116","DAILYS PINA COLADA MIX 1 L","CDI","Inventory","0.00"
"1118","GODIVA DARK CHOCOLATE LIQUEUR 750ML","CDI","Inventory","0.00"
"1120","THIMBLE ISLAND","NULL","Inventory","0.00"
"1122","SMIRNOFF VODKA 80 PROOF 1LT","EDER BROS","Inventory","19.00"
"1123","CARLSBERG 4PK CAN","NULL","Inventory","0.00"
"1124","CYT CABERNET SAUVIGNON DON MELCHOR 6 PACK","ALLAN S GOOD","Inventory","0.00"
"1125","CIROC RED BERRY VODKA 200ML","BRESCOME","Inventory","0.00"
"1127","BLACK AND MILD","NULL","Inventory","0.00"
"1128","RUMPLE MINZE 375ML","MARTIGNETTI ","Inventory","0.00"
"1129","CIROC PEACH 200ML","BRESCOME","Inventory","0.00"
"1133","CHAPELLE-ST-ARNOUX","NULL","Inventory","0.00"
"1135","HANGING HILL IPA6PK","NULL","Inventory","0.00"
"1136","DASHWOOD SAUVIGNON BLANC 750ML","BRESCOME","Inventory","0.00"
"1137","THE MACALLAN 12YR DOUBLE CASK 750ML","BRESCOME","Inventory","9.00"
"1140","MARTI RUM 50ML","NULL","Inventory","0.00"
"1143","DAILYS MARGARITA MIX 1 L","CDI","Inventory","0.00"
"1144","WEIHENSTEPHANER  HEFE 12OZ","NULL","Inventory","0.00"
"1145","PENFOLD CAB.SHIRAZ","NULL","Inventory","0.00"
"1146","E&J BRANDY VSOP 200ML","CDI","Inventory","3.00"
"1147","SWEET WATER HAZY IPA 12OZ 6PK","NULL","Inventory","0.00"
"1150","BUDWEISER CAN 18PK 12 OZ","HDI","Inventory","8.00"
"1152","OMMEGANG HENNEPIN 12OZ","NULL","Inventory","0.00"
"1156","STAG'S LEAP FAY CABERNET SAUVIGNON 6 PACK","NULL","Inventory","0.00"
"1157","NOCELLO WALNUT  750ML","UNKNOWN","Inventory","0.00"
"1159","HAHN CHARDONNAY","OPICI","Inventory","0.00"
"1162","CVB HOP WAMMY","NULL","Inventory","0.00"
"1164","UV BLUE 50 ML","SLOCUM & SONS INC","Inventory","0.00"
"1166","RELIC DOBBLE IPA","NULL","Inventory","0.00"
"1169","VAN GOGH PB&J 750ML","NULL","Inventory","0.00"
"1170","JOHN BARR 1.75","CDI MERCH-D","Inventory","0.00"
"1172","AMARONE CLASSICO 2008","NULL","Inventory","0.00"
"1178","WOODBRIDGE  ZINFANDEL 1.5 L","HARTLEY PARKER","Inventory","0.00"
"1179","WAR FLAG STOUT 6PKS","NULL","Inventory","0.00"
"1181","MALIBU BANANA RUM 50ML","CDI","Inventory","0.00"
"1182","JAMESON COLD BREW COFFEE WHISKEY 750ML","HP","Inventory","1.00"
"1183","REAL SANGRIA 750ML","HARTLEY PARKER","Inventory","0.00"
"1185","LURTON BONNET WHITE 16","TOUTON MONSIEUR TOUTON SELECTION LTD","Inventory","0.00"
"1187","STONY CREEK 860 IPA","NULL","Inventory","0.00"
"1188","MILWAUKEES BEST 12 CANS","STAR","Inventory","0.00"
"1190","MR BOSTON BLACKBERRY  BRANDY 750ML","BRESCOME","Inventory","0.00"
"1191","FERRARI CARANO FUME BLANC 750ML","SLOCUM & SONS INC","Inventory","0.00"
"1192","BAXTER TARNATION","NULL","Inventory","0.00"
"1193","ARROW SUPER PPRMNT SCHNAPPS PL","BRESCOME","Inventory","0.00"
"1194","NEWBURGH IPA","UNKNOWN","Inventory","0.00"
"1196","THIMBLE ISLAND","NULL","Inventory","0.00"
"1197","WINSTON GOLD BOX","MANCHESTER T","Inventory","1.00"
"1202","SCHILLING GREAP FRUIT CIDER","NULL","Inventory","0.00"
"1205","MARGARITAVILLE PASSION 50ML","DICHELLO","Inventory","0.00"
"1206","OROGENY PINOT NOIR","NULL","Inventory","0.00"
"1207","REDEMPTION RYE BOURBON 750ML","BRESCOME","Inventory","-4.00"
"1208","B SIDE PINOT NOIR 750ML","UNKNOWN","Inventory","0.00"
"1210","AUSTIN 12PK","NULL","Inventory","0.00"
"1211","ICED TEA 24 OZ","NULL","Inventory","0.00"
"1212","BRUGAL ANEJO RUM 1.75L","HARTLEY PARKER","Inventory","0.00"
"1213","WESTERN SON RUBY RED GRAPEFRUI","NULL","Inventory","0.00"
"1216","SAFE HARBOR 6PKS","NULL","Inventory","0.00"
"1220","STONE PALE ALE 6PK 12 OZ","NULL","Inventory","0.00"
"1222","BOOTLEG SAU.BLANC 750ML","NULL","Inventory","0.00"
"1223","BLADE AND BOW SINGLE BARREL 750ML","BRESCOME","Inventory","0.00"
"1224","RIVERA RUPICOLO 750ML","UNKNOWN","Inventory","0.00"
"1226","JOCKEY BOX HERO IPA","NULL","Inventory","0.00"
"1227","SALZER 12OZ","NULL","Inventory","0.00"
"1229","DOMAINE CARNEROS BRUT","BRESCOME","Inventory","0.00"
"1230","OZ SHIRAZ 1.5L","BRESCOME","Inventory","0.00"
"1235","DEKUPER PUCKER BERRY FUSION 750ML","NULL","Inventory","0.00"
"1238","MONSIEUR T SAU.BORD. 1.5L","UNKNOWN","Inventory","0.00"
"1239","VICTORY","NULL","Inventory","0.00"
"1242","DISARONNO LIQUEUR 1.75L","HARTLEY PARKER","Inventory","0.00"
"1243","JOSE CUERVO TRADICIONAL REPOSADO 75O","NULL","Inventory","0.00"
"1245","TRES GENERACIONES REPOSADO 750ML","CDI","Inventory","0.00"
"1246","JACK'S ABBY 6PKS","NULL","Inventory","0.00"
"1253","SEXY KUTHI","UNKNOWN","Inventory","0.00"
"1255","CONSOLATION PRIZE","NULL","Inventory","0.00"
"1256","BURNETTS CRANBERRY","HARTLEY PARKER","Inventory","0.00"
"1257","QREAM PEACH CREME 375ML","CDI","Inventory","0.00"
"1259","SWEETWATER HOP HASH EASY 15PK 12 OZ","NULL","Inventory","0.00"
"1260","LOWENBRAU 6PK BTL","STAR","Inventory","0.00"
"1266","HIGH NOON PINEAPPLE VODKA & SODA SINGLE CAN 700ML","CDI","Inventory","4.00"
"1267","RED BULL SUGAR FREE 8.3OZ","NORTHEAST","Inventory","0.00"
"1268","LEIN G SHANDY 4/6/12NR","NULL","Inventory","0.00"
"1269","BBC","NULL","Inventory","0.00"
"1270","DON JULIO ANEJO 750ML","BRESCOME","Inventory","0.00"
"1272","BASS 22OZ BOTTLE","G & G BEVERAGE DIST","Inventory","0.00"
"1273","CANEI WHITE 3L","HARTLEY PARKER","Inventory","0.00"
"1278","SKYY VODKA 750ML","HARTLEY PARKER","Inventory","0.00"
"1279","CASAMIGOS BLANCO TEQUILA 750ML","BRESCOME","Inventory","2.00"
"1280","TERRA OAK CASK CAB-SAV 750ML","ACE DISTRIBUTING","Inventory","0.00"
"1282","SMIRNOFF BLUEBERRY VODKA 1L","EDER BROS","Inventory","3.00"
"1283","SEXTON IRISH WHISKY 750ML","NULL","Inventory","0.00"
"1285","STONY CREEK WASH YOU HAND","UNKNOWN","Inventory","0.00"
"1287","E SOLO PINOT GRIGIO","NULL","Inventory","0.00"
"1290","LOUIS LATOUR MACON-VILLAGES CHAMEROY","MONSIEUR T","Inventory","0.00"
"1291","POWERADE FRUIT PUNCH","UNKNOWN","Inventory","0.00"
"1292","STEADY HABIT 4PKS","NULL","Inventory","0.00"
"1294","JEWEL PINTO NOIR 750ML","CDI","Inventory","0.00"
"1298","RAVENSWOOD ZINFANDEL 1.5L","NULL","Inventory","0.00"
"1300","MARTINI & ROSSI EXTRA DRY VERMOUTH 375ML","BRESCOME","Inventory","8.00"
"1301","THIMBLE ISLAND 6PKS","NULL","Inventory","0.00"
"1304","GRAFT CIDER","NULL","Inventory","0.00"
"1305","SOUTHERN COMFORT ORIGINAL 70 PROOF 750ML","EDER BROS","Inventory","0.00"
"1306","ITHICA","UNKNOWN","Inventory","0.00"
"1307","DUVEL TRIPLE HOP 12OZ","NULL","Inventory","0.00"
"1308","THIMBLE ISLAND SOUR","UNKNOWN","Inventory","0.00"
"1309","STEADY HABIT 16OZ","NULL","Inventory","0.00"
"1310","AUSTIN DRY","NULL","Inventory","0.00"
"1311","VAN GOGH CHOCOLATE 750ML","EDER BROS","Inventory","0.00"
"1313","DEEP EDDY PEACH VODKA 1.75L","NULL","Inventory","0.00"
"1314","MAXALLAN TERRA","UNKNOWN","Inventory","0.00"
"1316","SUMMER ALE 6PKS","NULL","Inventory","0.00"
"1317","RHUM CLEMENT VSOP 750ML","EDER BROS","Inventory","0.00"
"1318","TWO OCEANS CABERNETMERLOT 1.5L","CDI","Inventory","0.00"
"1319","TANQUERAY RANGPUR LIME GIN","BRESCOME","Inventory","3.00"
"1320","PUCKER CITRUS 750ML","BRESCOME","Inventory","0.00"
"1321","MIDNIGHT MOON APPLE PIE 750ML","NULL","Inventory","0.00"
"1324","GRAFFIGNA MALBEC 750ML","HARTLEY PARKER","Inventory","0.00"
"1325","NAKED GRAPE CHARDONNAY 3 L","NULL","Inventory","0.00"
"1326","SHOCKTOP 4PKS","NULL","Inventory","0.00"
"1327","LITCHFIELD MAPLE BOURBON 50ML","SLOCUM & SONS INC","Inventory","0.00"
"1329","BBC EASY LIKE","NULL","Inventory","0.00"
"1330","ST CHOCO/ CREAM/ MINT/ ORANGE 12","NULL","Inventory","0.00"
"1331","ART OF EARTH MONTELPULCIANO ABRUZZO 750ML","BRESCOME","Inventory","0.00"
"1332","BADGER MOUNTAIN CHARDONNAY ORGANIC 'NSA' 15/16","NULL","Inventory","0.00"
"1333","JOSE CUERVO TROPINA 750ML","ALLAN S GOOD","Inventory","0.00"
"1334","HIRAM WALKER CREME DE MENTHE GREEN 750ML","EDER BROS","Inventory","1.00"
"1335","AMARONE","NULL","Inventory","0.00"
"1337","VARIETY  CAN 2/12 12Z","NULL","Inventory","0.00"
"1341","SHARPE HILL BALLET OF ANGELS","SHARPE HILL","Inventory","0.00"
"1342","FINLANDIA VODKA 1.75L","EDER BROS","Inventory","0.00"
"1346","DRAY REMOTH","NULL","Inventory","0.00"
"1348","BALLENTINE'S SCOTCH 1.75L","CDI","Inventory","0.00"
"1349","MONARCH BOX","MTC","Inventory","0.00"
"1351","OMMEGANG DOUBLE BARRELE","UNKNOWN","Inventory","0.00"
"1354","BROOKLYN SUMMER ALE 12 OZ CAN","NULL","Inventory","0.00"
"1355","SELECT VODKA 750ML","ACE DISTRIBUTING","Inventory","0.00"
"1356","DON Q 750ML","NULL","Inventory","0.00"
"1359","STONY CREEK SOUR","NULL","Inventory","0.00"
"1361","MORANDE RESERVA SAUVIGNON BLANC","UNKNOWN","Inventory","0.00"
"1362","LITCHFIELD BATCHERITA 4PK CANS","SLOCUM & SONS INC","Inventory","-18.00"
"1364","PRIVVATE STOCK 16OZ SGL. CAN","G & G BEVERAGE DIST","Inventory","0.00"
"1365","COLLECTIVE ARE RASS","NULL","Inventory","0.00"
"1367","FRE SUTTER H. SPUMANTE 750ML","CDI","Inventory","0.00"
"1369","KENT FALLS DANNY BOY 4PK","NULL","Inventory","0.00"
"1373","VILLA D.C.CARMING 750ML","UNKNOWN","Inventory","0.00"
"1375","DOM B&B LIQUEUR 375ML","CDI","Inventory","0.00"
"1377","HOOKER 16OZ","NULL","Inventory","0.00"
"1379","LIVINGSTON CHABLIS BLANC 1.5L","CDI MERCH-D","Inventory","0.00"
"1381","HOUND DOG SWEET TEA VODKA 50ML","CDI","Inventory","0.00"
"1385","ROTH VODKA 750ML","BRESCOME","Inventory","0.00"
"1386","SINGLE BEER","NULL","Inventory","0.00"
"1390","WOODFORD RESERVE 50 ML","EDER BROS","Inventory","-27.00"
"1394","CALICO JACK PINEAPPLE 750ML","None","Inventory","0.00"
"1395","E & J BRANDY VSOP 100ML","CDI MERCH-D","Inventory","0.00"
"1396","FINLANDIA TANGERINE FUSION","NULL","Inventory","0.00"
"1399","LES LEGENDES BORDEAUX RED","BRESCOME","Inventory","0.00"
"1400","COLLECTIVE ART 10","NULL","Inventory","0.00"
"1402","PICKET FENCE RR CHARDONNAY","NULL","Inventory","0.00"
"1403","BAILEYS ALMANDE ALMOND MILK LIQUEUR 750ML","MARTIGNETTI ","Inventory","0.00"
"1405","KONA LONGBOARD ISLAND LAGER 6PK 12 OZ","NULL","Inventory","0.00"
"1406","DEEP EDDY LEMON VODKA 1.75L","UNKNOWN","Inventory","0.00"
"1407","DEPOSIT   20 CENTS","UNKNOWN","Inventory","0.00"
"1408","TAYLOR COOKING SHERRY","BRESCOME","Inventory","-1.00"
"1409","INFANTADO 10YRS","NULL","Inventory","0.00"
"1410","BAJA ROSA TEQ. STRAW. 750ML","BRESCOME","Inventory","0.00"
"1412","MILLER HIGH LIFE 6PK 12OZ BOTTLE","A. GALLO","Inventory","4.00"
"1413","HIGH WEST HIGH COUNTRY 750ML","UNKNOWN","Inventory","0.00"
"1414","CAMELOT CABERNET SAUVIGNON 750ML","OPICI","Inventory","10.00"
"1417","IS THIS THE REAL LIFE SINGLE","UNKNOWN","Inventory","0.00"
"1418","MEUKOW VANILLA 750ML","HARTLEY PARKER","Inventory","0.00"
"1419","CONSOLATION PRIZE","UNKNOWN","Inventory","0.00"
"1420","AUSTIN EASTCIDERS         PINEAPPLE CIDER","NULL","Inventory","0.00"
"1421","OPICI SANGRIA 3L","OPICI","Inventory","0.00"
"1423","BITE HARD DRY APPLE 160Z","NULL","Inventory","0.00"
"1425","GAME GREEN SWEETS","NULL","Inventory","0.00"
"1426","EVAN WILLIAMS BLACK 50 ML","MARTIGNETTI ","Inventory","45.00"
"1427","BV CABERNET NAPA 750ML","EDER BROS","Inventory","0.00"
"1428","DELICATO WHITE ZINF. 1.5L","UNKNOWN","Inventory","0.00"
"1429","BACARDI SPICED RUM 750ML","BRESCOME","Inventory","3.00"
"1431","SMIRNOFF RED,WHITE & BERRY 50ML","EDER BROS","Inventory","52.00"
"1433","CHOCOVINE RASBERRY CHOCOLATE WINE 750ML","ACE DISTRIBUTING","Inventory","0.00"
"1434","MERIDIAN  MERLOT 1.5L","EDER BROS","Inventory","0.00"
"1436","REAL SANGRIA RED 1.5 L","HARTLEY PARKER","Inventory","0.00"
"1438","OSKAR BLUE PINNER","NULL","Inventory","0.00"
"1439","HIGH NOON VARIETY PACK SUN SIPS (HARD SELTZER) 8PK CAN","CDI","Inventory","8.00"
"1441","ANTHONY'S HILL FETZER  CABERNET SAUVIGNON1.5 L","BRESCOME","Inventory","0.00"
"1442","DEK PUCKER SOUR APPLE 1.75L","BRESCOME","Inventory","0.00"
"1444","CAMEL FILTERS BOX","MANCHESTER T","Inventory","13.00"
"1445","LEROUX POLISH BLACKBERRY  BRANDY 200ML","CDI","Inventory","12.00"
"1446","ROSEMOUNT CHARS.SEMILLON 750ML","CDI","Inventory","0.00"
"1447","GLEN ELLEN RES CAB SAUV","BRESCOME","Inventory","0.00"
"1448","WESTERN SON VODKA","NULL","Inventory","0.00"
"1452","MURDER LANE","UNKNOWN","Inventory","0.00"
"1453","COLUMBIA CREST GOLD 750ML","NULL","Inventory","0.00"
"1456","ORIGINAL 750ML","UNKNOWN","Inventory","0.00"
"1457","DUVEL SINGLE FERMENTED 16OZCAN","NULL","Inventory","0.00"
"1459","RAIN SAUVIGONON BLANC","NULL","Inventory","0.00"
"1462","BRECA GARNACHA BODEGAS 750ML","SLOCUM & SONS INC","Inventory","0.00"
"1464","SONOMA CUTRER PINOT NOIR","EDER BROS","Inventory","0.00"
"1465","DONA PAULA MALBEC 750ML","NULL","Inventory","0.00"
"1466","PEELS BLUEBERRY POMEGRANATE 4P","HDI","Inventory","0.00"
"1468","GRAND OLD PARR 12 YEAR 750ML","BRESCOME","Inventory","0.00"
"1471","L DE LYETH CABERNET SAUVIGNON 750ML","UNKNOWN","Inventory","0.00"
"1472","EVERFRESH APPLE 16 OZ","NULL","Inventory","0.00"
"1473","EARLY TIMES 1.75L","NULL","Inventory","0.00"
"1475","RED DOG 6PK CAN","STAR","Inventory","0.00"
"1476","SCHILLING CIDER","NULL","Inventory","0.00"
"1477","FINLANDIA GRAPEFRUIT VODKA 750ML","EDER BROS","Inventory","0.00"
"1478","RED'S VARIETY 12PK CANS","NULL","Inventory","0.00"
"1479","MICHAEL POZZAN PINOT NOIR","NULL","Inventory","0.00"
"1480","TAYLOR.TAWNY PORT","UNKNOWN","Inventory","0.00"
"1483","ROTARI BRUT 750ML","UNKNOWN","Inventory","0.00"
"1488","BLACK BOSS PORTER 6PK BTL.","ARKO LLC","Inventory","0.00"
"1490","JOSE CUERVO MINI MARGARITA 4PK","NULL","Inventory","0.00"
"1491","DEEP EDDY RUBY RED 50ML","EDER BROS","Inventory","23.00"
"1492","JAC TRIPLE SEC 375ML","UNKNOWN","Inventory","0.00"
"1494","JACK DANIELS OLD NO7 TENNESSE WHISKEY 750ML","EDER BROS","Inventory","6.00"
"1495","PEARL PLUM PL","NULL","Inventory","0.00"
"1497","JUAN GIL JUMILLA MONASTRELL 750ML","SLOCUM & SONS INC","Inventory","0.00"
"1498","COLLECTIVE ART SOUR","NULL","Inventory","0.00"
"1499","COMPADRE GOLD TEQUILA 1L","UNKNOWN","Inventory","0.00"
"1500","CANTEEN 4PK","UNKNOWN","Inventory","0.00"
"1502","DEKUYPER BUTTERSHOTS 200ML","BRESCOME","Inventory","1.00"
"1506","BAILEYS STRAWBERRY 750ML","MARTIGNETTI ","Inventory","2.00"
"1509","PLATFORM PEACH CRUSHER","NULL","Inventory","0.00"
"1510","STAG'S LEAP CABERNET SAUVIGNON ARTEMIS NAPA","BRESCOME","Inventory","0.00"
"1511","MAISON ROUGE VS 750ML","NULL","Inventory","0.00"
"1516","RELIC DOBBLE IPA","NULL","Inventory","0.00"
"1517","OUR DAILY RED 1.5 L BOX","NULL","Inventory","0.00"
"1518","FINCH'S HARDCORE CHIMERA 4PK","NULL","Inventory","0.00"
"1519","GREEN FLASH IPA","NULL","Inventory","0.00"
"1520","SPICEBOX CANADIAN SPICED WHISKY 750ML","NULL","Inventory","0.00"
"1521","SOBIESKI VODKA 200ML","OPICI","Inventory","3.00"
"1522","MOUTON CADET 1.5L","NULL","Inventory","0.00"
"1523","BERINGER FOUNDERS CAB 1.5 L","EDER BROS","Inventory","0.00"
"1525","JOSE CUERVO READY TO DRINK MARGARITA LIME 4PK","NULL","Inventory","0.00"
"1530","REDW CREEK CABERNET SAUVIGNON 1.5 L","CDI MERCH-D","Inventory","0.00"
"1532","RAVENSWOOD ZEN  ZINFANDEL 08","NULL","Inventory","0.00"
"1533","STARBUCKS COFFEE LIQUER 50ML","CDI","Inventory","0.00"
"1534","ROSES SWEETENED LIME JUICE 25 OZ","EDER BROS","Inventory","2.00"
"1536","FOLIE A DEUX CHARDONNAY 750ML","CDI","Inventory","0.00"
"1537","UNDER THE WANAKA TREE 4PK","UNKNOWN","Inventory","0.00"
"1539","T.G.I.F BERRY MOJITO 200ML","NULL","Inventory","0.00"
"1540","JOSE CUERVO STRAW MIX 1.75L","EDER BROS","Inventory","0.00"
"1542","MASTERSON 10YR RYE","NULL","Inventory","0.00"
"1543","BROOKLYN PENNANT ALE '55 12 OZ","G & G BEVERAGE DIST","Inventory","0.00"
"1544","FINLANDIA CRANBERRY 750ML","ALLAN S GOOD","Inventory","0.00"
"1545","CIROC SUMMER COLADA 750ML","NULL","Inventory","0.00"
"1546","HERRICANE 24OZ","DICHELLO","Inventory","0.00"
"1547","SANITAS AMERICAN IPA","NULL","Inventory","0.00"
"1552","OLD ZIN","NULL","Inventory","0.00"
"1553","PUSSER'S RUM 750ML","UNKNOWN","Inventory","0.00"
"1558","SIX POINT VARIATY","NULL","Inventory","0.00"
"1559","RELIC BLACK DAWN 6PKS","NULL","Inventory","0.00"
"1561","SCHWEPPES GINGER ALE 24OZ","UNKNOWN","Inventory","0.00"
"1564","STOWE CIDER SAFETY MEETING 4PK CANS","HDI","Inventory","6.00"
"1565","LUNGAROTTI  PIN.GRI.750ML","UNKNOWN","Inventory","0.00"
"1566","LAWSON'S SIP OF SUNSHINE IPA 16OZ 4PK CANS","HDI","Inventory","4.00"
"1567","VINITERRA RESERVA CAB-SA 750ML","ACE DISTRIBUTING","Inventory","0.00"
"1571","PARROT BAY RUM 200ML","HARTLEY PARKER","Inventory","0.00"
"1575","BEER SINGLE","NULL","Inventory","0.00"
"1576","ST.IDES MIX FRUIT 22OZ BTL","STAR","Inventory","0.00"
"1577","EL JIMADOR REPOSADO 750ML","EDER BROS","Inventory","0.00"
"1579","GIRARD PETITE SYRAH 13/14","NULL","Inventory","0.00"
"1581","ARBOR MIST WHITE ZINFANDEL 1.5 L","BRESCOME","Inventory","0.00"
"1582","KAHLUA RUM & COFFEE LIQUEUR 750ML","EDER BROS","Inventory","7.00"
"1585","CHESTERFIELD","UNKNOWN","Inventory","0.00"
"1588","RED GUITAR 1.5 L","NULL","Inventory","0.00"
"1590","SHEFFIELD MARSALA 750ML","NULL","Inventory","0.00"
"1592","JOSH CABERNET SAUVIGNON 750ML","BRESCOME","Inventory","21.00"
"1593","ESTATE CELLARS CAB.SAU. 750ML","BRESCOME","Inventory","0.00"
"1594","JACQUINSBL.B.1.75L","UNKNOWN","Inventory","0.00"
"1598","ROS'AURA FEUDI DI SAN GREGORIO","NULL","Inventory","0.00"
"1599","SPIRITS TAX 27 LTR","NULL","Inventory","0.00"
"1601","NEBCO FUZZY BABY DUCKS IPA 6PK CANS","A. GALLO","Inventory","8.00"
"1603","HACIENDA MERLOT 750ML","BRESCOME","Inventory","0.00"
"1610","DON PEDRO BRANDY 750ML","CDI","Inventory","0.00"
"1615","CUTTY SARK 750ML","UNKNOWN","Inventory","0.00"
"1617","BBC","NULL","Inventory","0.00"
"1619","STEW B.CHERRY 12OZ","UNKNOWN","Inventory","0.00"
"1620","CROWN ROYAL APPLE 1.75L","NULL","Inventory","0.00"
"1621","BUCHANAN'S SCOTCH 18 YRS 750ML","BRESCOME","Inventory","0.00"
"1623","MOLLY DOOKER SHIRAZ BLU EYE BOY 6PK","UNKNOWN","Inventory","0.00"
"1625","JOSE CUERVO CLASSIC MARGARITA 1.75L","EDER BROS","Inventory","6.00"
"1626","NC OLD RASPUTIN 12 OZ","NULL","Inventory","0.00"
"1632","KEYSTONE LIGHT 12PK CANS","G & G BEVERAGE DIST","Inventory","0.00"
"1633","ESTANCIA MER.CAB.SA.M.750","BRESCOME","Inventory","0.00"
"1636","ST.PAULI BTL 12OZ","ROGO","Inventory","0.00"
"1637","JAM CAB SAUV","UNKNOWN","Inventory","0.00"
"1641","ODFJELL ARMADOR CABERNET","NULL","Inventory","0.00"
"1645","LANDY COGNAC 750ML","HARTLEY PARKER","Inventory","0.00"
"1646","RUTHERFORD HILL CAB","BRESCOME","Inventory","0.00"
"1648","AUSTIN EAST ORIGINAL DRY 4/6/12CN","NULL","Inventory","0.00"
"1649","COMPLICATED PINOT NOIR SONOMA","NULL","Inventory","0.00"
"1650","FAR & NICKEL CAB.SAUV","NULL","Inventory","0.00"
"1651","MILLER LITE 24PC CANS SUITCASE 12OZ","A. GALLO","Inventory","4.00"
"1652","YELLOW TAIL RIESLING 1.5 L","BRESCOME","Inventory","2.00"
"1653","CAPT MORGAN TATOO 200ML","HARTLEY PARKER","Inventory","0.00"
"1654","BERINGER MAIN & VINE WHITE ZINFANDEL 750ML","EDER BROS","Inventory","0.00"
"1659","GORDON'S GIN 200ML","BRESCOME","Inventory","0.00"
"1661","GEORGI RASPBERRY 750ML","HARTLEY PARKER","Inventory","0.00"
"1662","LLORD'S BUTTERSCOTCH","HARTLEY PARKER","Inventory","0.00"
"1665","HOOKER TO THE MOON 4PK","NULL","Inventory","0.00"
"1671","RIONDO PINK SPAGO ARGENTO 750ML","NULL","Inventory","0.00"
"1672","FOUR VINES NAKED CHARD","NULL","Inventory","0.00"
"1674","CT VALLEY IPA","NULL","Inventory","0.00"
"1675","FOREIGN OBJECT","NULL","Inventory","0.00"
"1679","CIROC PEACH 50 ML","BRESCOME","Inventory","0.00"
"1681","INFANTADO LBV","NULL","Inventory","0.00"
"1683","RUFFLED FEATHERS SINGLE CAN","UNKNOWN","Inventory","0.00"
"1687","BELL'S LAGER","NULL","Inventory","0.00"
"1690","PARDUCCI CABERNET SAUVIGNON 15","WORLD WIDE","Inventory","0.00"
"1691","OHARAS IRISH STOUT 6PK BTL.","NORTHEAST","Inventory","0.00"
"1692","FULL SAIL CLASSIC IPA 12 OZ","NULL","Inventory","0.00"
"1693","CHEATAU ROLLAN DE BY","NULL","Inventory","0.00"
"1694","WHISTLEPIG  BOSS HOG VIII MAG PAC 750ML","UNKNOWN","Inventory","0.00"
"1695","TIKI RITA BERRY MARGARITA","UNKNOWN","Inventory","0.00"
"1697","FOXHORN PINOT GRIGIO CHARDONNAY BLEND 1.5L","NULL","Inventory","0.00"
"1698","ARDBEG  ISLAY SINGLE MALT WHISKEY 10YRS 750ML","BRESCOME","Inventory","3.00"
"1699","PARROT BAY FRZN CLADA 10 OZ","STAR","Inventory","0.00"
"1700","LIGHTER","NULL","Inventory","0.00"
"1701","BOTA MINI CHARDONNAY 500ML","MARTIGNETTI ","Inventory","15.00"
"1705","JACK'S ABBY 15PKS","NULL","Inventory","0.00"
"1706","SUNTORY YAMAZAKI SINGLE MALT 12YR WHISKY 750ML","BRESCOME","Inventory","3.00"
"1709","GRACELAND ELVIS GIFT 750ML","NULL","Inventory","0.00"
"1711","GLITTER PARTY 4PK","UNKNOWN","Inventory","0.00"
"1715","THIMBLE ISLAND AMERICAN ALE 6PK BEER","NORTHEAST","Inventory","0.00"
"1718","PERNOD LIQUEUR 750ML","BRESCOME","Inventory","1.00"
"1719","SEAGRAMS 7 AMERICAN BLENDED WHISKEY 750ML","BRESCOME","Inventory","1.00"
"1721","JW HONEY CRAFT 12PK BTL.","ROGO","Inventory","0.00"
"1722","PIONEER IPA","NULL","Inventory","0.00"
"1725","MOUTON CAD.WHI.BORD.1.5L","BRESCOME","Inventory","0.00"
"1730","ERISTOFF BLACK VODKA 750ML","BRESCOME","Inventory","0.00"
"1732","SOUVERAIN CHARDONNAY 750ML","UNKNOWN","Inventory","0.00"
"1735","FOREST GLEN WHT/MERLOT","NULL","Inventory","0.00"
"1739","ARBOR MIST BLACKBERRY MERLOT 1.5L","BRESCOME","Inventory","0.00"
"1743","DALWHINNIE SINGLE MALT SCOTCH WHISKEY 15YR  750ML","BRESCOME","Inventory","2.00"
"1744","DON Q SILVER 1.75L","HARTLEY PARKER","Inventory","0.00"
"1745","LEROUX PEPPERMINT SCHNAPPS 100 PROOF 50ML","CDI","Inventory","962.00"
"1748","ULTIMAT VODKA 375ML","NULL","Inventory","0.00"
"1749","RUFFINO CHIANTI  DOCG 750ML","BRESCOME","Inventory","0.00"
"1752","SOUR SQUEEZE","UNKNOWN","Inventory","0.00"
"1754","REDS 12PKCAN","NULL","Inventory","0.00"
"1756","DEEP EDDY VODKA SODA GRAPEFRUIT 4PK","UNKNOWN","Inventory","0.00"
"1758","WIDE EYE MANGO CHILL 750ML","ALLAN S GOOD","Inventory","0.00"
"1759","STONY CREEK LAGER","NULL","Inventory","0.00"
"1760","HIGH NOTE MALBEC 750ML","HARTLEY PARKER","Inventory","0.00"
"1761","TILIA CHARD","NULL","Inventory","0.00"
"1762","COLLECTIVE ARTS FEST","NULL","Inventory","0.00"
"1763","PRESIDENTE 12PK 12 OZ","STAR","Inventory","0.00"
"1764","PBR NA BEER","NULL","Inventory","0.00"
"1765","BLACK HAUS 750ML","HARTLEY PARKER","Inventory","1.00"
"1766","CANEI LAMBRUSCO 1.5L","HARTLEY PARKER","Inventory","0.00"
"1767","SAM BLACK LG 12OZ SGL. CAN","FRANKLIN","Inventory","0.00"
"1769","CLUB GIN MARTINI","NULL","Inventory","0.00"
"1771","J & B RARE 750ML","HARTLEY PARKER","Inventory","0.00"
"1772","CUPPPP","NULL","Inventory","0.00"
"1774","CLUB LONG ISLAND ICED TEA-CAN","UNKNOWN","Inventory","0.00"
"1777","BROOKLYN BROWN ALE 6PK","NULL","Inventory","0.00"
"1778","CONO SUR SAUVIGNON BLANC 1.5L","NULL","Inventory","0.00"
"1783","RELIC 6PKS","NULL","Inventory","0.00"
"1784","POPOV CHERRY VODKA 80 750ML","BRESCOME","Inventory","0.00"
"1786","FRANZIA REFRESHING WHITE 5L","EDER BROS","Inventory","0.00"
"1788","NOAHS MILL SMALL BATCH BOURBON 750ML","OPICI","Inventory","1.00"
"1791","INGLENOOK CHABLIS 1.5L","BRESCOME","Inventory","0.00"
"1792","GEYSER PEAK CABERNET SAUVIGNON 13/14","UNKNOWN","Inventory","0.00"
"1794","POLAR CLUB SODA 1L BOTTLE","NULL","Inventory","16.00"
"1795","HEERING CHERRY 750ML","BRESCOME","Inventory","0.00"
"1798","NEW AMSTERDAM VODKA 1.75L","CDI","Inventory","9.00"
"1803","QUAIL CREEK CAB-SAU. 750ML","UNKNOWN","Inventory","0.00"
"1804","CHETAU DE BRIDANE","NULL","Inventory","0.00"
"1805","SIX POINT BREWRY ANTI-RESIN 6PK","UNKNOWN","Inventory","0.00"
"1807","BROOKLYN BLAST 4PKS","NULL","Inventory","0.00"
"1809","REDW CREEK CHARDONNAY 1.5 L","CDI MERCH-D","Inventory","0.00"
"1812","KING WILLIAM IV 1L","HARTLEY PARKER","Inventory","0.00"
"1813","EVERGLO LIQUEUR 750ML","HP","Inventory","0.00"
"1817","ARBOR MIST PEACH CHARDONNAY 750ML","BRESCOME","Inventory","0.00"
"1818","COLE CAB.SAUV","UNKNOWN","Inventory","0.00"
"1819","CIROC RED BERRY VODKA 375ML","BRESCOME","Inventory","0.00"
"1820","AMPAKAMA MALBEC 750ML","DICHELLO","Inventory","0.00"
"1821","CYT CASILLERO MALBEC 750ML","NULL","Inventory","0.00"
"1822","19 CRIMES MARTHA'S CHARDONNAY 750ML","EDER BROS","Inventory","0.00"
"1823","FLIP FLOP PINOT GRIGIO","EDER BROS","Inventory","0.00"
"1825","BROOKLYN SUMMER ALE 12PK CANS","A. GALLO","Inventory","0.00"
"1826","EL JIMADOR ANEJO 750ML","EDER BROS","Inventory","0.00"
"1827","KETEL ONE VODKA 375ML","BRESCOME","Inventory","28.00"
"1828","MERIT ULTRA LT. 100 BOX","MTC","Inventory","0.00"
"1829","THIMBLE ISLAND","NULL","Inventory","0.00"
"1830","HARTFORD ZIN","NULL","Inventory","0.00"
"1831","ARBOR MIST TROPICAL CHARDONNAY 750","BRESCOME","Inventory","0.00"
"1832","LA BASTARDA 750ML","UNKNOWN","Inventory","0.00"
"1834","MAGNERS IRISH CIDER","NULL","Inventory","0.00"
"1835","PARROT BAY ORANGE 750 ML RUM","NULL","Inventory","0.00"
"1836","PIEHOLE APPLE PIE WHISKEY","NULL","Inventory","0.00"
"1838","BOULEVARD BB QUAD 4PK","NULL","Inventory","0.00"
"1839","NORBROOK DENNIS HILL ESTATE SAISON","NULL","Inventory","0.00"
"1841","SMUTTYNOSE 12OZ","NULL","Inventory","0.00"
"1843","AZUL PORTUGAL WHITE 750ML","UNKNOWN","Inventory","0.00"
"1846","TIKI RITA STRAW. MARGARITA 4PK","UNKNOWN","Inventory","0.00"
"1849","AQUINAS NAPA VALLEY CABERNET","NULL","Inventory","0.00"
"1850","BAROSSA VALLEY ESTATE SHIRAZ 750 ML","NULL","Inventory","0.00"
"1852","YELLOW TAIL CABERNET SAUVIGNON 750 ML","BRESCOME","Inventory","5.00"
"1853","GAVI DRY WINE 750ML","BRESCOME","Inventory","0.00"
"1854","BARTE.STRAWBERRY RUM 750","HARTLEY PARKER","Inventory","0.00"
"1855","PATRON SILVER TEQUILA 375ML","CDI","Inventory","0.00"
"1859","IPA FEST","UNKNOWN","Inventory","0.00"
"1861","JOHNNEY APPLESEED 12PKS","NULL","Inventory","0.00"
"1862","HEROES AMERICAN VODKA 750ML","NULL","Inventory","0.00"
"1865","ST IDES KIWI STRAWBERRY 24OZ","STAR","Inventory","0.00"
"1866","OYSTER BAY PINOT GRIS","EDER BROS","Inventory","0.00"
"1867","BUD LIGHT 30PC CANS 12OZ","HDI","Inventory","2973.00"
"1869","CALVERT LONDON DRY GIN 1.75L","HARTLEY PARKER","Inventory","0.00"
"1871","LAWRENCE","NULL","Inventory","0.00"
"1873","PABST CAN 30PK 12 OZ","NORTHEAST","Inventory","1260.00"
"1874","CAMELOT CHARDONNAY 750ML","OPICI","Inventory","0.00"
"1876","WEYERBACHER IMP PUMPKIN 4PK 12 OZ","NULL","Inventory","0.00"
"1879","FOREST GLEN GIFT CHA/MER 750ML","BRESCOME","Inventory","0.00"
"1881","COPPOLA CHARDONNAY DIAMOND COLLECTION","EDER BROS","Inventory","0.00"
"1883","JOSE CUERVO GOLD TEQUILA 200ML","EDER BROS","Inventory","4.00"
"1885","TEELING SINGLE MALT IRISH WHISKEY 750ML","BRESCOME","Inventory","0.00"
"1887","WOODBRIDGE  CHARDONNAY 1.5LT","MARTIGNETTI ","Inventory","28.00"
"1889","BV CENTURY CHARD. 1.5L","BRESCOME","Inventory","0.00"
"1890","DEKUYPER PEACHTREE/BUTTER 50ML","BRESCOME","Inventory","0.00"
"1891","RELIC DOBBLE IPA","NULL","Inventory","0.00"
"1892","SAM NITRO WHITE ALE 4PKS","NULL","Inventory","0.00"
"1893","DEWAR'S DOUBLE AGED SCOTCH WHISKEY 12YR 1.75LT","CDI","Inventory","3.00"
"1895","GLENGARRY 12YR","UNKNOWN","Inventory","0.00"
"1896","RELIC THE HAVENS 4PK","NULL","Inventory","0.00"
"1898","MONTECRISTO","NULL","Inventory","0.00"
"1899","HOOKER DOBBLE IPA","NULL","Inventory","0.00"
"1900","PRIER DE MEYNEY","NULL","Inventory","0.00"
"1905","T.G.I.F PASSION MOJITO 200ML","NULL","Inventory","0.00"
"1906","MONSTER ENERGY DRINK 16 OZ","None","Inventory","2.00"
"1908","ANCHOR SEASONAL 6PK","NULL","Inventory","0.00"
"1909","SIGGURP LIQ 375ML","NULL","Inventory","0.00"
"1912","MALIBU  MANGO 50ML","CDI","Inventory","0.00"
"1914","NORBOOK PORTOR","NULL","Inventory","0.00"
"1916","CANADA DRY GINGERALE CAN 12OZ","UNKNOWN","Inventory","45.00"
"1917","JOHNS DALYS","UNKNOWN","Inventory","0.00"
"1924","CIROC 50 ML","BRESCOME","Inventory","93.00"
"1926","MANCINI'S APPLE MARTINI VODKA 750ML","UNKNOWN","Inventory","0.00"
"1929","HANGING HILLS HARTBEAT DOUBLE IPA","NULL","Inventory","0.00"
"1930","SPARKS ENERGY 24OZ SGL.","STAR","Inventory","0.00"
"1931","DAILYS HURRICANE POUCH 10 OZ","NULL","Inventory","0.00"
"1932","RELIC 12OZ","NULL","Inventory","0.00"
"1933","CIROC WHITE GRAPE 750ML","UNKNOWN","Inventory","0.00"
"1935","STONE INDIAN PALE ALE 12OZ CAN","NULL","Inventory","0.00"
"1936","RUMPLE MINZE 200ML","MARTIGNETTI ","Inventory","7.00"
"1938","J LOHR RIVERSTONE CHARDONNAY 1.5LT","CDI","Inventory","6.00"
"1940","BUD LIGHT LIME-A-RITA 25 OZ","HDI","Inventory","0.00"
"1944","BOGLE PHANTOM RED BLEND 750ML","CDI","Inventory","9.00"
"1946","TERRA UNICA TEMPRANILLO 750ML","MONSIEUR T","Inventory","0.00"
"1947","CARRALIA","NULL","Inventory","0.00"
"1948","GOLDEN ROAD","NULL","Inventory","0.00"
"1950","YELLOW TAIL PINOT GRIGIO 750ML","BRESCOME","Inventory","0.00"
"1951","BAXTER HOP","NULL","Inventory","0.00"
"1952","THE GARDENER'S TALE","NULL","Inventory","0.00"
"1953","HAWK CREST CHARDONNAY","UNKNOWN","Inventory","0.00"
"1954","VAN GOGH VODKA 50 ML","EDER BROS","Inventory","0.00"
"1955","FRANZISKANER","NULL","Inventory","0.00"
"1957","LO-RES IPA 6PKS","NULL","Inventory","0.00"
"1958","CARDAMARO","UNKNOWN","Inventory","0.00"
"1959","MOTTO GUNG HO RED BLEND","UNKNOWN","Inventory","0.00"
"1962","CROOK","NULL","Inventory","0.00"
"1964","POMEGRANATE SCHNAPPS","NULL","Inventory","0.00"
"1965","PALLMALL MEN. BOX 50C OFF","MTC","Inventory","0.00"
"1967","JEWEL BOX RED BLEND 3L","NULL","Inventory","0.00"
"1969","DEK TRIPLE SEC 375ML","BRESCOME","Inventory","0.00"
"1970","VERYFINE ORANGE","NULL","Inventory","0.00"
"1971","NEWCASTLE BLONDE 6PK 12 OZ","STAR","Inventory","0.00"
"1973","SMIRNOFF BLUEBERRY VODKA 50ML","EDER BROS","Inventory","-182.00"
"1974","SCHWEPPERS TONIC WATER 1L","NULL","Inventory","0.00"
"1975","GRIND ESPRESSO SHOT 750ML","NULL","Inventory","0.00"
"1977","DEPOSIT   10 CENT","NEW PARK BREWING","Inventory","1.00"
"1978","BIG HOUSE RED 750ML","EDER BROS","Inventory","0.00"
"1979","MIDORI MELON LIQUEUR 12 CS","BRESCOME","Inventory","0.00"
"1980","DC ITEM BALLAST RED VELVET 4/6/12NR","NULL","Inventory","0.00"
"1981","ARBOR MIST ORCHARD FRUITS CHARDONNAY 1.5L","BRESCOME","Inventory","0.00"
"1982","ESTRELLA MERLOT 1.5LT","HARTLEY PARKER","Inventory","0.00"
"1983","USA  BOX 40C OFF","MTC","Inventory","0.00"
"1985","BODDINGTONS PUB ALE  4PK 16 OZ","A. GALLO","Inventory","0.00"
"1986","NEW ENG.ELMCITY LAGER 6PK CANS","G & G BEVERAGE DIST","Inventory","0.00"
"1989","PILSNER URQUELL 12PK 12 OZ","STAR","Inventory","0.00"
"1991","JACQ PEACH 750 ML","UNKNOWN","Inventory","0.00"
"1992","PBR EASY 6PK","NULL","Inventory","0.00"
"1993","KEEPERS COIN","UNKNOWN","Inventory","0.00"
"1994","FIREFLY","NULL","Inventory","0.00"
"1995","CARLOS I BRANDY 750ML","NULL","Inventory","0.00"
"1996","MCSORLEY'S LAGER 6PK","STAR","Inventory","0.00"
"1997","TITOS VODKA 50ML","MARTIGNETTI ","Inventory","-50.00"
"1998","BALLAST POINT GRAPEFRUIT 120Z","NULL","Inventory","0.00"
"2000","WHOLE CLUSTER ROSE","UNKNOWN","Inventory","0.00"
"2001","PEARL","NULL","Inventory","0.00"
"2002","TOMATIN SCOTCH 15YR 86 6 PACK","NULL","Inventory","0.00"
"2003","STRAWBERRY SKY 15PK","UNKNOWN","Inventory","0.00"
"2004","KIYOMI RUM 750ML","UNKNOWN","Inventory","0.00"
"2006","HAMILTON RUSSELL CHARD. 750ML","WORLD WIDE","Inventory","0.00"
"2007","CH.ARCINS HAUT-M.750ML","UNKNOWN","Inventory","0.00"
"2008","BOTA BOX MERLOT 3L","MARTIGNETTI ","Inventory","0.00"
"2009","HIGHLAND MIST","EDER BROS","Inventory","0.00"
"2011","PINNER 16PKS","NULL","Inventory","0.00"
"2012","FRANZIA PINOT GRIGIO 5L","EDER BROS","Inventory","0.00"
"2013","HOME GROWN DRY HOPPED LAGER","UNKNOWN","Inventory","0.00"
"2014","BB SUMMER PILS","NULL","Inventory","0.00"
"2016","MANAGE CITRUS","NULL","Inventory","0.00"
"2017","BLUESHINE BLUEBERRY LIQUOR","UNKNOWN","Inventory","0.00"
"2018","D'USSE VSOP COGNAC 750ML","UNKNOWN","Inventory","0.00"
"2019","SWEETWATER 420 CAN 6PK 12 OZ","NULL","Inventory","0.00"
"2020","LINDEMANS FRAMBOISE 12OZ","NULL","Inventory","0.00"
"2021","USA GOLD SILVER PACK","NULL","Inventory","0.00"
"2022","CLUB MANHATTAN-CAN","NULL","Inventory","0.00"
"2023","SHORT THROW ALLEYOOP 4PK","NULL","Inventory","0.00"
"2025","BLUE POINT","NULL","Inventory","0.00"
"2026","HESS SELECT TREO BLEND 750ML","NULL","Inventory","0.00"
"2027","LAPHROIG 10-YR CSK STRONG 750ML","NULL","Inventory","0.00"
"2028","CARLO ROSSI PAISANO 1.5 LT","CDI","Inventory","0.00"
"2029","CT VALLEY","NULL","Inventory","0.00"
"2030","SNAPPLE RASPBERRY ICED TEA","UNKNOWN","Inventory","0.00"
"2033","CAYMAN JACK MARGARITA 11.2 OZ 6PK BOTTLES","HDI","Inventory","0.00"
"2034","BLOND IPA BBC","NULL","Inventory","0.00"
"2035","DIET COKE 12OZ CAN","UNKNOWN","Inventory","15.00"
"2037","SAINT PIERRE","UNKNOWN","Inventory","0.00"
"2038","SANTA RITA CARMENERE RESERVE","WORLD WIDE","Inventory","0.00"
"2039","DUCKHORN MERLOT NAPA VALLEY 750ML","NULL","Inventory","0.00"
"2040","LES TOURELLES OF LONGUEVILLE","NULL","Inventory","0.00"
"2041","MINIMALISTA PG 750ML","UNKNOWN","Inventory","0.00"
"2042","POWDER HOLLOW 16OZ","UNKNOWN","Inventory","0.00"
"2045","LOWENBRAU 12PK BTL","STAR","Inventory","0.00"
"2046","BEER SINGLE","NULL","Inventory","0.00"
"2048","REFUND    $1.00","UNKNOWN","Inventory","0.00"
"2051","CHALK HILL ETSATE BOTTLED  CHARDONNAY SONOMA COUNTY 750ML","BRESCOME","Inventory","5.00"
"2052","BOULEVARD","NULL","Inventory","0.00"
"2057","SHOCK TOP RASPBERRY WHEAT 6PK 12 OZ","DICHELLO","Inventory","0.00"
"2061","MARLOW EAGER TO SHARE","UNKNOWN","Inventory","0.00"
"2064","PIEHOLE","NULL","Inventory","0.00"
"2066","DRY CREEK FUME BLANC SAUVIGNON BLANC 750ML","BRESCOME","Inventory","19.00"
"2068","ABSOLUT VODKA 1.75LT","MARTIGNETTI ","Inventory","4.00"
"2069","NEW AMSTERDAM  VODKA 50 ML","CDI","Inventory","2293.00"
"2071","ORGANIC AGRICULTURIST RED","NULL","Inventory","0.00"
"2072","COLLECTIVE ART 16OZ","NULL","Inventory","0.00"
"2073","MARTELL VS 750ML","BRESCOME","Inventory","0.00"
"2074","COLT 45 MALT 6PK CAN","STAR","Inventory","0.00"
"2075","PALL MALL","NULL","Inventory","0.00"
"2076","MONTINORE PINOT GRIS","NULL","Inventory","0.00"
"2080","SAM ADAMS JACK O PUMPKIN ALE 12 OZ 6PK BOTTLES","A. GALLO","Inventory","0.00"
"2081","CITIZEN CIDER DIRTY MAYOR","NULL","Inventory","0.00"
"2083","SHARP ALE  6 PACK","UNKNOWN","Inventory","0.00"
"2084","WHITE CLAW  VARIETY PACK NO.1 12 OZ 12PK CANS","A. GALLO","Inventory","8.00"
"2086","SIX POINT HOOTIE HAZY IPA","NULL","Inventory","0.00"
"2088","STEADY HABIT 6PKS","NULL","Inventory","0.00"
"2089","HOMEGROWN 4PK","NULL","Inventory","0.00"
"2090","BROWN BRMISCS CHARDONNAY","UNKNOWN","Inventory","0.00"
"2092","HARMITHURSH","NULL","Inventory","0.00"
"2094","WESTERN SON PEAR VODKA 750","NULL","Inventory","0.00"
"2098","PUCCINO 750ML","NULL","Inventory","0.00"
"2099","ST BRENDANS IRISH CREAM 1.75L","NULL","Inventory","0.00"
"2101","JACK DANIELS OLD NO7 TENNESSE WHISKEY 375ML","EDER BROS","Inventory","17.00"
"2102","RUTHERFORD HILL MERLOT","BRESCOME","Inventory","0.00"
"2103","THE SPEYSIDE MALT  50ML","UNKNOWN","Inventory","0.00"
"2106","BACARDI LIMON RUM 750ML","BRESCOME","Inventory","6.00"
"2107","CARPANO DRY VERMOUTH 6PK","NULL","Inventory","0.00"
"2109","BLUE POINT MOSAIC","NULL","Inventory","0.00"
"2110","CROWN ROYAL 1L","BRESCOME","Inventory","0.00"
"2112","PERRIER JOUET BRUT 750ML","BRESCOME","Inventory","0.00"
"2114","RIME 4PK","UNKNOWN","Inventory","0.00"
"2115","MARK WEST BLACK PINOT NOIR","BRESCOME","Inventory","0.00"
"2116","BAREFOOT PINOT GRIGIO 4PK 187ML","CDI MERCH-D","Inventory","0.00"
"2119","WRONGO DONGO 750ML","SLOCUM & SONS INC","Inventory","0.00"
"2125","IPA  BOTTLE 2/12 12Z","NULL","Inventory","0.00"
"2127","YUENGLING LAGER 24PK CAN  12OZ SUITCASE","A. GALLO","Inventory","120.00"
"2130","MARGARITAVILLE TAQ.SILVER 50ML","DICHELLO","Inventory","0.00"
"2131","DANZANTE PINOT GRIGIO","HARTLEY PARKER","Inventory","0.00"
"2132","FOLEY BROTHERS IPA 22OZ","NULL","Inventory","0.00"
"2135","RELIC FORT NIGHT 6PKS","NULL","Inventory","0.00"
"2136","TALBOTT CHARDONNAY KALI HART 750","UNKNOWN","Inventory","0.00"
"2137","COTE MAS ROSE AURORE SUD DE FRANCE WINE 1LT","BRESCOME","Inventory","17.00"
"2142","PIPEWORK","NULL","Inventory","0.00"
"2143","FREI BROTHERS SONOMA CHARD 750","CDI MERCH-D","Inventory","0.00"
"2146","WACHUSETT WINTER ALE 6PKS","NULL","Inventory","0.00"
"2149","ARAUCANO CAB.SAU.750ML","UNKNOWN","Inventory","0.00"
"2151","HIRO","NULL","Inventory","0.00"
"2152","DON JULIO TEQUILA REPOSADO 750ML","BRESCOME","Inventory","2.00"
"2154","BOTA BOX NIGHTHAWK BOLD CABERNET SAUVIGNON 3L","MARTIGNETTI ","Inventory","3.00"
"2155","BEN&H. METH100BOX","MTC","Inventory","0.00"
"2156","ROUND POND RUTHERFORD CABERNET SAUVIGNON","NULL","Inventory","0.00"
"2157","MIRASSOU PINOT NOIR","CDI MERCH-D","Inventory","0.00"
"2161","SKYGAZER 4PK","NULL","Inventory","0.00"
"2164","GRAFFIGNA ELEVATION RED BLEND","NULL","Inventory","0.00"
"2169","MON FRERE PINOT NOIR","NULL","Inventory","0.00"
"2170","BBC DOBBLE IPA","NULL","Inventory","0.00"
"2172","PETER VELLA  MOSCATO  SANGRIA  5 LT","NULL","Inventory","0.00"
"2175","CIROC VODKA 1.75L","BRESCOME","Inventory","0.00"
"2177","VO GOLD 1.75L","CDI","Inventory","0.00"
"2178","CROWN ROYAL BLACK 375ML","BRESCOME","Inventory","0.00"
"2180","G.H MUMM CHAMPAGNE 750ML","NULL","Inventory","0.00"
"2181","BBC","NULL","Inventory","0.00"
"2182","SAM ADAMS BOSTON LAGER 12PK 12 OZ BOTTLE","A. GALLO","Inventory","5.00"
"2183","HOB NOB MERLOT","NULL","Inventory","0.00"
"2185","HOOKER IM SUPER SINGLE 4PK","NULL","Inventory","0.00"
"2186","RAI","UNKNOWN","Inventory","0.00"
"2188","ON THE ROCKS EFFEN COSMOPOLITAN 375ML","BRESCOME","Inventory","71.00"
"2189","HOB NOB CHARDONNAY 14/15","NULL","Inventory","0.00"
"2190","VAN TRAPP HELLES 6PK","NULL","Inventory","0.00"
"2191","CIDER BOYS 12PKS","NULL","Inventory","0.00"
"2193","HERRADURA REPOSADO TEQUILA 750ML","EDER BROS","Inventory","0.00"
"2195","REFUND","UNKNOWN","Inventory","0.00"
"2197","GARCIA","NULL","Inventory","0.00"
"2202","BOTA BOX CHARDONNAY 3L","MARTIGNETTI ","Inventory","3.00"
"2204","SEAGRAMS VO CANADIAN WHISKEY200ML","BRESCOME","Inventory","5.00"
"2207","PIECE OF CAKE CHOCOLATE CAKE","DICHELLO","Inventory","0.00"
"2208","MI AMORE WHITE SWEET 750ML","ACE DISTRIBUTING","Inventory","0.00"
"2209","MONEY IPA","NULL","Inventory","0.00"
"2210","SUPER SOFT IPA 6PK","UNKNOWN","Inventory","0.00"
"2212","PRINCIPATO PINOT-CHARD 1.5L","NULL","Inventory","0.00"
"2213","SIX POINT","NULL","Inventory","0.00"
"2215","ARROW ORANGE CURACAO","UNKNOWN","Inventory","0.00"
"2216","GINGER LIBATION","NULL","Inventory","0.00"
"2217","TURNING LEAF CHARDONNAY 750ML","UNKNOWN","Inventory","0.00"
"2218","BV CENTURY CHARD. 750ML","BRESCOME","Inventory","0.00"
"2219","SMIRNOFF RASPBERRY VODKA 375ML","EDER BROS","Inventory","29.00"
"2221","CHRISTIAN BROTHERS BRANDY 200ML","HARTLEY PARKER","Inventory","0.00"
"2223","LIMBU","UNKNOWN","Inventory","0.00"
"2224","LA MARCA PROSECCO 3PK 187ML","CDI","Inventory","33.00"
"2230","NICKEL AND NICKEL CABERNET SAUVIGNON 750ML","UNKNOWN","Inventory","0.00"
"2231","APPLETON ESTATE VX 1.75L","ALLAN S GOOD","Inventory","0.00"
"2236","GORDONS VODKA 1.75L","HARTLEY PARKER","Inventory","0.00"
"2237","EVERFRESH RUBYRED GRAPEFRUIT 32 OZ","NULL","Inventory","0.00"
"2239","BOURGOGNE CHARDONAY","NULL","Inventory","0.00"
"2242","QUINTESSENTIAL GIN 750ML","BRESCOME","Inventory","0.00"
"2243","LA VIEILLE FERME BLANC 1.5L","BRESCOME","Inventory","8.00"
"2245","IMPERIA RUSSIAN VODKA 750ML","BRESCOME","Inventory","0.00"
"2246","CITIZEN BROSE","NULL","Inventory","0.00"
"2247","HIRAM SAMBUCA 1L","BRESCOME","Inventory","0.00"
"2248","BEN & H.ULT.MEN.100 BOX","MANCHESTER T","Inventory","0.00"
"2251","MOTIF CLASSIC WINE 750ML","UNKNOWN","Inventory","0.00"
"2252","BOMBAY SAPPHIRE DRY GIN 750ML","CDI","Inventory","6.00"
"2253","TAYLOR LAKE COUNTRY RED","UNKNOWN","Inventory","0.00"
"2254","TIKI RITA ORIG-MARGARITA","UNKNOWN","Inventory","0.00"
"2255","CORTELL 12OZ","NULL","Inventory","0.00"
"2256","OKOCIM 4PK  16OZ CANS","ARKO LLC","Inventory","0.00"
"2257","HOBGOBLIN 4PK","NULL","Inventory","0.00"
"2258","OTTER CRK 6PKS","NULL","Inventory","0.00"
"2259","CIROC 50ML  RED BERRY VODKA","BRESCOME","Inventory","0.00"
"2260","ESTANCIA MERITAGE PASO ROBLES","BRESCOME","Inventory","0.00"
"2264","STOLLI 50ML","NULL","Inventory","0.00"
"2265","HOUSATONIC RIVER 6PK","UNKNOWN","Inventory","0.00"
"2266","WOODBRIDGE WHITE ZINFANDEL 4PK 187ML","HARTLEY PARKER","Inventory","1.00"
"2267","COLECTIVE PROJECT","NULL","Inventory","0.00"
"2268","DREAMING TREE CHARDONNAY 750ML","NULL","Inventory","0.00"
"2269","MICHAEL COLLIN IR.WHISKEY 50ML","BRESCOME","Inventory","0.00"
"2270","CANADA DRY GINGERALE BOTTLE 1.25LT","NULL","Inventory","15.00"
"2273","CLAN MACGREGOR SCOTCH WHISKEY 375ML","CDI","Inventory","3.00"
"2276","ST. FRANCIS CHARDONNAY SONOMA COUNTY","BRESCOME","Inventory","0.00"
"2277","CHEMIN DES OLIVETTES","NULL","Inventory","0.00"
"2278","BELL'S HAZY IPA","NULL","Inventory","0.00"
"2279","ROMBAUER CARNEROS CHARDONNAY NAPA VALLEY","CDI","Inventory","15.00"
"2281","ROKK APPLE VODKA 50ML","CDI","Inventory","0.00"
"2282","KENT FALLS BIRD POST PALE ALE","UNKNOWN","Inventory","0.00"
"2284","WILD TURKEY AMERICAN HONEY 375ML","BRESCOME","Inventory","1.00"
"2286","ELYSIAN CONTACT HAZE 16 OZ 4PK CAN","NULL","Inventory","0.00"
"2287","CHIVAS REGAL SCOTCH 12 YR 200ML","CDI","Inventory","0.00"
"2290","PADRILLOS MALBEC","NULL","Inventory","0.00"
"2291","SHED VARIATY","NULL","Inventory","0.00"
"2292","STERLING VITNER'S COLLECTION ZINFANDEL 750ML","EDER BROS","Inventory","0.00"
"2293","ARBOR MIST MIXED BERRY WINE","BRESCOME","Inventory","0.00"
"2294","ROBERT MONDAVI PRIVATE SELECTION CHARDONNAY 750ML","HARTLEY PARKER","Inventory","0.00"
"2295","BAYOU SPICED 50 ML","NULL","Inventory","0.00"
"2296","E&J BRANDY VSOP 1.75L","CDI MERCH-D","Inventory","0.00"
"2297","DEEP EDDY SWEET TEA VODKA 1.75L","NULL","Inventory","0.00"
"2299","BONANZA CABERNET SAUVIGNON 750ML","EDER BROS","Inventory","24.00"
"2301","CROP TOMATO VODKA 750ML","BRESCOME","Inventory","0.00"
"2302","PATRON XO CAFE COFFEE 50 ML","CDI","Inventory","0.00"
"2303","ARBOR MIST MELON WHITE ZINFANDEL 750ML","BRESCOME","Inventory","0.00"
"2304","MCCORMICK VODKA 200ML","CDI","Inventory","0.00"
"2306","RELIC DOBBLE IPA 4PKS","NULL","Inventory","0.00"
"2308","JACK'DS ABBY","NULL","Inventory","0.00"
"2311","TROPICANA 96 OZ ORANGE","NULL","Inventory","0.00"
"2313","JADOT CHARDONNAY 2021 750ML","NULL","Inventory","0.00"
"2314","PLANTERAY ORIGINAL DARK RUM 750ML","MARTIGNETTI ","Inventory","0.00"
"2317","MARTELL VS COGNAC 200ML","NULL","Inventory","0.00"
"2318","FUYU 750ML","UNKNOWN","Inventory","0.00"
"2320","THIMBLE ISLAND SEA MIST IPA","NORTHEAST","Inventory","0.00"
"2321","BLA BEL 40OZ BTL.","STAR","Inventory","0.00"
"2326","LONE PINE 6PK","NULL","Inventory","0.00"
"2327","KETEL ONE BOTANICAL GRAPEFRUIT & ROSE VODKA SPRITZ 4PK CANS","BRESCOME","Inventory","2.00"
"2328","SOUTHERN TIER FARMER'S TAN 12 OZ","NULL","Inventory","0.00"
"2329","CIROC PEACH 1 L","BRESCOME","Inventory","0.00"
"2330","HEINEKEN LIGHT 12PK BOTTLE 12 OZ","HDI","Inventory","0.00"
"2331","MALIBU RED RUM 50ML","CDI","Inventory","0.00"
"2332","CLOS DE LOS SIETE RED BY MICHEL ROLLAND","CDI","Inventory","8.00"
"2333","HANGAR ONE VODKA 750ML","NULL","Inventory","0.00"
"2334","VICTORY GOLDEN MONKEY 6PK 12 OZ","UNKNOWN","Inventory","0.00"
"2336","PARTIDA BLANCO 750ML","CDI","Inventory","0.00"
"2337","BEER SINGLE","NULL","Inventory","0.00"
"2338","RELIC FUNERAL SONG 4PK","UNKNOWN","Inventory","0.00"
"2339","KENT FALL","UNKNOWN","Inventory","0.00"
"2340","DR RESLING","NULL","Inventory","0.00"
"2342","CAPT LAWRENCE HOP COMM 12PK","NULL","Inventory","0.00"
"2343","STORMALONG BLUE HILLS HARD APPLE CIDER 16OZ 4PK CANS","HDI","Inventory","5.00"
"2344","JACK WHIPPED RUM 750ML","None","Inventory","0.00"
"2346","JAKES FAULT SHIRAZ 750ML","NULL","Inventory","0.00"
"2347","CALLIA BELLA SYRAH & MALBEC RED BLEND WINE","BRESCOME","Inventory","0.00"
"2349","DEKUYPER CREME DE CASSIS 750ML","BRESCOME","Inventory","0.00"
"2351","PARROT BAY PASSION 1.75L","BRESCOME","Inventory","0.00"
"2353","CYT TERRUNYO CABERNET SAUVIGNON 6PK","NULL","Inventory","0.00"
"2354","HOT DAMN 200ML","BRESCOME","Inventory","2.00"
"2355","PETES WICKED RED RUSH SNG","UNKNOWN","Inventory","0.00"
"2359","CORBETT CANYON CABERNET SAUVIGNON 3L BOX","EDER BROS","Inventory","0.00"
"2360","MIDNIGHT MOON APPLE PIE 750ML","CDI","Inventory","0.00"
"2362","HOOKER BELLINI 4PK","NULL","Inventory","0.00"
"2363","MOET ROSE IMPERIAL","NULL","Inventory","0.00"
"2364","DIORA LA PETITE GRACE PINOT NOIR 750 ML","NULL","Inventory","0.00"
"2366","SIX POINT JAMMER 15PK","NULL","Inventory","0.00"
"2367","DAILY'S SPICY BLOODY MARY MIX   1 L","NULL","Inventory","0.00"
"2373","BEER SINGLE","NULL","Inventory","0.00"
"2377","YAGO SANGRIA 750ML","UNKNOWN","Inventory","0.00"
"2378","HIGH WEST DOUBLE RYE WHISKEY 750ML","CDI","Inventory","-1.00"
"2380","SAINT CIRCUMSTANCES","NULL","Inventory","0.00"
"2383","COLUMBIA CREST MERLOT GRAND ESTATES","BRESCOME","Inventory","0.00"
"2384","HANGTIME CALIF PINOT NOIR 750ML","NULL","Inventory","0.00"
"2385","JACQ APRICOT 750ML","UNKNOWN","Inventory","0.00"
"2386","CHATEAU STE MICHELLE CHARDONNAY 1.5LT","EDER BROS","Inventory","0.00"
"2388","KETEL ONE BOTANICAL CUCUMBER & MINT VODKA 750ML","BRESCOME","Inventory","1.00"
"2389","RUTA 22 MALBEC","BRESCOME","Inventory","0.00"
"2390","WEYERBACHER BLASPHEMY 750ML","NULL","Inventory","0.00"
"2391","CIROC MANGO 375ML","NULL","Inventory","0.00"
"2392","PELIGROSO SILVER 50 ML","NULL","Inventory","0.00"
"2394","ST. PAULI GIRL SGL. BTL","ROGO","Inventory","0.00"
"2396","E&J TV CABERNET SAUVIGNON NV 24PK","CDI MERCH-D","Inventory","0.00"
"2397","CA BEMBO MALBEC 750ML","ACE DISTRIBUTING","Inventory","0.00"
"2398","PIEDRA AZUL BLANCO 750ML","NULL","Inventory","0.00"
"2399","MAJORSKA 80 PROOF VODKA 1.75L","MARTIGNETTI ","Inventory","5.00"
"2401","GIORI LEMONCILLO 750ML","HARTLEY PARKER","Inventory","0.00"
"2402","ART IN THE AGE ROOT","BRESCOME","Inventory","0.00"
"2409","VICTORY","NULL","Inventory","0.00"
"2410","TWO FRIENDS CHARD. 750ML","ACE DISTRIBUTING","Inventory","0.00"
"2411","AVERY EL GOSE 12 OZ","UNKNOWN","Inventory","0.00"
"2412","BLUE RIVER MALBEC 750ML","SLOCUM & SONS INC","Inventory","0.00"
"2413","JAGERMEISTER 375ML","BRESCOME","Inventory","20.00"
"2414","BASIC 100S BOX","MTC","Inventory","0.00"
"2415","SUMMER SHANDY","NULL","Inventory","0.00"
"2417","LIVE A LITTLE RED BLEND","NULL","Inventory","0.00"
"2419","SANTA RITA CHARDONNAY","UNKNOWN","Inventory","0.00"
"2420","DEKUY. SEX ON BEACH 375ML","BRESCOME","Inventory","0.00"
"2421","DON JULIO BLANCO 750ML","BRESCOME","Inventory","8.00"
"2422","IRISH MIST HONEY LIQUEUR 750ML","UNKNOWN","Inventory","0.00"
"2423","MOOSEHEAD 12 PK BOTTLE 12 OZ","G & G BEVERAGE DIST","Inventory","0.00"
"2424","DOMAINES BARON ROTHSCHILD BLANC","NULL","Inventory","0.00"
"2426","CANE RUN RUM 1.75","UNKNOWN","Inventory","0.00"
"2429","CARNIVOR CABERNET SAUVIGNON","CDI MERCH-D","Inventory","0.00"
"2430","LT LIMBO 16OZ 4PKS","NULL","Inventory","0.00"
"2433","SMOOKING LOON CHARDONNAY","BRESCOME","Inventory","0.00"
"2434","BROWN BRO. SHIRAZ. 750ML","UNKNOWN","Inventory","0.00"
"2437","BOMBAY SAPPHIRE DRY GIN 50 ML","CDI","Inventory","0.00"
"2438","KENT FALLS BESMOKE 4PK","UNKNOWN","Inventory","0.00"
"2439","BLACK BUSH 750ML","EDER BROS","Inventory","0.00"
"2440","FOX HOLLOW MERLOT","HARTLEY PARKER","Inventory","0.00"
"2443","DEK PEACH PUCKER 200ML","BRESCOME","Inventory","0.00"
"2444","WHITE TRUCK   750ML","SLOCUM & SONS INC","Inventory","0.00"
"2448","GIOVELLO PIN.GRIGIO 1.5L","UNKNOWN","Inventory","0.00"
"2449","ONYX 750ML","NULL","Inventory","0.00"
"2450","STARBUCKS COFFEE LIQ. 375ML","CDI","Inventory","0.00"
"2452","DEKUYPER HOT DAMN 100 375ML","BRESCOME","Inventory","0.00"
"2454","LIVINGSTON MERLOT 1.5 L","CDI MERCH-D","Inventory","0.00"
"2455","T.G.I.F. MUDSLIDE 750ML","EDER BROS","Inventory","0.00"
"2456","JACK DANIEL'S GENTLEMAN JACK 375ML","EDER BROS","Inventory","3.00"
"2457","OLD PULTENEY 750ML","NULL","Inventory","0.00"
"2458","OCUCAJE PISCO 750ML","SLOCUM & SONS INC","Inventory","0.00"
"2460","ED HARDY RED SANGRIA 1.5 LT","OPICI","Inventory","7.00"
"2461","MOET BRUT ROSE NV 750ML","BRESCOME","Inventory","0.00"
"2463","CT VALLEY 6PK","NULL","Inventory","0.00"
"2466","DEKUPER POMEGRANATE 750ML","CDI","Inventory","0.00"
"2467","STONE ENJOY BY 220Z","NULL","Inventory","0.00"
"2469","MILWA.BEST  6PK CAN","STAR","Inventory","0.00"
"2470","CVB","NULL","Inventory","0.00"
"2471","DON JULIO REPOSADO 375ML","BRESCOME","Inventory","4.00"
"2473","STEADY HABIT DOBBLE IPA","NULL","Inventory","0.00"
"2476","HIGH WEST OMG PURE RYE WHISKEY 750ML","NULL","Inventory","0.00"
"2477","SAM HOUSTON AMERICAN STR WHSKY","NULL","Inventory","0.00"
"2478","TROPICANA CRANBERRY JUICE 16 OZ","UNKNOWN","Inventory","0.00"
"2479","JAC SLOE GIN 375ML","UNKNOWN","Inventory","0.00"
"2480","YELLOW TAIL  CABERNET SAUVIGNON 1.5LT","BRESCOME","Inventory","10.00"
"2482","CONNECTICUT VALLY","NULL","Inventory","0.00"
"2484","LITCHFIELD SPIKED LEMONADE 4PK CANS","SLOCUM & SONS INC","Inventory","0.00"
"2485","SOUTHERN TIER 12 PKS","NULL","Inventory","0.00"
"2486","DELAS FRERES VENTOUX 750ML","BRESCOME","Inventory","7.00"
"2488","DONNA MARZIA CONTI ZECCA PRIMITIVO","NULL","Inventory","0.00"
"2489","FONSECA 10YR TAWNY","NULL","Inventory","0.00"
"2491","NIGHT SHIFT WHIRLPOOL","NULL","Inventory","0.00"
"2494","BEER SINGLE","NULL","Inventory","0.00"
"2496","REMY MARTIN 1738 750ML","BRESCOME","Inventory","1.00"
"2497","PROPER TWELVE IRISH WHISKEY 750ML","NULL","Inventory","0.00"
"2499","VERY OLD 90PF","NULL","Inventory","0.00"
"2501","CRANE LAKE CHARDONNAY 1.5L","BRESCOME","Inventory","4.00"
"2503","LORD HOBO","NULL","Inventory","0.00"
"2504","CREAM ALE 6PKS","NULL","Inventory","0.00"
"2505","DEVILS'S CUP","NULL","Inventory","0.00"
"2508","E&J APPLE BRANDY 375ML","CDI","Inventory","5.00"
"2509","INGLENOOK C.BURGUNDY 3L","BRESCOME","Inventory","0.00"
"2511","JAGERMEISTER 200ML","BRESCOME","Inventory","0.00"
"2512","PUNKIN","NULL","Inventory","0.00"
"2515","GALLO CAFE ZINFANDEL 1.5L","CDI MERCH-D","Inventory","0.00"
"2517","ROSEMOUNT TRAM.RIS.750ML","CDI","Inventory","0.00"
"2518","PUCKER CHERRY 750ML","BRESCOME","Inventory","0.00"
"2519","BASIL HAYDEN 10YR BOURBON WHISKEY 750ML","CDI","Inventory","10.00"
"2521","BEER SINGLE","NULL","Inventory","0.00"
"2522","BLACK BOX PINOT GRIGIO 3L","CDI","Inventory","6.00"
"2527","ANTIQUE TAWNY 375ML","MONSIEUR T","Inventory","0.00"
"2528","ANDERRA CARMENERE 750ML","NULL","Inventory","0.00"
"2531","MOMMY'S TIME OUT PINOT GRIGIO","CDI","Inventory","0.00"
"2535","CRUZAN ORANGE 750ML","UNKNOWN","Inventory","0.00"
"2537","SINGLE CUT","NULL","Inventory","0.00"
"2538","UV SOUR APPLE 50 ML","SLOCUM & SONS INC","Inventory","0.00"
"2539","ARBOR MIST STRAWBERRY WHITE ZINFANDEL 750ML","BRESCOME","Inventory","0.00"
"2544","KOYAL CARMENERE","UNKNOWN","Inventory","0.00"
"2547","JOSH CHARDONNAY 375ML","BRESCOME","Inventory","13.00"
"2548","KIRRALAA CHARD. 750ML","UNKNOWN","Inventory","0.00"
"2550","PEDRON CELLI CAB.","UNKNOWN","Inventory","0.00"
"2551","UV VODKA 1.75L","SLOCUM & SONS INC","Inventory","0.00"
"2554","RELIC PILS 16OZ","UNKNOWN","Inventory","0.00"
"2556","LAVENADE KETTLE SOURE 4 PK","UNKNOWN","Inventory","0.00"
"2558","ESTATE CELLAR CAB.SAU.1.5L","BRESCOME","Inventory","0.00"
"2559","GALLO MOSCATO 750ML","CDI MERCH-D","Inventory","0.00"
"2561","KENDALL JACKSON PINOT GRIS 750ML","CDI","Inventory","0.00"
"2566","HIGH NOON LEMON HARD SELTZER 4PK","CDI","Inventory","-16.00"
"2567","ROSCATO ROSSO DOLCE SWEET RED 750ML","BRESCOME","Inventory","0.00"
"2569","BROKER'S GIN","NULL","Inventory","0.00"
"2573","STERLING VITNER'S COLLECTION PINOT GRIGIO 750ML","EDER BROS","Inventory","0.00"
"2574","REMY MARTIN VSOP COGNAC 200ML","BRESCOME","Inventory","3.00"
"2575","UGARTE VENDIMIA 750ML","MONSIEUR T","Inventory","0.00"
"2576","TOMAIOLO CHIANTI RISERVA RED 750ML","TOUTON MONSIEUR TOUTON SELECTION LTD","Inventory","0.00"
"2578","MOLINARI SAMBUCA EXTRA 750ML","EDER BROS","Inventory","1.00"
"2580","VINA CUESTA COLORA 750ML","NULL","Inventory","0.00"
"2581","YEL TAIL SANGRIA WHITE 1.5 L","NULL","Inventory","0.00"
"2583","DEKUYPER TRIPLE SEC 30PROOF LIQUEUR 1LTR","BRESCOME","Inventory","14.00"
"2584","OLD MILWKE 12PK CAN","UNKNOWN","Inventory","0.00"
"2586","BEACH HOUSE CHARDONNAY 750ML","NULL","Inventory","0.00"
"2592","SONOMA CUTRER CHARDONNAY RUSSIAN RIVER RANCHES 750ML","EDER BROS","Inventory","6.00"
"2593","BAILEYS ESPRESSO CREME 750ML","MARTIGNETTI ","Inventory","2.00"
"2595","PELIGROSO SILVER 750ML","NULL","Inventory","0.00"
"2597","GALLO CHARDONNAY 750ML","CDI MERCH-D","Inventory","0.00"
"2598","HARD CREAMER STRW-DAIQUIRI 6PK","DICHELLO","Inventory","0.00"
"2599","WOLFTRAP RED BLEND","NULL","Inventory","0.00"
"2600","HENEKEN","NULL","Inventory","0.00"
"2601","CONO SUR PINOT NOIR 1.5L","NULL","Inventory","-5.00"
"2605","DECOY SELTZER 4PK","NULL","Inventory","0.00"
"2606","GREY GOOSE VODKA 375ML","BRESCOME","Inventory","18.00"
"2607","DEKUY. GRAPE PUCKER 375ML","UNKNOWN","Inventory","0.00"
"2609","LE PETIT BORDEAUX 750ML","NULL","Inventory","0.00"
"2613","ANNABELLA CABERNET SAUVIGNON 750ML","BRESCOME","Inventory","0.00"
"2614","TESSERA CHARD.750ML","UNKNOWN","Inventory","0.00"
"2615","KENWOOD SONOMA ZINFANDEL","CDI","Inventory","0.00"
"2617","SIX POINT","NULL","Inventory","0.00"
"2618","CLOVELY SHIRAZ 750ML","UNKNOWN","Inventory","0.00"
"2620","SEGURA VIUDAS CAVA BRUT 750ML","SLOCUM & SONS INC","Inventory","7.00"
"2621","DIMPLE PINCH 12YEAR 50ML","HARTLEY PARKER","Inventory","0.00"
"2623","OLIVER CHERRY MOSCATO 750ML","NULL","Inventory","0.00"
"2624","LAND SHARK LAGER","NULL","Inventory","0.00"
"2625","FRONTERA CABERNET/MERLOT 1.5 LT","BRESCOME","Inventory","1.00"
"2627","CORONA EXTRA 12 PK BOTTLE 12 OZ","A. GALLO","Inventory","14.00"
"2628","SMIRNOFF STRAWBERRY 1LT","EDER BROS","Inventory","0.00"
"2629","STERLING RESERVE NAPA CAB. SAU","EDER BROS","Inventory","0.00"
"2633","CROWN ROYAL WHISKEY 1.75L","CDI","Inventory","2.00"
"2634","MOMMYS TIME PRIMITIVO 750ML","NEW ENGLAND","Inventory","0.00"
"2635","BLUE POINT MOSAIC","NULL","Inventory","0.00"
"2636","DAVIDSON VARIATY 12PKS","NULL","Inventory","0.00"
"2637","ROSES SWETENED LIME JUICE 12 FL OZ","EDER BROS","Inventory","7.00"
"2639","KARMIC DARU","NULL","Inventory","0.00"
"2641","LEGITMUS HAZY DOUBLE IPA4PK","UNKNOWN","Inventory","0.00"
"2643","SOMRUS MANGO LIQUEUR","NULL","Inventory","0.00"
"2645","COTRELL 12OZ","NULL","Inventory","0.00"
"2648","TARIMA MONASTRELL 750ML","NULL","Inventory","0.00"
"2650","JOSE CUERVO SILVER TEQUILA 375ML","EDER BROS","Inventory","3.00"
"2651","WATERCOLORS SYNERGY #5","NULL","Inventory","0.00"
"2652","HOG RIVER 16OZ 4PK","NULL","Inventory","0.00"
"2655","CALERA PINOT NOIR 2002","NULL","Inventory","0.00"
"2658","EMMETS CLASSIC CREAM LIQUEUR 750ML","EDER BROS","Inventory","0.00"
"2659","CANNONBALL CABERNET SAUVIGNON 750ML","OPICI","Inventory","11.00"
"2660","X RATED FUSION LIQUER 750ML","HARTLEY PARKER","Inventory","0.00"
"2661","MAESTRO DOBEL PERRYS TEQUILLA 750ML","BRESCOME","Inventory","0.00"
"2664","REDWOOD CREEK WHT-ZINF 1.5L","CDI MERCH-D","Inventory","0.00"
"2667","INTIPALKA RED 750ML","NULL","Inventory","0.00"
"2668","MONTE DEGLI PINOT NOIR 750ML","UNKNOWN","Inventory","0.00"
"2670","CHRISTAIN BROS APPLE BRANDY 750ML","NULL","Inventory","0.00"
"2672","NAROGANST","NULL","Inventory","0.00"
"2674","UV VODKA 750ML","SLOCUM & SONS INC","Inventory","0.00"
"2676","ARBOR MIST TROPICAL FRUITS CHARDONNAY 1.5L","BRESCOME","Inventory","0.00"
"2677","ROBERT OATLEY","NULL","Inventory","0.00"
"2680","SINGLECUT","NULL","Inventory","0.00"
"2681","SOUTHERN TEAR 16OZ","NULL","Inventory","0.00"
"2682","KAMORA COFFEE LIQUEUR 1.75L","BRESCOME","Inventory","0.00"
"2685","CITIZEN CIDER THE LAKE HOPPER DRY HOPPED CIDER","NULL","Inventory","0.00"
"2687","LEINKUGEL SUMMER  12PK BTL","STAR","Inventory","0.00"
"2688","MALIBU BANANA 375ML","NULL","Inventory","0.00"
"2690","SOUTHERN TIER 2X IPA 6PK 12 OZ","NULL","Inventory","0.00"
"2692","INSURACTION","NULL","Inventory","0.00"
"2693","REINARES RED TIERRA 750ML","MONSIEUR T","Inventory","0.00"
"2694","FRANZIA CHARDONNAY 5L","EDER BROS","Inventory","1.00"
"2695","DON JULIO ANEJO","BRESCOME","Inventory","0.00"
"2697","MAJORSKA 100 PROOF VODKA 1.75L","HARTLEY PARKER","Inventory","0.00"
"2702","CARDIFF CAB-SAV 1.5L","NULL","Inventory","0.00"
"2704","RARE FOG TRIPLE IPA 4PK","NULL","Inventory","0.00"
"2705","HOOKER 6PKS IPA","NULL","Inventory","0.00"
"2707","VILLA MASSA LIQUEUR 750ML","NULL","Inventory","0.00"
"2708","GREG NORMAN ZINF. 750ML","EDER BROS","Inventory","0.00"
"2711","BOTA BOX CABERNET SAUVIGNON 3L","MARTIGNETTI ","Inventory","5.00"
"2712","CROWN ROYAL BLACK 750ML","CDI","Inventory","0.00"
"2713","GRAFT","UNKNOWN","Inventory","0.00"
"2714","MARTINI & ROSSI SWEET VERMOUTH 1.5L","HARTLEY PARKER","Inventory","0.00"
"2715","JOSE CUERVO SILVER TEQUILA 200ML","EDER BROS","Inventory","3.00"
"2717","WHALERS BIG ISL BANANA","UNKNOWN","Inventory","0.00"
"2718","VILLA MASSA 750ML","UNKNOWN","Inventory","0.00"
"2720","BLUE NUN RIVANER WINE","BRESCOME","Inventory","0.00"
"2722","CITY ROOTS","NULL","Inventory","0.00"
"2725","MICHTER'S BARREL STRENGTH RYE 109.4 PROOF 750ML","BRESCOME","Inventory","0.00"
"2727","CHATEAU ST JEAN CHARDONNAY","EDER BROS","Inventory","0.00"
"2728","G.DUBOEUF CAB.SAU.1.5L","SLOCUM & SONS INC","Inventory","0.00"
"2729","OMMEGANG HENNEPIN ALE 750ML","NULL","Inventory","0.00"
"2732","THE NAKED GRAPE CHARDONNAY 750ML","NULL","Inventory","0.00"
"2733","TALISKER SINGLE MALT SCOTCH 10YR 750ML","BRESCOME","Inventory","2.00"
"2736","TGI FRIDAYS MUDSLIDE, 1.75 LT","EDER BROS","Inventory","0.00"
"2738","LONG DRINK VARIETY 12OZ 8PK","CDI","Inventory","0.00"
"2740","JOSE CUERVO GOLDEN MARGARITA 1.75L","EDER BROS","Inventory","0.00"
"2742","TOASTED LAGER 12PKS","NULL","Inventory","0.00"
"2743","IVANABITCH TOBACCO VODKA 750ML","NULL","Inventory","0.00"
"2744","NATURA SAUVIGNON BLANC","NULL","Inventory","0.00"
"2746","SOUTHERN COMFORT 100 PROOF 750ML","EDER BROS","Inventory","1.00"
"2747","MILLER HIGH LIFE 12 OZ 18 PK BOTTLE","A. GALLO","Inventory","4.00"
"2751","TARANTULA 4PK AZUL 200ML","CDI","Inventory","0.00"
"2753","SERVAS","NULL","Inventory","0.00"
"2754","BOULEVARD 6PKS","NULL","Inventory","0.00"
"2755","ASYLUM CORN WHISKEY 750ML","NULL","Inventory","0.00"
"2756","APPLETON ESTATE VX 750ML","BRESCOME","Inventory","0.00"
"2757","CIROC VODKA 375ML","BRESCOME","Inventory","2.00"
"2758","UNCLE NEAREST 1856 750ML","NULL","Inventory","0.00"
"2759","USA METH 100 BOX","MTC","Inventory","0.00"
"2762","VICTORY SUMMER LOVE ALE 12OZ","NULL","Inventory","0.00"
"2763","SEIZEON BRETTA 375ML","NULL","Inventory","0.00"
"2764","FESTIVA MALBAC","NULL","Inventory","0.00"
"2765","GLAENLIVET 15YRS","NULL","Inventory","0.00"
"2770","PROSECCO VILLA JOLANDA 750ML","TOUTON MONSIEUR TOUTON SELECTION LTD","Inventory","0.00"
"2771","DOMINUS 2009","NULL","Inventory","0.00"
"2775","INGLENOOK CAB.SAU. 3L","BRESCOME","Inventory","0.00"
"2776","PATRON REPOSADO 200ML","NULL","Inventory","0.00"
"2778","LIVINGSTON BURGUNDY 1.5 L","CDI MERCH-D","Inventory","0.00"
"2780","OMMERGANG BLACK STOUT","NULL","Inventory","0.00"
"2781","MARKHAM SAUV BLANC 15/16","UNKNOWN","Inventory","0.00"
"2783","IPA PLAYLIST VARIETY  BOTTLE 2/12 12Z","NULL","Inventory","0.00"
"2784","BAREFOOT CELLARS SANGRIA","NULL","Inventory","0.00"
"2787","DUBRA VODKA 1.75L","MARTIGNETTI ","Inventory","4.00"
"2788","COLUMBIA CREST TWO VINES MERLOT 1.5 L","BRESCOME","Inventory","0.00"
"2795","HANGING HILL","NULL","Inventory","0.00"
"2798","CHAT. MALMAISON DE ROTH. 750ML","MONSIEUR T","Inventory","0.00"
"2799","HENNESSY VS COGNAC 750ML","BRESCOME","Inventory","7.00"
"2800","REBEL YELL 750ML","NULL","Inventory","0.00"
"2801","PRESS SELECT VARIETY 12PACK","A. GALLO","Inventory","0.00"
"2803","CONO SUR CHARDONNAY 1.5L","HARTLEY PARKER","Inventory","0.00"
"2805","BALUGA 1.75L","NULL","Inventory","0.00"
"2806","LOBSTER REEF 1.5L","UNKNOWN","Inventory","0.00"
"2810","AMPAKAMA CHARDONNAY 1.5L","DICHELLO","Inventory","0.00"
"2811","DON PERIGNON CHAMPAGNE 750ML","UNKNOWN","Inventory","0.00"
"2815","HEAVEN HILL BOURBON 1.75L","HARTLEY PARKER","Inventory","0.00"
"2820","UNIBROUE FIN DU MONDE 750ML","NORTHEAST","Inventory","0.00"
"2821","DAILYS COSMO MIX 1L","CDI","Inventory","0.00"
"2822","WHITE ROCK CLUB SODA 1 LITER","NULL","Inventory","0.00"
"2823","YELLOW TAIL  BIG BOLD RED 1.5 L","BRESCOME","Inventory","10.00"
"2828","BACARDI LIMON 1.75L","CDI","Inventory","0.00"
"2829","SIMONNET FEBVRE SAINT BRIS SAUVIGNON","NULL","Inventory","0.00"
"2832","HOOKER GOLDEN NYMPH 16OZ","NULL","Inventory","0.00"
"2833","LEACOCKS RAINWATER MADEIRA","UNKNOWN","Inventory","0.00"
"2834","DEK CREME DE CACAO DARK 750ML","NULL","Inventory","0.00"
"2835","JADOT MACON VILLAGES CHARDONNAY 750ML","BRESCOME","Inventory","0.00"
"2839","DEKUYPER PUCKER SOUR APPLE  375ML","BRESCOME","Inventory","0.00"
"2842","SHORT THROW","UNKNOWN","Inventory","0.00"
"2844","JACQ.BL.B.200ML","UNKNOWN","Inventory","0.00"
"2845","GALLIANO L'AUTENTICO","HARTLEY PARKER","Inventory","0.00"
"2846","RITTENHOUSE RYE WHISKEY 750ML","NULL","Inventory","0.00"
"2847","BEER SINGLE","NULL","Inventory","0.00"
"2848","NIGHT SHIFT MORPH","NULL","Inventory","0.00"
"2851","IS THIE THE REAL LIFE 4PK","UNKNOWN","Inventory","0.00"
"2853","COCA-COLA BOTTLE 1.25LTS","NULL","Inventory","17.00"
"2855","ESTATE CELLAR","UNKNOWN","Inventory","0.00"
"2856","BORSAO GARNACHA BODEGAS 750ML","Winebow, Inc.","Inventory","4.00"
"2857","CANEI ROSE 1.5L","HARTLEY PARKER","Inventory","0.00"
"2858","GENTLEMAN JACK 750ML","EDER BROS","Inventory","0.00"
"2859","SIMI CABERNET SAUVIGNON 750ML","EDER BROS","Inventory","0.00"
"2863","RUM CHATA 375ML","CDI","Inventory","2.00"
"2864","LINDEMANS BIN 45 CABERNET","SLOCUM & SONS INC","Inventory","0.00"
"2865","PEACHY CAN ZINFANDEL INCRED 750ML","NULL","Inventory","0.00"
"2866","DAILYS MARGARITA POUCH 10 OZ","HARTLEY PARKER","Inventory","0.00"
"2867","REEIC BELGIAN ALE","NULL","Inventory","0.00"
"2868","MAGNERS 6PKS","NULL","Inventory","0.00"
"2869","KWV MERLOT   750ML","NULL","Inventory","0.00"
"2872","OLD CROW BOURBON WHISKEY 1.75L","BRESCOME","Inventory","0.00"
"2873","LAPHROIG CASK","UNKNOWN","Inventory","0.00"
"2874","SNIPER VODKA 750ML","NULL","Inventory","0.00"
"2875","J LOHR CABERNET SAUVIGNON 1.5L","CDI","Inventory","0.00"
"2876","ROCK GREEN LT SGL BTL.","FRANKLIN","Inventory","0.00"
"2877","TERLATO FRIULI P GRIGIO","NULL","Inventory","0.00"
"2878","HEALDSBURG MERLOT","UNKNOWN","Inventory","0.00"
"2879","MARTELL VS 375ML","BRESCOME","Inventory","0.00"
"2880","ORACLE CHARD. 750ML","MONSIEUR T","Inventory","0.00"
"2883","CROSSPOINT CAB.SAU. 750ML","UNKNOWN","Inventory","0.00"
"2884","COORS LIGHT CAN 18 PACK 12 0Z","A. GALLO","Inventory","9.00"
"2886","DISARONNO AMARETTO ITALIAN LIQUEUR 750ML","CDI","Inventory","1.00"
"2888","STELLA ARTOIS 11.2OZ 6PK BOTTLE","HDI","Inventory","12.00"
"2889","TY KU ASIAN CITRUS LIQUEUR 750ML","EDER BROS","Inventory","0.00"
"2890","BASS HOG","NULL","Inventory","0.00"
"2891","DRAMBUIE LIQUEUR 750ML","CDI","Inventory","3.00"
"2892","MACJAC","NULL","Inventory","0.00"
"2893","TYSKIE 6PK BTL.","STAR","Inventory","0.00"
"2896","PATRON ANEJO TEQUILA 375ML","CDI","Inventory","2.00"
"2897","WESTERN SON BLUBERRY","NULL","Inventory","0.00"
"2898","KENDALL JACKSON CHARDONNAY 750ML","CDI","Inventory","35.00"
"2901","FOUR ROSES SMALL BATCH SELECT 750ML","EDER BROS","Inventory","1.00"
"2902","BUD LIGHT ALLUMINIUM BOTTLE 16OZ","HDI","Inventory","333.00"
"2903","CASTILLO LIGHT RUM 1 LT","BRESCOME","Inventory","0.00"
"2904","OZWELL MERLOT 1.5L","BRESCOME","Inventory","0.00"
"2905","GUINNESS DRAUGHT STOUT 8PK CAN 16 OZ","A. GALLO","Inventory","7.00"
"2906","SILVERADO CAB.SAU","NULL","Inventory","0.00"
"2908","HOOF HEARTED EVERYONE 4PK","NULL","Inventory","0.00"
"2909","E & J CASK & CREAM 375ML","CDI MERCH-D","Inventory","0.00"
"2910","TASTE OF FLORIDA MIX 750ML","NULL","Inventory","0.00"
"2912","TAYLOR PORT 750ML","BRESCOME","Inventory","0.00"
"2913","SHIELD MENTHOL BOX","MTC","Inventory","0.00"
"2914","MONARCH 100 BOX","MTC","Inventory","0.00"
"2916","RON RICO SILVER 1.75L","CDI MERCH-D","Inventory","0.00"
"2918","CUVAISON SAUVIGNON BLANC","UNKNOWN","Inventory","0.00"
"2920","TH DOBBLE","NULL","Inventory","0.00"
"2922","H.W.SUMBUCA 200ML","BRESCOME","Inventory","0.00"
"2923","JOSE CUERVO MANGO MARGARITA MIX 1.75L","NULL","Inventory","0.00"
"2925","LOST NATION MOSAIC","NULL","Inventory","0.00"
"2927","KENT FALLS SUPERSCRIPT IPA","NULL","Inventory","0.00"
"2929","BAREFOOT PINK MOSCATO 187ML","NULL","Inventory","0.00"
"2930","CARLTON MENTHOL 100 BOX","MTC","Inventory","0.00"
"2931","THE LITTLE WINTER RED 750ML","CDI","Inventory","0.00"
"2933","BAREFOOT CHARDONNAY 750ML","CDI","Inventory","9.00"
"2934","LORD HOBO 6PKS","NULL","Inventory","0.00"
"2936","INAMA VIN SOAVE CLASSICO 750ML","NULL","Inventory","0.00"
"2938","B. R.COHN CAB.SAU 750ML","CDI","Inventory","0.00"
"2940","M.D.20.20STRA.C.750ML","UNKNOWN","Inventory","0.00"
"2941","CUTTY SARK","NULL","Inventory","0.00"
"2943","LAB VINHO VERDE ROSE 750ML","NULL","Inventory","0.00"
"2944","YUENGLING LAGER 12PK CANS 12 OZ","A. GALLO","Inventory","5.00"
"2945","PIMMS NO. 1 LIQUEUR 750ML","EDER BROS","Inventory","3.00"
"2950","PRINCIPATO PINOT NOIR 1.5L","NULL","Inventory","0.00"
"2951","MOET & CHANDON BRUT IMPERIAL CHAMPAGNE 750ML","BRESCOME","Inventory","8.00"
"2952","DEVIANT DALE'S","NULL","Inventory","0.00"
"2953","PETESW STRAW.BLD. 6PK BTL.","G & G BEVERAGE DIST","Inventory","0.00"
"2954","VIRGINIA SLIM100","MTC","Inventory","0.00"
"2955","LOST VINEYARDS SANGRIA 750ML","ACE DISTRIBUTING","Inventory","0.00"
"2957","WACHUSETT OCTBER FEST 12 OZ 6 PK BOTTLE","NULL","Inventory","0.00"
"2960","MALIBU MANGO 1.75L","CDI","Inventory","0.00"
"2961","DAILLY'S","NULL","Inventory","0.00"
"2962","GAME WHITE GRAPE","NULL","Inventory","0.00"
"2964","BALLAST POINT WATERMELON 6PK","NULL","Inventory","0.00"
"2966","PAPIO PINOT GRIGIO 1.5L","HARTLEY PARKER","Inventory","0.00"
"2968","APPLETON JAMAICA SPECIAL RUM 750ML","NULL","Inventory","0.00"
"2969","LAND SHARK 6 PACK BOTTLES","HDI","Inventory","0.00"
"2970","ABSOLUT MANGO VODKA 750ML","CDI","Inventory","0.00"
"2971","XOTERIC 750ML","UNKNOWN","Inventory","0.00"
"2973","CRUZAN  STRAWBERRY RUM 750ML","NULL","Inventory","0.00"
"2975","ELIJAH CRAIG 12 YR OLD 1.75 1.75L","UNKNOWN","Inventory","0.00"
"2976","KING COBRA 40 OZ BOTTLE","DICHELLO","Inventory","0.00"
"2978","LIFE & LIMB SINGLE 16OZ","UNKNOWN","Inventory","0.00"
"2979","HANGING HILL 16OZ","NULL","Inventory","0.00"
"2980","SALVADORS MARGARITA MIX 1L","NULL","Inventory","0.00"
"2981","CHI-CHI'S MARGARITA 1.75L","BRESCOME","Inventory","0.00"
"2982","MCIVOR SCOTCH 1.75L","ACE DISTRIBUTING","Inventory","0.00"
"2983","WEYERBACKER","NULL","Inventory","0.00"
"2984","BAREFOOT MERLOT 1.5L","CDI","Inventory","9.00"
"2985","STONE OAKED ARROGANT BAST 4PK 12 OZ","NULL","Inventory","0.00"
"2987","ANCNOC HIGHLAND SINGLE MALT 12","UNKNOWN","Inventory","0.00"
"2988","HACIENDA CAB SAV 750ML","NULL","Inventory","0.00"
"2989","PRATESI CARMIGNANO 750ML","UNKNOWN","Inventory","0.00"
"2992","DECOY CHARDONNAY 750ML","Winebow, Inc.","Inventory","38.00"
"2995","DON JULIO PRIMAVERA 750ML","BRESCOME","Inventory","1.00"
"2997","CARPINETO VINONOBILE750ML","UNKNOWN","Inventory","0.00"
"2999","COOPER & THIEF RED WINE 750ML","EDER BROS","Inventory","12.00"
"3000","PETER VELLA CHARDONNY  5 LT","CDI","Inventory","0.00"
"3002","TROGS NUGGET NACTAR 16OZ 4PK","UNKNOWN","Inventory","0.00"
"3003","B&J SANGRIA MALT 12 OZ","CDI MERCH-D","Inventory","0.00"
"3008","BLUE POINT SEASONAL BOTTLE 6PK 12 OZ","DICHELLO","Inventory","0.00"
"3012","GOATS DO ROAM RED","UNKNOWN","Inventory","0.00"
"3015","RELIC LOLLIHOP","NULL","Inventory","0.00"
"3016","SINGLECUT","NULL","Inventory","0.00"
"3018","SMIRNOFF KISSED CARAMEL 50ML","EDER BROS","Inventory","52.00"
"3020","GORDON'S VODKA 750ML","HARTLEY PARKER","Inventory","0.00"
"3025","GLENMORANGIE QUINTA RUBAN PORT 14YRS SINGLE MALT SCOTCH WHISKEY 750ML","HP","Inventory","2.00"
"3026","LEASINGHAM MAGNUS SHIRAZ/CAB","HARTLEY PARKER","Inventory","0.00"
"3027","KAHLUA RUM & COFFEE LIQUEUR 375ML","CDI","Inventory","10.00"
"3028","STEMMARI NERO D'AVOLA 750ML","UNKNOWN","Inventory","0.00"
"3031","FONSECA VINTAGE PORTO 1997","BRESCOME","Inventory","0.00"
"3032","VASSE FELIX ADAMS SHIRAZ 750ML","MONSIEUR T","Inventory","0.00"
"3033","DEWAR'S WHITE LABEL SCOTCH 375ML","BRESCOME","Inventory","1.00"
"3034","CISCO BERRY 750ML","BRESCOME","Inventory","0.00"
"3035","MARTIN RAY PINOT NOIR","NULL","Inventory","0.00"
"3036","KEN FORRESTER SAUVIGNON BLANC","NULL","Inventory","0.00"
"3037","DON JULIO TEQUILA BLANCO 1.75L","BRESCOME","Inventory","7.00"
"3038","CAMEL WIDE MENT. BOX 2PK","MTC","Inventory","0.00"
"3039","ROKK CITRUS VODKA 50ML","CDI","Inventory","0.00"
"3044","RADIANT PIG OWN THE NIGHT HAZY IPA","NULL","Inventory","0.00"
"3045","FAIRBANKS CREAM SHERRY 750ML","CDI MERCH-D","Inventory","2.00"
"3051","BARON BLK WATTLE 6PK","FRANKLIN","Inventory","0.00"
"3053","ST BRENDANS IRISH CREAM 750ML","NULL","Inventory","0.00"
"3054","REX GOLIATH PIN GRIG 1.5 L","EDER BROS","Inventory","6.00"
"3057","TWO VINES RED BLEND 1.5LT","BRESCOME","Inventory","0.00"
"3060","MANNY'S ULTIMATE  BLOODY MARY MIX 25OZ BOTTLE","MARTIGNETTI ","Inventory","0.00"
"3061","SARANAC SEASONS 6PK BTL.","STAR","Inventory","0.00"
"3062","GREEN APPLE KIWI AND PINEAPPLE","UNKNOWN","Inventory","0.00"
"3063","FONSECA BIN 27 RESERVE PORTO 750ML","BRESCOME","Inventory","2.00"
"3067","LIBERTY CABER SAUVI 750 ML","EDER BROS","Inventory","0.00"
"3068","CONCHA Y TORO FRONTERA SHIRAZ 1.5 L","BRESCOME","Inventory","0.00"
"3070","JAC GINGER 1L","UNKNOWN","Inventory","0.00"
"3071","MACIEIRA BRANDY 750ML","CDI","Inventory","0.00"
"3074","IKON VODKA 750ML","UNKNOWN","Inventory","0.00"
"3076","AZUL RED WINE","NULL","Inventory","0.00"
"3077","TWO RAOD","NULL","Inventory","0.00"
"3079","TOASTED HEAD CABERNET SAUVIGNON 750ML","CDI","Inventory","0.00"
"3081","BOULEVARD TANK 7 4PK 12 OZ","NULL","Inventory","0.00"
"3083","APHRODITES BLUSH 750","UNKNOWN","Inventory","0.00"
"3085","JOOSE WATERMELON 24OZ CAN","STAR","Inventory","0.00"
"3090","BOTA BOX NIGHTHAWK  RICH RED WINE BLEND 3L","MARTIGNETTI ","Inventory","2.00"
"3092","DUCKHORN NORTH COAST SAUVIGNON BLANC","UNKNOWN","Inventory","0.00"
"3093","BUTTER CHARDONNAY 750ML","BRESCOME","Inventory","12.00"
"3095","THE FAMOUS GROUSE 1.75 L","BRESCOME","Inventory","0.00"
"3096","MC KENZIE'S CIDER","NULL","Inventory","0.00"
"3098","CHRISTIAN BROTHERS BRANDY 375ML","HARTLEY PARKER","Inventory","4.00"
"3100","MCKENZIE'S HARD CIDER 12 OZ","NULL","Inventory","0.00"
"3102","OB CANARCHY MIXED 12 PACK  CAN","UNKNOWN","Inventory","0.00"
"3104","SANTA JULIA MALBEC","HARTLEY PARKER","Inventory","0.00"
"3105","STILL HILL DOUBLE IPA SINGLE","NULL","Inventory","0.00"
"3107","BUCHANAN'S SCOTCH 12 YRS 1.75L","BRESCOME","Inventory","0.00"
"3109","SHEBEEN 6PKS","NULL","Inventory","0.00"
"3111","VAN GOGH DUTCH CHOCOLATE 750ML","NULL","Inventory","0.00"
"3112","SUTTER  HOME SAUVIGNON BLANC 1.5LT","CDI","Inventory","1.00"
"3113","EGGNOG","NULL","Inventory","0.00"
"3114","CT VALLEY 6PK","NULL","Inventory","0.00"
"3115","E & J PEACH","NULL","Inventory","0.00"
"3116","DEPOSIT    5 CENT X","UNKNOWN","Inventory","0.00"
"3118","RED ROCK ALE 6PK","G & G BEVERAGE DIST","Inventory","0.00"
"3119","SHED VARIETY 12PKS","NULL","Inventory","0.00"
"3120","BASIC ULTRA LT 100 BOX","MTC","Inventory","0.00"
"3123","JIM BEAM BOURBON 50 ML","CDI","Inventory","60.00"
"3124","MAGIC HAT IPL","NULL","Inventory","0.00"
"3125","CAVIT PINOT GRIGIO 750ML","BRESCOME","Inventory","10.00"
"3127","JOHNNY APPLESEED HARD CIDER 12 OZ","NULL","Inventory","0.00"
"3128","MAY FLOWER IPA 6PKS","NULL","Inventory","0.00"
"3129","POPOV VODKA 750ML","BRESCOME","Inventory","0.00"
"3133","HIGH NOON WATERMELON HARD SELTZER 4PK","CDI","Inventory","-13.00"
"3134","ODOULS AMBER  NON ALCHOLIC 6PK BOTTLE","HDI","Inventory","0.00"
"3135","CENTURY CELLARS MERLOT 750ML","NULL","Inventory","0.00"
"3136","LA VILLA P.G","NULL","Inventory","0.00"
"3138","ARBOR MIST PEACH/CHARD 1.5 L","BRESCOME","Inventory","0.00"
"3141","DEEP EDDY RUBY RED VODKA 750ML","EDER BROS","Inventory","0.00"
"3142","BASIC BOX","MTC","Inventory","0.00"
"3145","SILVER PLUM CAB-SAV 750ML","CDI","Inventory","0.00"
"3147","GNARLY HEAD PINOT NOIR WINE","HARTLEY PARKER","Inventory","0.00"
"3150","THE BROOKLYN VARIATY","NULL","Inventory","0.00"
"3151","ROBERT MONDAVO CAB.SAUV","UNKNOWN","Inventory","0.00"
"3152","BENCHMARK BOURBON 1.75L","UNKNOWN","Inventory","0.00"
"3153","RUSKOVA VODKA 50ML","HARTLEY PARKER","Inventory","0.00"
"3155","MARSHAL SCOTCH 1.75L","ACE DISTRIBUTING","Inventory","0.00"
"3156","ANGELINI PINOT NOIR  750ML","ANGELINI","Inventory","0.00"
"3158","AYLINGER","NULL","Inventory","0.00"
"3161","KENT FALLS PAUSE AND REFLECT PORTER","UNKNOWN","Inventory","0.00"
"3163","PLUNGER HEAD CABERNET LODI","NULL","Inventory","0.00"
"3167","MURPHY GOODE SAUVIGNON BLANC 750ML","CDI","Inventory","8.00"
"3169","MONTE ANTICO RED BLEND 1.5L","NULL","Inventory","0.00"
"3170","LORD HOBO ORANGE IPA","NULL","Inventory","0.00"
"3172","BOLLA  MERLOT 1.5 L","EDER BROS","Inventory","0.00"
"3173","DEK. PUCKER CHERI-BERI 50ML","CDI","Inventory","0.00"
"3176","TERRE DI BO BARBARESCO 750ML","NULL","Inventory","0.00"
"3177","PATRON XO CAFE","NULL","Inventory","0.00"
"3178","ALMAVIVA 2009","NULL","Inventory","0.00"
"3179","ROMANA SAMBVCA 375ML","MARTIGNETTI ","Inventory","2.00"
"3181","BABY LEPRECHAUNS","UNKNOWN","Inventory","0.00"
"3183","LA CREMA MONTEREY CHARDONNAY 750ML","CDI","Inventory","6.00"
"3186","UASHJAS","UNKNOWN","Inventory","0.00"
"3187","E&J PEACH BRANDY 375 ML","NULL","Inventory","0.00"
"3192","FAIRBANKS PORT","CDI MERCH-D","Inventory","0.00"
"3193","JOHNNIE WALKER RED 375ML","EDER BROS","Inventory","1.00"
"3194","LES VIELLES BOURGOGNE CHAR750","UNKNOWN","Inventory","0.00"
"3196","NEWTON THE PUZZLE 15 6PK","NULL","Inventory","0.00"
"3197","GEYSER PEAK CHARD. 750ML","UNKNOWN","Inventory","0.00"
"3198","KILLIANS IRISH RED 12PK 12 OZ","G & G BEVERAGE DIST","Inventory","0.00"
"3201","CYT FRONT MOSCATO 1.5 L","BRESCOME","Inventory","0.00"
"3204","SONOMA MENTHOL BOX","MTC","Inventory","0.00"
"3208","DEK PUCKER ISLAND BLUE 750ML","BRESCOME","Inventory","0.00"
"3209","REX GOLIATH SAUVIGNON BLANC 1.5L","EDER BROS","Inventory","0.00"
"3210","ARROW CREME DE MENTHE WHITE-30","UNKNOWN","Inventory","0.00"
"3213","MAJORSKA VODKA 80 PROOF 200ML","MARTIGNETTI ","Inventory","2.00"
"3215","ULTIMAT VODKA 750ML","UNKNOWN","Inventory","0.00"
"3217","UINTA GOLDEN ALE","UNKNOWN","Inventory","0.00"
"3221","EBERLE MUSCAT 750ML","UNKNOWN","Inventory","0.00"
"3222","NEBCO SEA HAG IPA 6PK CANS","A. GALLO","Inventory","12.00"
"3225","BOONES FARM WATERMELON 750ML","CDI MERCH-D","Inventory","0.00"
"3226","EZRA BROOKS 90 PROOF 50 ML","UNKNOWN","Inventory","0.00"
"3228","FOREST GLEN CHARD","BRESCOME","Inventory","0.00"
"3231","STILL HILL","UNKNOWN","Inventory","0.00"
"3233","SHARPE HILL CHARD. 750ML","SHARPE HILL","Inventory","0.00"
"3235","MOET NECTAR IMPERIAL 750ML","EDER BROS","Inventory","0.00"
"3237","AMERICAN SPIRIT YELLOW CIGARETTES","MANCHESTER T","Inventory","8.00"
"3238","BAILEYS IRISH CREAM 750ML","MARTIGNETTI ","Inventory","15.00"
"3239","WOLFSCHMIDT VOD. 50ML","CDI MERCH-D","Inventory","0.00"
"3241","JIM BEAM BLACK 8 YR 86PROOF 375ML","BRESCOME","Inventory","0.00"
"3242","LIVING CELLAR WHITE ZINFANDEL","CDI MERCH-D","Inventory","0.00"
"3244","INGLENOOK C.BURGUNDY 1.5L","BRESCOME","Inventory","0.00"
"3245","HOP NOSH 6 PKS","NULL","Inventory","0.00"
"3248","VAN GOGH DOUBLE EXPRESSO VODKA 750ML","EDER BROS","Inventory","0.00"
"3250","BLACKSTONE  PINOT NOIR 750ML","HARTLEY PARKER","Inventory","0.00"
"3251","CONCHA Y TORO CHARDONNAY 750ML","NULL","Inventory","0.00"
"3254","SUSANA BALBO MALBEC 750ML","NULL","Inventory","0.00"
"3258","TERRA OAK CASK MERLOT 750ML","ACE DISTRIBUTING","Inventory","0.00"
"3259","TURNINGLEAF PINOT NOIR 1.5 L","CDI MERCH-D","Inventory","0.00"
"3261","BLACK CREEK  PINO NOIR 750ML","NULL","Inventory","0.00"
"3263","DONA HELENA WHITE 750ML","NULL","Inventory","0.00"
"3264","ARTESA PINOT NOIR","NULL","Inventory","0.00"
"3266","CONEY ISLAND ROOT BEER 6PKS","NULL","Inventory","0.00"
"3267","DE KUYPER BUTTERSHOTS BUTTERSCOTCH SCHNAPPS 750ML","BRESCOME","Inventory","2.00"
"3268","BOONES SANGRIA 750ML","CDI MERCH-D","Inventory","0.00"
"3269","SMIRNOFF WHITE GRAPE 50 ML","BRESCOME","Inventory","0.00"
"3270","HAMMER + SICKLE VODKA 750ML","DICHELLO","Inventory","0.00"
"3272","ROSSO DI TOSCANA 750ML","MONSIEUR T","Inventory","0.00"
"3273","SMIRNOFF WATERMELON 50 ML","EDER BROS","Inventory","0.00"
"3274","COLLECTIVE ART 16OZ","NULL","Inventory","0.00"
"3275","SPARKPLUG BLAND","NULL","Inventory","0.00"
"3277","E&J BRANDY VSOP 50 ML","CDI MERCH-D","Inventory","0.00"
"3279","HENDRICKS GIN 750ML","CDI","Inventory","14.00"
"3281","AMARONE ALLEGRINI 750ML","UNKNOWN","Inventory","0.00"
"3282","TROGS NUGGET 6PKS","NULL","Inventory","0.00"
"3283","AIX ROSE PROVENCE 750ML","BRESCOME","Inventory","54.00"
"3284","SARAJEVO 6PK BTL.","FRANKLIN","Inventory","0.00"
"3285","BBC PILS","NULL","Inventory","0.00"
"3287","CROOK","NULL","Inventory","0.00"
"3288","ABSOLUT VANILLA VODKA 750ML","CDI","Inventory","1.00"
"3289","JOHNNIE WALKER GOLD RESERVE 750 ML","BRESCOME","Inventory","1.00"
"3291","FULL MOONSHINE CRANBERRY 750ML","NULL","Inventory","0.00"
"3292","MONSIEUR TOUTON SAUVIGNON BORDEAUX 750ML","TOUTON MONSIEUR TOUTON SELECTION LTD","Inventory","6.00"
"3295","TROPICANA STRAWBERRY KIWI 16 OZ","MTC","Inventory","0.00"
"3297","SEA SUN PINOT NOIR","UNKNOWN","Inventory","0.00"
"3298","COLLECTIVE ART SOUR","UNKNOWN","Inventory","0.00"
"3299","DUVEL TRIPLE HOP 4PK","NULL","Inventory","0.00"
"3302","MUSEUM MUSCAT 375ML","UNKNOWN","Inventory","0.00"
"3304","SHEFFIELD TAWNY PORT 750ML","HARTLEY PARKER","Inventory","0.00"
"3307","OMMEGANG","NULL","Inventory","0.00"
"3308","LEMONADE","NULL","Inventory","0.00"
"3312","DEKUYPER WATERMELON PUCKER","CDI","Inventory","0.00"
"3313","BULLEIT BOURBON 375ML","BRESCOME","Inventory","3.00"
"3316","PINNER OSKAR BLUES","UNKNOWN","Inventory","0.00"
"3317","HOPPORTUNITY SINGLE","UNKNOWN","Inventory","0.00"
"3318","E&J TV CABERNET SAUVIGNON NV","UNKNOWN","Inventory","0.00"
"3319","APPLETON ESTATE VX 750ML","NULL","Inventory","0.00"
"3321","CAVIT PINOT NOIR 1.5L","BRESCOME","Inventory","12.00"
"3328","NOBLE VINES 337 LODI CABERNET SAUVIGNON","MARTIGNETTI ","Inventory","8.00"
"3329","STONY","NULL","Inventory","0.00"
"3330","JIM BEAM HONEY BOURBON 375ML","BRESCOME","Inventory","3.00"
"3333","ICEHOUSE 4/6/16 CN","STAR","Inventory","0.00"
"3335","CYPRESS MERLOT 1.5L","UNKNOWN","Inventory","0.00"
"3336","JACOB CREEK CHARDONNAY 1.5L","UNKNOWN","Inventory","0.00"
"3337","RUFFINO IL DUCALE TOSCANA","BRESCOME","Inventory","0.00"
"3339","WINDSOR CANADIAN 750ML GLASS","BRESCOME","Inventory","0.00"
"3340","TIKI RITA TROPI. MARGARITA 4PK","UNKNOWN","Inventory","0.00"
"3341","APOTHIC WHITE BLEND","CDI","Inventory","0.00"
"3343","LA PIAZZA MERLOT","NULL","Inventory","0.00"
"3344","FESTIVO MALBEC 750ML","NULL","Inventory","0.00"
"3345","JIM BEAM FIRE 375ML","CDI","Inventory","1.00"
"3347","BOTA BOX NIGHTHAWK BOURBON BARREL AGED CABARNET 3L","MARTIGNETTI ","Inventory","0.00"
"3348","OLD SCU# KING WILL S 1.75L","UNKNOWN","Inventory","0.00"
"3351","INCA PINOT NOIR 750ML","NULL","Inventory","0.00"
"3352","CAPE LINE HARD STRAWBERRY LEMONADE 12OZ","NULL","Inventory","0.00"
"3353","UV PINK LEMONADE 750ML","SLOCUM & SONS INC","Inventory","0.00"
"3354","BEER SINGLE","NULL","Inventory","0.00"
"3359","DEPOSIT    $1.00","UNKNOWN","Inventory","0.00"
"3360","SMITHWICK'S RED ALE 12PK BOTTLES","A. GALLO","Inventory","0.00"
"3361","AMANCAYA CAB SAUV/MALBEC","UNKNOWN","Inventory","0.00"
"3362","BEER SINGLE","NULL","Inventory","0.00"
"3364","POWDER HOLLOW 4PKS","NULL","Inventory","0.00"
"3367","BEER SINGLE","NULL","Inventory","0.00"
"3369","ESTANCIA CHARD 3L","NULL","Inventory","0.00"
"3372","GALLO VERMOUTH (DRY) 750ML","CDI MERCH-D","Inventory","0.00"
"3373","FERRARI CARANO CABERNET SAUVIGNON 750ML","BRESCOME","Inventory","4.00"
"3374","LAURENT PERRIER BRUT LA CUVEE 750ML","Winebow, Inc.","Inventory","5.00"
"3378","ROSES SWEETENED LIME JUICE 1 LTR","EDER BROS","Inventory","0.00"
"3379","FUNKY BOW CIDER","NULL","Inventory","0.00"
"3382","BERINGER FOUNDERS CHARDONNAY 1.5LT","EDER BROS","Inventory","0.00"
"3383","RED DIAMOND SHIRAZ 750ML","EDER BROS","Inventory","0.00"
"3385","ESTRELLA CHARDONNAY 1.5LT","HP","Inventory","0.00"
"3386","SAILOR JERRY SPICED RUM 750ML","BRESCOME","Inventory","1.00"
"3387","CRISTALL VODKA 750ML","ACE DISTRIBUTING","Inventory","0.00"
"3390","LAMBORGHINI TRESCONE","UNKNOWN","Inventory","0.00"
"3391","ARTESA CARNEROS CHARDONNAY","NULL","Inventory","0.00"
"3392","BLACK SWAN PINO GRI. 1.5L","CDI MERCH-D","Inventory","0.00"
"3396","MICH ULTRA MIXED BERRY SINGLE","NULL","Inventory","0.00"
"3397","TUSCANY MTH. LIGHT 100S","MANCHESTER T","Inventory","0.00"
"3398","LAWS TRIPLE SUNSHINE 4PK","NULL","Inventory","0.00"
"3399","SOBIESKI  VODKA 1 L","OPICI","Inventory","7.00"
"3402","STERLING NAPA CABERNET","ALLAN S GOOD","Inventory","0.00"
"3403","CARLO ROSSI BURGUNDY 1.5L","CDI MERCH-D","Inventory","0.00"
"3407","OMMEGANG HENNEPIN ALE","NULL","Inventory","0.00"
"3409","CLINE MOURVEDRE ROSE 750ML","SLOCUM & SONS INC","Inventory","1.00"
"3411","PUERTO VALLARTA TAQ. 375ML","ACE DISTRIBUTING","Inventory","0.00"
"3414","CLUB VODKA MARTINI 200ML GLS","BRESCOME","Inventory","0.00"
"3421","WATERCOLORS SYNERGY 6-4PK","NULL","Inventory","0.00"
"3423","FAIRBANKS CPD SHERRY","CDI MERCH-D","Inventory","0.00"
"3424","WILLETT POT STILL RESERVE 750ML","OPICI","Inventory","2.00"
"3426","TOMMY BAHAMA RUM 375ML","BRESCOME","Inventory","0.00"
"3427","SER GIOVETO 750ML","UNKNOWN","Inventory","0.00"
"3429","STIMSON MERLOT 1.5L","ALLAN S GOOD","Inventory","0.00"
"3430","RELAX PINK ROSE 750ML","HARTLEY PARKER","Inventory","0.00"
"3431","PILSNER URQUELL 6 PACK","NULL","Inventory","0.00"
"3433","GEHRICKE RUSSIAN RIVER CHARDONNAY 6PK","NULL","Inventory","0.00"
"3434","RASCAL PINOT GRIGIO 750ML","NULL","Inventory","0.00"
"3435","OMME GANG ROSE CIDER 4PK","UNKNOWN","Inventory","0.00"
"3436","HOOKER DOBBLE IPA","NULL","Inventory","0.00"
"3437","LADY BLIGHT SPICED RUM 1 LT","SLOCUM & SONS INC","Inventory","0.00"
"3439","KUNDE ESTATE MERLOT","HARTLEY PARKER","Inventory","0.00"
"3443","TROEGS PERPETUAL IPA","NULL","Inventory","0.00"
"3444","WILD TURKEY LONGBRANCH BOURBON WHISKEY 750ML","BRESCOME","Inventory","2.00"
"3445","MAJORSKA 100 PROOF VODKA 200ML","MARTIGNETTI ","Inventory","0.00"
"3446","ESTANCIA PINOT NOIR 750ML","BRESCOME","Inventory","0.00"
"3447","ANCHOR BREWING 12PKS","NULL","Inventory","0.00"
"3449","WILD RED 6PK BTL.","DICHELLO","Inventory","0.00"
"3454","PEAK ORGANIC IPA","NULL","Inventory","0.00"
"3455","BBC SESSION IPA 22OZ","NULL","Inventory","0.00"
"3456","SAFE HARBOR IPA","UNKNOWN","Inventory","0.00"
"3457","TWO OCEANS CHARDONNAY 1.5L","NULL","Inventory","0.00"
"3458","STONYCREEK IPA","NULL","Inventory","0.00"
"3462","BEER SINGLE","NULL","Inventory","0.00"
"3465","BLOOD ORANGE PALE ALE 6PKS","NULL","Inventory","0.00"
"3467","PRIDE & CLARKE VODKA 750ML","SLOCUM & SONS INC","Inventory","0.00"
"3470","FIREBALL CINNAMON WHISKY TRAVELLER 750ML","NORTHEAST","Inventory","0.00"
"3471","BAR-TENDERS SWEET LIME 750ML","NULL","Inventory","0.00"
"3473","S.RITA CARMENERE750ML","WORLD WIDE","Inventory","0.00"
"3474","GLEN ELLEN CAB-SAU. 3L","BRESCOME","Inventory","0.00"
"3476","MALIBU COCONUT RUM 200ML","CDI","Inventory","5.00"
"3477","THORNY ROSE SAU.BLANC","NULL","Inventory","0.00"
"3479","TEACHER'S SCOTCH 1.75ML","NULL","Inventory","0.00"
"3480","HELLER ESTATE CAB SAV 750ML","HARTLEY PARKER","Inventory","0.00"
"3481","PELIGROSO REPOSADO","NULL","Inventory","0.00"
"3483","WEYERBACHER IPA","NULL","Inventory","0.00"
"3484","SKYGAZER","UNKNOWN","Inventory","0.00"
"3486","SLANE IRISH WHISKEY","UNKNOWN","Inventory","0.00"
"3488","MARGARITAVILLE LIME 50ML","DICHELLO","Inventory","0.00"
"3490","PARROT BAY PASSION FRUIT 200ML","HARTLEY PARKER","Inventory","0.00"
"3491","LITCHFIELD MANHATTAN RTD COCKTAIL 750ML","EDER BROS","Inventory","0.00"
"3493","MEZZACORONA PINOT GRIGIO 1.5L","CDI","Inventory","2.00"
"3495","CRUZAN PINEAPPLE RUM 750ML","HARTLEY PARKER","Inventory","0.00"
"3501","BADGER MOUNTAIN PINOT N 750ML","NULL","Inventory","0.00"
"3502","TAYLOR DRY SHERRY 1.5L","CDI","Inventory","0.00"
"3503","PINOT GRIS","NULL","Inventory","0.00"
"3504","DI AMORE AMARETTO","BRESCOME","Inventory","0.00"
"3505","CHIMAY PREMIERE 750ML","STAR","Inventory","0.00"
"3507","JOHNNIE WALKER BLACK 750ML","NORTHEAST","Inventory","6.00"
"3509","HOOKER'S","NULL","Inventory","0.00"
"3510","BLACK BOX PINOT GRIGIO 500ML","CDI","Inventory","14.00"
"3511","MICHELOB ULTRA ORGANIC SELTZER COCONUT WATER 12OZ 12PK CANS","HDI","Inventory","0.00"
"3512","VERAMONTE CHARDONNAY","BRESCOME","Inventory","0.00"
"3514","LE MERIE","NULL","Inventory","0.00"
"3517","LONE PINE DOBBLE IPA","NULL","Inventory","0.00"
"3520","CUTTY SARK","BRESCOME","Inventory","0.00"
"3521","LITCHFIELD VANILLA BOURBON 750ML","EDER BROS","Inventory","1.00"
"3523","BELHAVEN SCOTTISH ALE 12OZ 6PK","NULL","Inventory","0.00"
"3524","CITIZION CIDER","NULL","Inventory","0.00"
"3529","MON FRERE CAB.SAUV","NULL","Inventory","0.00"
"3532","REFUND   90 CENTS","UNKNOWN","Inventory","0.00"
"3533","CALDERA IPA 6PKS","NULL","Inventory","0.00"
"3534","SEAGRAMS VO CANADIAN WHISKEY 375ML","CDI","Inventory","1.00"
"3536","OLE SMOKY MOONSHINE BUTTER PECAN 50ML","MARTIGNETTI ","Inventory","0.00"
"3537","LIVINGSTON CABERNET SAUVIGNON 3L","CDI MERCH-D","Inventory","0.00"
"3539","STILLWATER VARIETY 12PK","NULL","Inventory","0.00"
"3540","HARMITHURSH","NULL","Inventory","0.00"
"3541","CHATEAU FAGE GRAVES DE VAYRES BLANC","TOUTON MONSIEUR TOUTON SELECTION LTD","Inventory","0.00"
"3548","BLUE RIBBON CLASSICS VARIETY 15PK CAN","NULL","Inventory","0.00"
"3551","NAVAN VANILA LIQUEUR 750ML","BRESCOME","Inventory","0.00"
"3552","STONE LAGER 6PK","NULL","Inventory","0.00"
"3555","CH.ST.NICHOLAS CHARD 750ML","NULL","Inventory","0.00"
"3558","SEBEKA SHIRAZ 750ML","CDI MERCH-D","Inventory","0.00"
"3560","GUIGAL COTE DU RHONE BLANC","NULL","Inventory","0.00"
"3561","NATURA ROSE ORGANIC","UNKNOWN","Inventory","0.00"
"3563","SKYGAZER EVEN MORE 4PK","NULL","Inventory","0.00"
"3569","JIM BEAM KENTUCKY BOURBON 750ML","BRESCOME","Inventory","13.00"
"3571","EFFEN  VODKA 750ML","ALLAN S GOOD","Inventory","0.00"
"3572","E & J CASK & CREAM CARAMEL 750","CDI MERCH-D","Inventory","0.00"
"3573","PIPEWORK","NULL","Inventory","0.00"
"3575","COSMIC CIRCUS","NULL","Inventory","0.00"
"3576","W.L. WELLER SPECIAL RESERVE WHEATED BOURBON 750ML","NORTHEAST","Inventory","3.00"
"3577","HANWOOD CAB.SAU. 750ML","UNKNOWN","Inventory","0.00"
"3578","POUR JUDGEMENT","NULL","Inventory","0.00"
"3579","SUTTERHOME CABERNET SAUVIGNON TETRA PACK 500ML BOX","CDI","Inventory","0.00"
"3580","TAITTINGER PRESTIGE ROSE 6PK","UNKNOWN","Inventory","0.00"
"3581","MICHTER'S SMALL BATCH US 1 BOURBON 750ML","BRESCOME","Inventory","7.00"
"3584","DON JULIO REPOSADO 1.75LT","BRESCOME","Inventory","2.00"
"3586","BROQUEL CAB.SAUV","NULL","Inventory","0.00"
"3587","OLIFANT VODKA 1.75L","BRESCOME","Inventory","0.00"
"3589","ABSOLUT GRAPEFRUIT VODKA 750ML","CDI","Inventory","0.00"
"3590","BANROCK STATION SHIRAZ 1.5L","HARTLEY PARKER","Inventory","0.00"
"3592","JOSE CUERVO ESPECIAL GOLD TEQUILA 375ML","EDER BROS","Inventory","6.00"
"3593","JACQUIN VODKA 200ML","UNKNOWN","Inventory","0.00"
"3595","HENNESSY VS COGNAC 200ML","CDI","Inventory","2.00"
"3596","LAGUNITAS IPA 6PK 12OZ BOTTLE","A. GALLO","Inventory","0.00"
"3598","CROWN ROYAL BLENDERS MASH 750ML","NULL","Inventory","0.00"
"3603","HENRY'S 12PK","NULL","Inventory","0.00"
"3606","T.G.I.F.PASSION MOJITO 750ML","NULL","Inventory","0.00"
"3607","CIROC POMEGRANATE 750ML","UNKNOWN","Inventory","0.00"
"3608","DUTCHCRAFT VODKA 1.75L","ACE DISTRIBUTING","Inventory","0.00"
"3610","SILVER PALM CABERNET SAUVIGNON 750ML","NULL","Inventory","0.00"
"3611","OSCAR BLUES DALE'S PALE ALE CAN 12 OZ","NULL","Inventory","0.00"
"3612","SALZER","UNKNOWN","Inventory","0.00"
"3614","NESTEA LEMON TEA 16.9OZ","NULL","Inventory","0.00"
"3616","ANDRE BRUT 750ML","CDI","Inventory","0.00"
"3618","BIG HOUSE PINOT GRIGIO 6PK","NULL","Inventory","0.00"
"3619","DEKUY.CHERI-B PUCKER200ML","UNKNOWN","Inventory","0.00"
"3622","MARSHAL SCOTCH  750ML","ACE DISTRIBUTING","Inventory","0.00"
"3623","TAAKA VODKA 1.75L","NORTHEAST","Inventory","4.00"
"3624","E&J BRANDY GRAND BLUE VSOP 375ML","CDI MERCH-D","Inventory","2.00"
"3625","FOX BROOK CHARDONNAY 1.5 L","ALLAN S GOOD","Inventory","0.00"
"3626","SHOCK TOP SEASONAL 6PK 12 OZ","DICHELLO","Inventory","0.00"
"3627","THE GLENLIVET 12YR SINGLE MALT WHISKEY 750ML","BRESCOME","Inventory","1.00"
"3628","NEW ENGLAND CIDER CO PUMPKIN CIDER","UNKNOWN","Inventory","0.00"
"3632","KNOB CREEK BOURBON 9YRS 100PROOF 750ML","BRESCOME","Inventory","5.00"
"3633","UV SWEET GREEN TEA","SLOCUM & SONS INC","Inventory","0.00"
"3634","COLT 45 24 OZ CAN","STAR","Inventory","0.00"
"3636","STONE SEASONAL 12 OZ","NULL","Inventory","0.00"
"3638","SLANE TRIPLE CASKED IRISH WHISKEY 750ML","EDER BROS","Inventory","5.00"
"3639","WINSTON RED BOX","MANCHESTER T","Inventory","0.00"
"3641","OPICI HOMEMADE BARBERONE RED 3LT","OPICI","Inventory","11.00"
"3642","BBC","NULL","Inventory","0.00"
"3643","GOIYA SOUTH AFRICA CHARDONNAY","CDI","Inventory","0.00"
"3644","PROSPACT CIDER WORK","NULL","Inventory","0.00"
"3645","CISCO STRAWBERRY 750ML","BRESCOME","Inventory","0.00"
"3646","REMY MARTIN 1738 375ML","BRESCOME","Inventory","4.00"
"3647","JOSH MERLOT 750ML","BRESCOME","Inventory","8.00"
"3650","THIMBLE LAGER 6PKS","NULL","Inventory","0.00"
"3653","LEGITIMUS STOUT 160Z 4PK","UNKNOWN","Inventory","0.00"
"3655","GLEN ELLEN MERLOT 1.5L","BRESCOME","Inventory","0.00"
"3656","ALTOS SILVER TEQUILA 750ML","NULL","Inventory","0.00"
"3657","BOOM SAUCE","NULL","Inventory","1.00"
"3658","J.P. CHENET CAB-SYRAH 3L","ALLAN S GOOD","Inventory","0.00"
"3659","DEPOSIT    $1.20","UNKNOWN","Inventory","0.00"
"3661","NINA'S RASPBERRY PUREE MIX","NULL","Inventory","0.00"
"3663","OSKAR BLUE PASSION FRUIT PICKER","NULL","Inventory","0.00"
"3665","DEKUYPER TRIPLE SEC LIQUEUR 750ML","BRESCOME","Inventory","0.00"
"3669","COLOR BLIND IPA 16OZ 4PK","UNKNOWN","Inventory","0.00"
"3670","GEYSER PEAK SAUV BLANC","UNKNOWN","Inventory","0.00"
"3671","DEPOSIT","NORTHEAST","Inventory","0.00"
"3672","JAMESON IRISH WHISKEY 1.75L","NORTHEAST","Inventory","13.00"
"3674","CESARI AMARONE CLASSICO 750ML","OPICI","Inventory","14.00"
"3676","ESTATE CELLAR MERLOT 1.5L","BRESCOME","Inventory","0.00"
"3678","LITTLE BOOMEY SHIRAZ 1.5L","CDI","Inventory","0.00"
"3679","WEYERBACHER  MERRY MONK 12 OZ","UNKNOWN","Inventory","0.00"
"3681","CELLAR NO. 8 CAB","EDER BROS","Inventory","0.00"
"3682","LORD HOBO STEAL 16OZ 6PKS","NULL","Inventory","0.00"
"3683","OMMEGANG ABBEY ALE","NULL","Inventory","-2.00"
"3685","COLOMBO MARSALA SWEET","NULL","Inventory","0.00"
"3687","SONOMA FULL FLAVOR 100BOX","MTC","Inventory","0.00"
"3688","JOHNNY","NULL","Inventory","0.00"
"3689","DIEVOLE RINASCENTO 750ML","UNKNOWN","Inventory","0.00"
"3690","LIBERTY CREEK MERLOT 1.5 L","CDI","Inventory","4.00"
"3691","SANDRA LEE STRAWBERRY MARGARITA","NULL","Inventory","0.00"
"3692","BAXTER 12PKS VARIATY","NULL","Inventory","0.00"
"3693","RESIN SIX POINT","NULL","Inventory","0.00"
"3695","ALPINE DUET 12 OZ","NULL","Inventory","0.00"
"3697","MOUNTAIN DEW 2L","NULL","Inventory","0.00"
"3699","CIDER 16OZ","NULL","Inventory","0.00"
"3705","EVAN WILLIAMS BLACK 1.75L","MARTIGNETTI ","Inventory","7.00"
"3707","FOREIGN OBJECT","NULL","Inventory","0.00"
"3710","TEST","NULL","Inventory","0.00"
"3711","DON JULIO ANEJO 375ML","BRESCOME","Inventory","0.00"
"3712","WALKER KIRSCHWASSER 750ML","BRESCOME","Inventory","0.00"
"3713","TALUS PINOT NOIR 1.5L","BRESCOME","Inventory","0.00"
"3714","HOGUE CHARDONNAY 750ML","CDI","Inventory","0.00"
"3715","SINGLE CUT","NULL","Inventory","0.00"
"3716","COCKBURNS SPECIAL RESERVE PORTO 750ML","BRESCOME","Inventory","0.00"
"3718","RUSSIAN STANDARD PLAT 50ML","NULL","Inventory","0.00"
"3720","HANG HILLS HILLS PILS SINGLE","NULL","Inventory","0.00"
"3721","BAREFOOT RIESLING 1.5 L","CDI","Inventory","0.00"
"3722","WILD VINES FRUT.SUNSH.750ML","NULL","Inventory","0.00"
"3724","LA CRAIE POUILLY FUME 750ML","TOUTON MONSIEUR TOUTON SELECTION LTD","Inventory","0.00"
"3725","LEINENKUGELS SUMMER SHANDY 12 OZ 6PK BTL","A. GALLO","Inventory","4.00"
"3726","HAUT PIOQAT","NULL","Inventory","0.00"
"3727","TARANTULA MARGARITA MIX 1.75L","CDI","Inventory","0.00"
"3729","SANTA RITA RED BLEND 750ML","UNKNOWN","Inventory","0.00"
"3732","M&R BIANCO VERMOUTH 750ML","CDI","Inventory","0.00"
"3733","CVB","NULL","Inventory","0.00"
"3734","JEREMIAH WEED SWEET TEA 375ML","None","Inventory","0.00"
"3736","RAMITELLO 750ML","UNKNOWN","Inventory","0.00"
"3737","TRES GENERACIONES ANEJO 750ML","BRESCOME","Inventory","0.00"
"3738","JIM BEAM PEACH 750ML","CDI","Inventory","2.00"
"3739","WOODBRIDGE CABERNET SAUVIGNON 1.5LT","MARTIGNETTI ","Inventory","4.00"
"3740","R.F.CHARDONNAY 750ML","UNKNOWN","Inventory","0.00"
"3742","THE CLUB MANHATTAN GLS. 200ML","BRESCOME","Inventory","0.00"
"3743","EMMOLO MERLOT 750ML","NULL","Inventory","0.00"
"3744","BEST OF BELGIUM 12PC SAMPLER","NULL","Inventory","0.00"
"3746","DEKUYPER WATERMELON PUCKER 750ML","BRESCOME","Inventory","0.00"
"3748","HEY YALL","UNKNOWN","Inventory","0.00"
"3749","BRIO MARGAUX 2009","NULL","Inventory","0.00"
"3751","KUYA FUSION RUM 750ML","NULL","Inventory","0.00"
"3752","GIA FRIZZANTE CHARDONNAY 750ML","NULL","Inventory","0.00"
"3754","SN PEACH TEA 16OZ","UNKNOWN","Inventory","0.00"
"3755","BV COASTAL RED BLEND","NULL","Inventory","0.00"
"3756","B&J APPLE PASSION 4PK","CDI MERCH-D","Inventory","0.00"
"3759","FONSECA 20YR PORTO","BRESCOME","Inventory","0.00"
"3761","LIQUID LIGHT SAUVIGNON BLANC 750ML","EDER BROS","Inventory","10.00"
"3762","WILD VINES FRUT.SUNS.1.5L","NULL","Inventory","0.00"
"3764","LEGITIMUS NEUFSTRONG","NULL","Inventory","0.00"
"3765","BRIGHTSIDE IPA 4 PK","UNKNOWN","Inventory","0.00"
"3766","DUVAL-LEROY ROSE 750ML","NULL","Inventory","0.00"
"3767","GREY GOOSE ESSENCES WATERMELON & BASIL 750ML","BRESCOME","Inventory","0.00"
"3769","BIODYNAMIC CHARD","NULL","Inventory","0.00"
"3771","STARCUT MOSA HARD CIDER","NULL","Inventory","0.00"
"3774","DEK. BUTTERSHOTS SCH. 1.75L","CDI","Inventory","0.00"
"3775","BOTA MINI SAUVIGNON BLANC 500ML","CDI","Inventory","16.00"
"3779","SPORTOLETTI ASSISI RO.750ML","UNKNOWN","Inventory","0.00"
"3780","LIGHTER CLEAR","NULL","Inventory","0.00"
"3781","CRISPIN THE SAINT 22OZ","NULL","Inventory","0.00"
"3783","SIXPOINT THE CRISP PILZ 6PK","NULL","Inventory","0.00"
"3784","BLOCK CHARDONNY WINE 750ML","UNKNOWN","Inventory","0.00"
"3785","T HOOKER NO FILTER 6PKS","NULL","Inventory","0.00"
"3786","JOSE CUERVO LIGHT MARGARITA MIX 1L","NULL","Inventory","0.00"
"3788","LITTLE SISTER SESSION IPA 6PK","NULL","Inventory","0.00"
"3789","GENO AURIEMMA PINOT GRI 750ML","DICHELLO","Inventory","0.00"
"3790","TROUT RIVER IPA","NULL","Inventory","0.00"
"3792","SAM REBEL 16OZ","NULL","Inventory","0.00"
"3794","STARBUCKS CREAM LIQ. 375ML","CDI","Inventory","0.00"
"3798","SINGLE CUT IPA 6PK","NULL","Inventory","0.00"
"3799","GABBIANO CHIATI 1.5 L","NULL","Inventory","0.00"
"3802","WILD MOON CRANBERRY LIQUEUR","NULL","Inventory","0.00"
"3803","MALIBU MANGO RUM 750ML","CDI","Inventory","0.00"
"3804","BONTERRA ROSE 750ML","NULL","Inventory","0.00"
"3805","USA GOLD FULL FLAVOR 2PK","MANCHESTER T","Inventory","0.00"
"3807","THE SUBCONSCIOUS 4PK","UNKNOWN","Inventory","0.00"
"3808","MICHTER'S SOUR MASH AMERICAN WHISKEY 750ML","BRESCOME","Inventory","2.00"
"3809","SNOW HOLE","NULL","Inventory","0.00"
"3810","NATHANSON CR. CHARD.1.5L","UNKNOWN","Inventory","0.00"
"3813","MALIBU COCONUT RUM 375ML","MARTIGNETTI ","Inventory","4.00"
"3816","JOSE CUERVO STRWBRY MIX 1.75L","NULL","Inventory","0.00"
"3819","BARTON & GUESTIER CHARDONNAY 1.5 L","CDI","Inventory","0.00"
"3820","VICTORY SUMMER LOVE 12PK 12 OZ","NULL","Inventory","0.00"
"3825","MALIBU BANANA 200ML","CDI","Inventory","0.00"
"3826","CLOUDY BAY SAUV BLANC 2006 750ML","NULL","Inventory","0.00"
"3827","BBC","UNKNOWN","Inventory","0.00"
"3829","BOUTARI MOSCHOFILERO 750ML","UNKNOWN","Inventory","0.00"
"3830","KALIMA TROP. CREAMERS 6PK","HDI","Inventory","0.00"
"3831","MIA DOLCEA MOSCATO D'ASTI 750ML","CDI MERCH-D","Inventory","0.00"
"3833","L&M BOLD 100","NULL","Inventory","0.00"
"3834","RED STRIPE 6PK BOTTLE","A. GALLO","Inventory","4.00"
"3835","TREANA RED 750ML","NULL","Inventory","0.00"
"3836","MAKE IT NICE NEIPA 4PK","UNKNOWN","Inventory","0.00"
"3837","MOSCATO D ASTI PIAZZO 750ML","ANGELINI","Inventory","0.00"
"3838","STINGY PUMPKIN","NULL","Inventory","0.00"
"3839","SUNSHINE PILS","NULL","Inventory","0.00"
"3840","CALVERT EXTRA 375ML","BRESCOME","Inventory","0.00"
"3844","BLACK TOWER RIVANER 1.5L","BRESCOME","Inventory","0.00"
"3846","BLACKSTONE RED BLAND 750ML","HARTLEY PARKER","Inventory","0.00"
"3847","CABO WABO BLANCO 750ML","HP","Inventory","0.00"
"3849","T.G.I.F. MARGARITA 1.75L","EDER BROS","Inventory","0.00"
"3850","RED TRUCK RED","NULL","Inventory","0.00"
"3853","W.L. WELLER ANTIQUE 107 PROOF BOURBON 750ML","NORTHEAST","Inventory","0.00"
"3855","NOVAL BLACK RESERVE PORTO 750ML","SLOCUM & SONS INC","Inventory","2.00"
"3857","SIMTRA TRIPLE IPA 22OZ","NULL","Inventory","0.00"
"3859","BIRD LIGHT","UNKNOWN","Inventory","0.00"
"3862","RASPBERRY LEMONADE","UNKNOWN","Inventory","0.00"
"3863","RIDGE ZINFANDEL EAST BENCH","UNKNOWN","Inventory","0.00"
"3865","INGLENOOK CHAB. 3L","BRESCOME","Inventory","0.00"
"3866","SEVEN DAUGHTERS CABERNET","NULL","Inventory","0.00"
"3871","THE USUAL SUSPECT CAB..","UNKNOWN","Inventory","0.00"
"3875","CLOUDLINE PINOT NOIR","NULL","Inventory","0.00"
"3876","DOMAINE BOUSQUET CABERNET SAUVIGNON ORGANIC WINE 750ML","CDI","Inventory","10.00"
"3877","COLUMBIA CREST 1.5L","NULL","Inventory","0.00"
"3879","SHED MOUNTAIN ALE 6PK BOTTLE","A. GALLO","Inventory","17.00"
"3880","SUTTER  HOME CHARDONNAY 1.5LT","CDI","Inventory","0.00"
"3882","NATHANSON CR.CAB.SAU 1.5L","UNKNOWN","Inventory","0.00"
"3883","CAROLANS IRISH CREAM 1.75L","UNKNOWN","Inventory","0.00"
"3884","LEROUX POLISH BLACKBERRY 750ML","CDI","Inventory","26.00"
"3885","CARMENET MERLOT 3L","UNKNOWN","Inventory","0.00"
"3887","JAMESON IRISH WHISKY 50 ML","NORTHEAST","Inventory","-98.00"
"3888","KAPITANSKA VODKA 750ML","NULL","Inventory","0.00"
"3890","MITCHER'S TOASTED BARREL FINISH SOURMASH 750ML","BRESCOME","Inventory","0.00"
"3892","JACK'S ABBY 6PKS","NULL","Inventory","0.00"
"3894","MAKERS MARK BOURBON 750ML","BRESCOME","Inventory","23.00"
"3895","LORD HOBO 16OZ 4PKS","NULL","Inventory","0.00"
"3899","BOX STAR CHARD. 3L","HARTLEY PARKER","Inventory","0.00"
"3900","VILLA JOLANDA MOSC. ROSE 750ML","MONSIEUR T","Inventory","0.00"
"3901","ATWATER VANILLA JAVA PORTER 12 OZ","NULL","Inventory","0.00"
"3902","THE MAY QUEEN","UNKNOWN","Inventory","0.00"
"3905","FINCA LA FLORENCIA 750ML","NULL","Inventory","0.00"
"3907","MARIE BRIZARD 750ML","UNKNOWN","Inventory","0.00"
"3908","GOIYA SHIRAZ 750ML","CDI","Inventory","0.00"
"3909","ROBERT MONDAVI PRIVATE SELECTION VINT CABERNET SAUVIGNON 1.5 L","MARTIGNETTI ","Inventory","9.00"
"3910","BENROMACH-10 YR","NULL","Inventory","0.00"
"3911","HAKUSHU SINGLE MALT JAPANESE WHISKEY 12YEARS","BRESCOME","Inventory","3.00"
"3912","NORBROOK FARM THE CIRCUS IPA","NULL","Inventory","0.00"
"3918","PENFOLDS BIN2 SHIRAZ 750ML","NULL","Inventory","0.00"
"3919","ROLLENBERGE RIES 1.5L","ACE DISTRIBUTING","Inventory","0.00"
"3922","MR & MRS T RICH & SPICY 1 L","EDER BROS","Inventory","0.00"
"3923","SCHWEPPES GINGER ALE 20 OZ","UNKNOWN","Inventory","0.00"
"3924","BAILEY'S DELICIOUSLY LIGHT 750ML","HP","Inventory","0.00"
"3925","MOET & CHANDON MINI BRUT 187ML","BRESCOME","Inventory","0.00"
"3926","BACARDI SUPERIOR WHITE RUM 375ML","BRESCOME","Inventory","16.00"
"3927","WEYERBACKER 6PK","NULL","Inventory","0.00"
"3932","STEW.CREAM SODA 4PK","UNKNOWN","Inventory","0.00"
"3933","TGIF LONG ISLAND ICED TEA 750ML","EDER BROS","Inventory","0.00"
"3934","WILD TURKEY 81PROOF BOURBON 750ML","BRESCOME","Inventory","7.00"
"3935","RELIC LEAF STROM","NULL","Inventory","0.00"
"3937","EQUILIBRIUM MC2 4PK","NULL","Inventory","0.00"
"3938","BORU CITRUS VODKA 750ML","UNKNOWN","Inventory","0.00"
"3941","DEVILS BACKBN ORANGE 4PK","NULL","Inventory","0.00"
"3943","ALLAGASH WHITE BELGIAN STYLE WHEAT BEER 4PKS 16OZ CANS","A. GALLO","Inventory","4.00"
"3944","HPNOTIQ 34 50 ML","HARTLEY PARKER","Inventory","0.00"
"3945","CHATEAU STE MICHELLE RIESLING 750ML","EDER BROS","Inventory","4.00"
"3947","CHRISTMAS MEAD 750ML","NORTHEAST","Inventory","0.00"
"3949","ESTANCIA ZINFANDEL 750ML","NULL","Inventory","0.00"
"3950","LINDEMANS PINOT GRIGIO BIN 85 1.5 LT","EDER BROS","Inventory","4.00"
"3951","IPA NO 8","NULL","Inventory","0.00"
"3954","FRANZIA WHITE ZINFANDEL 5L","EDER BROS","Inventory","-1.00"
"3956","MOUTON CAD.RED BORD.1.5L","BRESCOME","Inventory","0.00"
"3959","DECOY BY DUCKHORN LIMITED CABERNET SAUVIGNON 750ML","EDER BROS","Inventory","10.00"
"3960","CA' MONTINI PINOT GRIGIO 750ML","HARTLEY PARKER","Inventory","0.00"
"3963","CASTILLO CRIANZA 750ML","UNKNOWN","Inventory","0.00"
"3964","RELIC IPA 6PKS","NULL","Inventory","0.00"
"3965","TRE FILI PINOT GRIGIO 750ML","UNKNOWN","Inventory","0.00"
"3967","CREAM ALE 24OZ","UNKNOWN","Inventory","0.00"
"3968","ROYAL TOKAJI 5 PUTTONYOS 6 PACK","EDER BROS","Inventory","0.00"
"3970","KYURI","NULL","Inventory","0.00"
"3971","MERIT GOLD","NULL","Inventory","0.00"
"3973","BBC RED ALE 4PK","NULL","Inventory","0.00"
"3974","CASAMIGOS BLANCO TEQUILA 50ML","BRESCOME","Inventory","-314.00"
"3976","SMUTTYNO 6PKS","NULL","Inventory","0.00"
"3977","WHIPPED CHOCOLATE 375ML","HARTLEY PARKER","Inventory","0.00"
"3978","JOSE CUERVO TRADICIONAL REPOSADO 1.75L","NULL","Inventory","0.00"
"3979","THE ALCHEMIST HEADY TOPPER BEER 4PK 16OZ CANS","NORTHEAST","Inventory","0.00"
"3980","HAUT-MEDOC","NULL","Inventory","0.00"
"3982","GRENADIN","NULL","Inventory","0.00"
"3984","COLLECTIVE ARTS MOSAIC FOUR WAYS IPA","UNKNOWN","Inventory","0.00"
"3986","COLLECTIVE ART","NULL","Inventory","0.00"
"3988","DELAS COTES -DE-RHONE RED SAINT-ESPIRIT 750ML","BRESCOME","Inventory","5.00"
"3990","ALPINE PALE ALE 6PKS","NULL","Inventory","0.00"
"3992","MALIBU CRANBERRY-CHERRY LIQUEUR 750ML","BRESCOME","Inventory","0.00"
"3995","BECKS 6PK BOTTLE 12OZ BEER","A. GALLO","Inventory","5.00"
"3998","TWISTED TEA ORIGINAL 12 OZ CANS 18PK","A. GALLO","Inventory","204.00"
"3999","LA CANA ALBARINO 750ML","NULL","Inventory","0.00"
"4000","HERMIT THRUSH PO TWEET SOUR PALE ALE","NULL","Inventory","0.00"
"4002","BORU VODKA 1.75L","HARTLEY PARKER","Inventory","0.00"
"4004","GIACOBAZZI LAMBUSCO  RED 1.5L","ACE DISTRIBUTING","Inventory","0.00"
"4011","TIKI RITA STRAW. MARGARITA","UNKNOWN","Inventory","0.00"
"4012","HIGH NOON PINEAPPLE VODKA 4 PK","CDI","Inventory","15.00"
"4013","ORVAL TRAPPIST 11.2OZ","NULL","Inventory","0.00"
"4014","LA ROCCA CHARDONNAY 750ML","NULL","Inventory","0.00"
"4015","DEKUYPER CREME DE MENTHE LIQUEUR 750ML","BRESCOME","Inventory","2.00"
"4016","NINE PIN","NULL","Inventory","0.00"
"4018","BAYOU SILVER 200ML","NULL","Inventory","0.00"
"4019","THE GLENROTHES 12YRS","NULL","Inventory","0.00"
"4020","LIBERTY CREEK CABERNET SAUVIGNON 1.5 LT","CDI","Inventory","7.00"
"4021","LABATT BLUE LT. 4/6/11.5 NR","STAR","Inventory","0.00"
"4022","REFUND    20 CENTS","UNKNOWN","Inventory","0.00"
"4024","VAN GOGH VODKA","UNKNOWN","Inventory","0.00"
"4028","GODIVA WHITE CHOCOLATE LIQUEUR 750ML","CDI","Inventory","0.00"
"4029","GAME MANGO","NULL","Inventory","0.00"
"4030","GODIVA CHOC. CREAM 50ML","CDI","Inventory","0.00"
"4031","COSENTINO THE ZINFANDEL 750ML","NULL","Inventory","0.00"
"4034","DEKUYPER HOT DAMN 100","NULL","Inventory","0.00"
"4037","CVB 16OZ","NULL","Inventory","0.00"
"4039","TEN PENNY ALE 4PKS","NULL","Inventory","0.00"
"4040","USA LT BOX","MTC","Inventory","0.00"
"4042","WHITE RUM 750ML","NULL","Inventory","0.00"
"4044","ROCK GREEN LIGHT 6PK BTLS","STAR","Inventory","0.00"
"4049","KENTUCKY OWL STRAIGHT BOURBON WHISKEY ST PATRICK'S EDITION 750ML","UNKNOWN","Inventory","0.00"
"4050","MR. AND MRS. T PINA COLADA","ALLAN S GOOD","Inventory","0.00"
"4052","TWO ROADS ROAD 2 RUIN DOUBLE IPA 4PK 16OZ CANS","A. GALLO","Inventory","10.00"
"4054","ABSOLUT VODKA 50 ML","HP","Inventory","33.00"
"4055","LORD HOBO","NULL","Inventory","0.00"
"4056","SCHILLING GRAPE FRUIT CIDER","NULL","Inventory","0.00"
"4058","RIOJA CORTIJO III 750ML","UNKNOWN","Inventory","0.00"
"4059","CANADIAN MIST 1.75L","UNKNOWN","Inventory","0.00"
"4061","LIVINGSTON CHARDONNAY 3L","NULL","Inventory","0.00"
"4062","SOUTHERN TIER BREWING RUM CREME BRULEE 500ML","NULL","Inventory","0.00"
"4063","DEPOSIT     75 CENTS","UNKNOWN","Inventory","0.00"
"4064","BLACK OPAL SHIRAZ/CABERNET 750ML","HARTLEY PARKER","Inventory","0.00"
"4065","DEK.PUCKER WATERMELON 1.75L","NULL","Inventory","0.00"
"4066","HUDSON CIDER 6PK","UNKNOWN","Inventory","0.00"
"4067","THREE OLIVES VODKA 750ML","BRESCOME","Inventory","0.00"
"4068","PETE'S WICKED ALE 12 OZ","UNKNOWN","Inventory","0.00"
"4069","T.G.I.F. PINA COLADA 750ML","EDER BROS","Inventory","0.00"
"4070","BUKOFF RASP.VODKA 1.75L","HARTLEY PARKER","Inventory","0.00"
"4071","GINGER","NULL","Inventory","-4.00"
"4072","HOOKER BLOND 6PKS","NULL","Inventory","0.00"
"4073","MR.BOSTON WILD CHERRY 750ML","BRESCOME","Inventory","0.00"
"4074","JACK DANIELS TENNESSEE FIRE WHISKEY 200ML","EDER BROS","Inventory","3.00"
"4076","M&R MOSCATO D'ASTI 750ML","CDI","Inventory","0.00"
"4078","SMIRNOFF VODKA 80 PROOF 1.75L","EDER BROS","Inventory","44.00"
"4079","SUPER NOVA SESSION IPA 4PK","UNKNOWN","Inventory","0.00"
"4080","ARTIFACT WILD 16OZ","UNKNOWN","Inventory","0.00"
"4081","WILD MOON CUCUMBER LIQUEUR","NULL","Inventory","0.00"
"4082","NUVO SPARKLING LIQUEUR 200ML","BRESCOME","Inventory","0.00"
"4083","OMARAS IRISH CRM","NULL","Inventory","0.00"
"4087","RELIC DOBBLE IPA","NULL","Inventory","0.00"
"4088","REDWOOD CREEK MALBEC 1.5L","CDI MERCH-D","Inventory","0.00"
"4089","LITCHFIELD PEACH VODKA 750ML","SLOCUM & SONS INC","Inventory","0.00"
"4091","INDABA SAUVIGNON BLANC 750ML","NULL","Inventory","0.00"
"4092","FIREFLY 16OZ","NULL","Inventory","0.00"
"4093","BERINGER  PINOT GRIGIO 1.5L","EDER BROS","Inventory","0.00"
"4094","GROU RED 750ML","NULL","Inventory","0.00"
"4095","EVERFRESH LEMONADE","NULL","Inventory","0.00"
"4097","REDBREAST IRISH WHISKEY 12YR 750ML","EDER BROS","Inventory","2.00"
"4098","PEARL CUCUMBER PL GRAVITY FEED","NULL","Inventory","0.00"
"4100","JUNGLE CRUSH","NULL","Inventory","0.00"
"4107","CROSBY CAB.SAUV","NULL","Inventory","0.00"
"4110","MARTIN RAY PINOT NOIR","NULL","Inventory","0.00"
"4111","PEPPERMINT SCHNAPPS 200ML","NULL","Inventory","0.00"
"4115","MCKENZIE SEASONAL","NULL","Inventory","0.00"
"4117","LES TOURS PINOT NOIR 750ML","BRESCOME","Inventory","0.00"
"4118","PLATFORM HAZE JUICE","NULL","Inventory","0.00"
"4119","STOCK AMARETTO 1.75L","HARTLEY PARKER","Inventory","0.00"
"4121","PARROTBAY PINE-COLADA 6PK","STAR","Inventory","0.00"
"4123","CHIVAS REGAL 375ML","CDI","Inventory","0.00"
"4128","KAJMIR VANILLA 750ML","BRESCOME","Inventory","0.00"
"4132","FIREBALL CINNAMON WHISKEY 1.75L","NORTHEAST","Inventory","8.00"
"4133","MANISCHEWITZ BLACKBERRY 750ML","CDI","Inventory","0.00"
"4134","GLEN ELLEN PIN.GRI. 750ML","BRESCOME","Inventory","0.00"
"4137","AMERICAN SPIRIT DARK GREEN CIGARETTES","MANCHESTER T","Inventory","4.00"
"4138","RELIC DOBBLE IPA","NULL","Inventory","0.00"
"4142","CUPCAKE CHARDONNAY 750ML","EDER BROS","Inventory","0.00"
"4143","DURANGO TEQUILA SILVER 1L","NEW ENGLAND","Inventory","0.00"
"4144","CRANE LAKE PINOT NOIR 1.5L","BRESCOME","Inventory","0.00"
"4146","REVIVAL BREWING STOUT","NULL","Inventory","0.00"
"4148","WILD VINES STRAWBERRY WHT ZIN","CDI MERCH-D","Inventory","0.00"
"4150","IRONSIDE CABERNET.SAUV","NULL","Inventory","0.00"
"4152","TITOS VODKA 375ML","MARTIGNETTI ","Inventory","28.00"
"4153","KOBAI PLUM WINE 750ML","NULL","Inventory","0.00"
"4154","OLD CROW 750ML","BRESCOME","Inventory","0.00"
"4155","SWEETWATER 420 12PK CAN","NULL","Inventory","0.00"
"4156","PALLINI LIMONCELLO 375ML","MARTIGNETTI ","Inventory","1.00"
"4157","MIKES HARD LEMONADE 6 PK BOTTLE","A. GALLO","Inventory","4.00"
"4158","SHIPYARD PUMPKN 12 OZ 12 PK BOTTLE","NORTHEAST","Inventory","0.00"
"4160","STONINGTON SEAPORT WHITE 750ML","ALLAN S GOOD","Inventory","0.00"
"4161","NEWBURGH GIGABOSS","NULL","Inventory","0.00"
"4164","HIRAM WALKER PEPPER MINT SCHNAPPS 375ML","BRESCOME","Inventory","0.00"
"4166","BAILEYS IRISH CREAM 375ML","MARTIGNETTI ","Inventory","14.00"
"4167","BENZIGER CHARDONNAY 750ML","NULL","Inventory","0.00"
"4169","PLATINUM 7X VODKA 1.75LT","NORTHEAST","Inventory","6.00"
"4170","LIMONCELLO DI TORINO 1L","HARTLEY PARKER","Inventory","0.00"
"4171","THE CRISP SIX POINT","NULL","Inventory","0.00"
"4173","ROOT 1 CARMENERE","NULL","Inventory","0.00"
"4175","CUERVO TROPINA 50ML","ALLAN S GOOD","Inventory","0.00"
"4180","VENUE","NULL","Inventory","0.00"
"4182","NUGGET NACTOR 6PKS","NULL","Inventory","0.00"
"4183","FICI ZIBBIBO SICILIA 750ML","NULL","Inventory","0.00"
"4185","SMIRNOFF 100 PROOF VODKA 200ML","EDER BROS","Inventory","-7.00"
"4186","TAITTINGER BRUT LA FRANCAISE BRUT 750ML","BRESCOME","Inventory","0.00"
"4187","BLATANT IPA 6PKS","NULL","Inventory","0.00"
"4191","WACHUSETT MONSTA 6PKS","NULL","Inventory","0.00"
"4192","MACARINO","UNKNOWN","Inventory","0.00"
"4195","UNIBROUE LA FIN DU MONDE BOTTLE 4PK 12 OZ","NORTHEAST","Inventory","0.00"
"4197","GEORGE DICKEL NO.12 SOUR MASH WHISKEY 750ML","HP","Inventory","1.00"
"4198","BLOCK MERLOT WINE 750ML","UNKNOWN","Inventory","0.00"
"4199","FLEISCHMANNS BLENDED WHISKEY 375ML","BRESCOME","Inventory","1.00"
"4200","GREAT SOUTH BAY IPA 6PKS","NULL","Inventory","0.00"
"4201","DONA PAULA BLACK 750ML","NULL","Inventory","0.00"
"4204","FAUST CABERNET SAUVIGNON NAPA VALLEY 750ML","SLOCUM & SONS INC","Inventory","0.00"
"4205","STIMSON ESTATE CABERNET SAUVIGNON 1.5L","ALLAN S GOOD","Inventory","0.00"
"4206","JIM BEAN COLA","NULL","Inventory","0.00"
"4208","MOHUA SAUVIGNON BLANC 2016 750ML","BRESCOME","Inventory","0.00"
"4209","FLIP FLOP PINOT GRIGIO 750ML","EDER BROS","Inventory","4.00"
"4214","GRIMBERGEN","NULL","Inventory","0.00"
"4216","JOHNNIE WALKER BLACK LABEL SCOTCH 1.75L","BRESCOME","Inventory","10.00"
"4221","PINK UMB. PINOT GRIGIO 750ML","ACE DISTRIBUTING","Inventory","0.00"
"4223","14 HANDS CABERNET SAUVIGNON 750ML","EDER BROS","Inventory","13.00"
"4224","CONDE DE VALDE. CRIANZA 750ML","TOUTON MONSIEUR TOUTON SELECTION LTD","Inventory","0.00"
"4225","HPNOTIQ 200 ML","HARTLEY PARKER","Inventory","0.00"
"4230","BACKSEAT BERNER IPA","NULL","Inventory","0.00"
"4231","WALNUT CREST CABERNET SAUVIGNON","BRESCOME","Inventory","0.00"
"4232","FIREFLY HOLLOW CONE FLAKES 4PK","NULL","Inventory","0.00"
"4233","DAOU CABERNET SAUVIGNON PASO ROBLES 750ML","SLOCUM & SONS INC","Inventory","3.00"
"4235","TULLAMORE DEW IRISH WHISKEY 750ML","EDER BROS","Inventory","5.00"
"4236","HARPOON IPA 22 OZ","A. GALLO","Inventory","6.00"
"4238","DELICATO BOTA BRICK MERLOT 6PK","NULL","Inventory","0.00"
"4239","BLACK CHERRY FIZZ  BOTTLE 6/4 11.2Z","G & G BEVERAGE DIST","Inventory","0.00"
"4242","ABSOLUT PEACH VODKA 750ML","CDI","Inventory","0.00"
"4243","SARANAC SEASONAL 12PK BTL.","STAR","Inventory","0.00"
"4245","I AM DOG 16OZ 4PK","NULL","Inventory","0.00"
"4246","PASO CREEK ZINFANDEL PASO ROBLES 750ML","NULL","Inventory","0.00"
"4247","HERRADURA ULTRA ANEJO TEQUILA 750ML","EDER BROS","Inventory","1.00"
"4249","SINGLE CUT  ALL IS THAT","UNKNOWN","Inventory","0.00"
"4251","YELLOW TAIL SAUVIGNON BLANC 1.5L","BRESCOME","Inventory","32.00"
"4253","JACOB'S CREEK CHARDONNAY 750ML","HARTLEY PARKER","Inventory","0.00"
"4254","COORS LIGHT 12OZ 12PK BOTTLES","A. GALLO","Inventory","5.00"
"4255","FRIST RUN MERLOT 750ML","HARTLEY PARKER","Inventory","0.00"
"4258","BONTERRA MERLOT 750ML","NULL","Inventory","0.00"
"4259","KETEL ONE VODKA 750ML","BRESCOME","Inventory","11.00"
"4261","CONO SUR CABERNET SAUVIGNON 750ML","UNKNOWN","Inventory","0.00"
"4262","BROOKLYN SEASONAL 6 PK 12 OZ","NULL","Inventory","0.00"
"4265","JOSH CABERNET SAUVIGNON 375ML","CDI","Inventory","15.00"
"4267","UV GREEN TEA VODKA 50ML","SLOCUM & SONS INC","Inventory","0.00"
"4268","PINNACLE VODKA 1.75L","BRESCOME","Inventory","24.00"
"4269","OTTER CREEK GIFT  4PK","ROGO","Inventory","0.00"
"4271","KETEL ONE BOTANICAL PEACH & ORANGE BLOSSOM VODKA 750ML","BRESCOME","Inventory","3.00"
"4272","TEMPLETON RYE SMALL BATCH 750ML","NULL","Inventory","0.00"
"4275","NEW ENGLAND CORIOLIS","UNKNOWN","Inventory","0.00"
"4276","WILD VINE FRU.TROP.750ML","CDI MERCH-D","Inventory","0.00"
"4278","ROSENBLUM ZINFANDEL 750ML","HARTLEY PARKER","Inventory","0.00"
"4282","SPARKS BLACKBERRY 24OZ SGL.","STAR","Inventory","0.00"
"4285","COURVOISIER  VSOP COGNAC 750ML","BRESCOME","Inventory","4.00"
"4286","FLEISCHMANN'S D D","NULL","Inventory","0.00"
"4290","ADMIRAL NELSON'S SPICED RUM 375ML","NULL","Inventory","1.00"
"4291","JUICER BOMB DOUBLE IPA","UNKNOWN","Inventory","0.00"
"4292","SMUTTY VARITY 12PK","UNKNOWN","Inventory","0.00"
"4293","BOGLE OLD VINE ZINFANDEL","CDI","Inventory","0.00"
"4294","SPACE JUICE 4 PKS","NULL","Inventory","0.00"
"4295","MONTELOBOS MEZCAL ESPADIN","BRESCOME","Inventory","10.00"
"4296","ABSOLUT PEARS VODKA 750ML","CDI","Inventory","0.00"
"4297","BBC WEAVE GOT HOPS 4PK","NULL","Inventory","0.00"
"4298","PYRAT BLANCO RUM 750ML","CDI","Inventory","0.00"
"4299","JEREMIAH WEED SWEET TEA 50ML","BRESCOME","Inventory","0.00"
"4300","SUTTER HOME MOSCATO 4 PK 187ML","CDI","Inventory","0.00"
"4303","ANCHOR LIBERTY ALE BOTTLE 6PK 12 OZ","NULL","Inventory","0.00"
"4304","MONMOUSSEAU","NULL","Inventory","0.00"
"4305","GALLIANO LIQUEUR","NULL","Inventory","0.00"
"4306","SEGHESIO ZINFANDEL SONOMA 16","NULL","Inventory","0.00"
"4308","VILLA SANDI PROSECCO 750ML","NULL","Inventory","0.00"
"4309","PARROT BAY 375ML","UNKNOWN","Inventory","0.00"
"4310","BUSHMILL ORIGINAL IRISH WHISKEY 50ML","BRESCOME","Inventory","6.00"
"4311","DOBBLE RUFFELED 16OZ","NULL","Inventory","0.00"
"4312","DI MAJO NORANTE SANGIOVESE","Winebow, Inc.","Inventory","0.00"
"4314","HAZY DAY 6PKS","NULL","Inventory","0.00"
"4315","WHISTLEPIG 18YR 750ML","UNKNOWN","Inventory","0.00"
"4317","HOOKER CHOCOLATE STOUT 6PK BTL","DICHELLO","Inventory","0.00"
"4319","FIREBALL CINNAMON WHISKEY 1 LT","NORTHEAST","Inventory","0.00"
"4324","STILLWATER FRUITSTUFF 4PK","NULL","Inventory","0.00"
"4325","LA CONNTESSA PINOT GRI. 1.5L","UNKNOWN","Inventory","0.00"
"4330","DON Q PASION RUM","HARTLEY PARKER","Inventory","0.00"
"4333","TARANTULA AZUL CO PACK 1.75L","NULL","Inventory","0.00"
"4334","DC ITEM BALLAST TART PEACH 4/6/12CN","NULL","Inventory","0.00"
"4336","VOLPE PASINI PIN.GRI.750ML","UNKNOWN","Inventory","0.00"
"4338","SWEETWATER TACKLE BOX 12PK 12 OZ","UNKNOWN","Inventory","0.00"
"4341","MEBC BOO KOO 22 OZ","NULL","Inventory","0.00"
"4342","THE CHITA SINGLE GRAIN","UNKNOWN","Inventory","0.00"
"4345","FRANZIA CABERNET SAUVIGNON 5LT","EDER BROS","Inventory","3.00"
"4349","FLAGSHIP","NULL","Inventory","0.00"
"4351","BODEGA LURTON TORRONTES 750ML","UNKNOWN","Inventory","0.00"
"4352","GRAVES GRAIN ALCOHOL 190 PROOF 750ML","BRESCOME","Inventory","-7.00"
"4353","DES COMBES","NULL","Inventory","0.00"
"4354","SKY COLD BREW COFFEE","NULL","Inventory","0.00"
"4355","CASK AND CREAM TEMPTATION 750ML","CDI MERCH-D","Inventory","0.00"
"4358","SPRING","NULL","Inventory","0.00"
"4362","LIMONCELLO","NULL","Inventory","0.00"
"4363","YELLOW TAIL CHARDONNAY 750ML","BRESCOME","Inventory","0.00"
"4364","WILSON WHISKEY 375ML","MARTIGNETTI ","Inventory","0.00"
"4367","VILLA POZZI PINOT GRIGIO 750ML","UNKNOWN","Inventory","0.00"
"4368","HEBREW HOP MANNA 4PK 12 OZ","NULL","Inventory","0.00"
"4369","MIRASSOU MERLOT 750ML","CDI MERCH-D","Inventory","0.00"
"4370","FOX HORN CHARDONNAY 1.5 L","EDER BROS","Inventory","0.00"
"4371","TAYLOR CREAM SHERRY 1.5L","BRESCOME","Inventory","0.00"
"4372","KRAKEN SPICED RUM 1.75L","BRESCOME","Inventory","0.00"
"4373","SNAPPLE DRINK 20OZ","NULL","Inventory","0.00"
"4375","MICHELOB ULTRA BIG BEIGE 24PK BOTTLE","HDI","Inventory","1.00"
"4376","SANGRIA LA CASITA 1L","UNKNOWN","Inventory","0.00"
"4381","GALLO SHARD WINE 750ML","CDI MERCH-D","Inventory","0.00"
"4383","PRAVDA 750ML","NULL","Inventory","0.00"
"4384","PERFECT VODKA 750ML","DICHELLO","Inventory","0.00"
"4388","DUCKHORN CABERNET SAUVIGNON NAPA VALLEY","SLOCUM & SONS INC","Inventory","7.00"
"4389","BART.STRAWEBERY 200ML","HARTLEY PARKER","Inventory","0.00"
"4390","POPOV VODKA 375ML","EDER BROS","Inventory","-2.00"
"4391","HONIG CABERNET SAUVIGNON","BRESCOME","Inventory","0.00"
"4393","DELICATO BOTA MOSCATO TETRA 12PK","UNKNOWN","Inventory","0.00"
"4394","PATHFINDER 16OZ","NULL","Inventory","0.00"
"4395","DAVINCI CHIANTI DOCG 750ML","CDI","Inventory","5.00"
"4396","PUCKER GRAPE VODKA 50ML","BRESCOME","Inventory","0.00"
"4397","O'DOUL'S N/A 12PK CAN 12 OZ","HDI","Inventory","0.00"
"4398","KCCO GOLD LAGER 12 OZ","NULL","Inventory","0.00"
"4399","FIVE CHURCHES PEW PEW IPA","UNKNOWN","Inventory","0.00"
"4402","AMBITION SUMMER ALE 6PKS","NULL","Inventory","0.00"
"4403","PALO VIEJO WHITE RUM 750ML","HARTLEY PARKER","Inventory","0.00"
"4405","DON JULIO TEQUILA ANEJO 1.75L","BRESCOME","Inventory","0.00"
"4407","DAVIDSON RYLEY","NULL","Inventory","0.00"
"4408","CRIBARI MARSALA 750ML","BRESCOME","Inventory","0.00"
"4409","GLORIOUS PALE ALE","NULL","Inventory","0.00"
"4410","VICTORY GOLDEN MONKEY 16OZ","NULL","Inventory","0.00"
"4411","YUENGLING LAGER 12PK BOTTLE 12 OZ","A. GALLO","Inventory","1.00"
"4414","ARBOR MIST WHITE PEAR PINOT GRIGIO 1.5 L","BRESCOME","Inventory","0.00"
"4415","TWO CHICKS VODKA FIZZ 4PK","UNKNOWN","Inventory","0.00"
"4416","LORD CALVERT CANAD","HARTLEY PARKER","Inventory","0.00"
"4418","ODINS EYE 750ML","UNKNOWN","Inventory","0.00"
"4419","SANTA CAROLINA PINOTNOIR 750ML","NULL","Inventory","0.00"
"4421","B.LURT. BONARDA 750ML","UNKNOWN","Inventory","0.00"
"4424","GETORADE","NULL","Inventory","0.00"
"4425","CANEI WHITE WINE 1.5L","HARTLEY PARKER","Inventory","0.00"
"4426","ALVERDI PINOT GRIGIO 1.5L","OPICI","Inventory","11.00"
"4427","ETUDE CAB.SAU","NULL","Inventory","0.00"
"4428","CARSEBRIDGE 48YR","NULL","Inventory","0.00"
"4429","DEK. ISLAND BLUE PUCKER 200ML","BRESCOME","Inventory","0.00"
"4431","FLEURDESTEMPLIERS MALBEC 750ML","NULL","Inventory","0.00"
"4433","KENT FALL DELVE 16OZ 4PK","NULL","Inventory","0.00"
"4434","KROLEWSKIE 6PK 12OZ BTL.","UNKNOWN","Inventory","0.00"
"4435","MIKES HARDER CRANBERRY 24 OZ CAN","A. GALLO","Inventory","7.00"
"4437","SANTA RITA 120 PINOT NOIR 750ML","NULL","Inventory","0.00"
"4440","SMOKING LOON PINOT NOIR 750ML","BRESCOME","Inventory","0.00"
"4441","DEK APPLE BARREL 750ML","BRESCOME","Inventory","0.00"
"4442","CROOK & MARKER BLUE VARITY PACK 8 PK CAN","NULL","Inventory","0.00"
"4447","WOLAVERS ORGANIC BROWN ALE 6PK","UNKNOWN","Inventory","0.00"
"4448","VICTORY SUMMER/SWING 12OZ","NULL","Inventory","0.00"
"4449","E&J BRANDY XO 200ML","CDI MERCH-D","Inventory","4.00"
"4450","ANTIGUO TEQILA ANEJO 750ML","EDER BROS","Inventory","0.00"
"4451","PAPIO CAB.SAU. 1.5L","HARTLEY PARKER","Inventory","0.00"
"4454","HENRY MCKENNA 10YR 750ML","HP","Inventory","3.00"
"4455","CHIMAY GRAND RESERVE BLUE 4PK BOT","NULL","Inventory","0.00"
"4456","GRAFT CIDER","NULL","Inventory","0.00"
"4457","CORPORATE HIPSTER 4PK","NULL","Inventory","0.00"
"4461","PIEHOLE","NULL","Inventory","0.00"
"4462","CASAMIGOS ANEJO TEQUILA 750ML","BRESCOME","Inventory","1.00"
"4463","OSCAR BLUES DALE'S PALE ALE 12 PK 12 OZ","NULL","Inventory","0.00"
"4464","CROWN ROYAL MAPLE FINISH 375ML","NULL","Inventory","0.00"
"4468","HOOKER STOUT","NULL","Inventory","0.00"
"4469","TANGLE RIDGE CANADIAN","UNKNOWN","Inventory","0.00"
"4470","JACQ.BLACK.B.1L","UNKNOWN","Inventory","0.00"
"4471","BALLAST POINT GRAPEFRUIT SCHOOL 6 PCS","UNKNOWN","Inventory","0.00"
"4472","JEREMIAH WEED WHISKEY 50ML","BRESCOME","Inventory","0.00"
"4473","OBIKWA CHARDONNAY 750ML","NULL","Inventory","0.00"
"4475","BUDWEISER CAN 12OZ 24PK SUITCASE","HDI","Inventory","7.00"
"4476","SKINNYGIRL MARGARITA 750ML","BRESCOME","Inventory","6.00"
"4477","TURNING LEAF CABERNET SAUVIGNON 750ML","CDI MERCH-D","Inventory","0.00"
"4478","STELLER ORGANICS","UNKNOWN","Inventory","0.00"
"4479","DON JULIO 70TH ANNIVERSARY 750ML","BRESCOME","Inventory","0.00"
"4480","E&J TV CHARDONNAY NV 24PK","CDI MERCH-D","Inventory","0.00"
"4482","RANCHERO TAQ. GOLD 1L","ACE DISTRIBUTING","Inventory","0.00"
"4483","RELIC DOBBLE IPA","NULL","Inventory","0.00"
"4484","EL PORTILLO MALBEC 750ML","HARTLEY PARKER","Inventory","0.00"
"4486","CLUB GIN MARTINI 750ML","EDER BROS","Inventory","0.00"
"4492","STOLICHNAYA CUCUMBER FLAVORED VODKA 750","BRESCOME","Inventory","1.00"
"4493","PARROT BAY STRAWBERRY 750ML","HARTLEY PARKER","Inventory","0.00"
"4495","BALLAST POINT WATERMELON DORADO 12 OZ","NULL","Inventory","0.00"
"4496","CARSBURG 1L","UNKNOWN","Inventory","0.00"
"4498","DELICATO CABERNET","UNKNOWN","Inventory","0.00"
"4500","LITTELE CRANKY","NULL","Inventory","0.00"
"4501","DASANI WATER","UNKNOWN","Inventory","0.00"
"4503","MCCORMICK EGG NOG 750 GIFT","CDI","Inventory","0.00"
"4504","CRUZAN  VANILLA  RUM 750ML","HARTLEY PARKER","Inventory","0.00"
"4505","DOS EQUIS AMBER 6 PK","NORTHEAST","Inventory","0.00"
"4506","PORTO 10 MESSIAS","NULL","Inventory","0.00"
"4507","VICTORIA","NULL","Inventory","0.00"
"4509","LIVING CELLAR CHARDONNAY","CDI MERCH-D","Inventory","0.00"
"4511","CK MONDAVI PINOT GRIGIO 1.5LT","CDI","Inventory","4.00"
"4512","GORDON'S LONDON DRY GIN 750ML","MARTIGNETTI ","Inventory","-5.00"
"4513","NB CITRADELIC  6PK 12 OZ","NULL","Inventory","0.00"
"4515","MAINIAC CIDER 6PKS","NULL","Inventory","0.00"
"4517","M & R PROSECCO 24PK","NULL","Inventory","0.00"
"4518","ELYSTAN DAYGLOW 16 OZ 4 PK CAN","NULL","Inventory","0.00"
"4519","EL JIMADOR REPOSADO 1.75L","EDER BROS","Inventory","0.00"
"4527","FARETTI BISCOTTI LIQUEUR 750ML","BRESCOME","Inventory","1.00"
"4528","NEW HOLLAND THE POET 12 OZ","NULL","Inventory","0.00"
"4529","TORPEDO","UNKNOWN","Inventory","0.00"
"4530","BLACK INK RED BLEND","UNKNOWN","Inventory","0.00"
"4532","SEGRANM'S","NULL","Inventory","0.00"
"4533","JADOT BEAUJOLAIS VILLAGES 750ML","BRESCOME","Inventory","14.00"
"4536","DEK PEACHTREE SCHNAPPS 1.75L","CDI","Inventory","0.00"
"4537","BOGLE ESSENTIAL RED 750ML","CDI","Inventory","20.00"
"4538","OLD MIL LT 30PK","UNKNOWN","Inventory","0.00"
"4539","REDW CREEK PIN NOIR 1.5 L","CDI MERCH-D","Inventory","0.00"
"4540","TG DOROTHY'S 4PKS","NULL","Inventory","0.00"
"4541","WILD MOON BIRCH LIQUEUR","NULL","Inventory","0.00"
"4542","EVAN WILLIAMS BLACK LABEL BOURBON 200ML","MARTIGNETTI ","Inventory","30.00"
"4543","TRUMP VODKA 750ML","NULL","Inventory","0.00"
"4544","SEVEN DAUGHTERS MOSCATO","NULL","Inventory","0.00"
"4545","SOUTHERN TIER RASPBERRY 12 OZ","NULL","Inventory","0.00"
"4548","ELMER T. LEE BOURBON SINGLE BARREL SOUR MASH 750ML","NORTHEAST","Inventory","0.00"
"4550","DEWAR'S WHITE LABEL 200ML","CDI","Inventory","1.00"
"4551","WOODWORK CAB SAUV","NULL","Inventory","0.00"
"4552","SMIRNOFF CITRUS 1 L","UNKNOWN","Inventory","0.00"
"4553","HIGH NOON COCKTAIL PEACH 4PK CANS","CDI","Inventory","9.00"
"4556","ARCHER'S ALE 6PK BTL","DICHELLO","Inventory","0.00"
"4557","HEAVEN HILL BOURBON  750ML","HARTLEY PARKER","Inventory","0.00"
"4558","MOET IMPERIAL 12PK (WHITE STAR)","BRESCOME","Inventory","0.00"
"4559","BIC LIGHTER LARGE","MANCHESTER TOBACCO","Inventory","9.00"
"4560","THE LAZY LIFE","UNKNOWN","Inventory","0.00"
"4563","CIROC MANGO 200ML","NULL","Inventory","0.00"
"4564","PARADISO  MERLOT 1.5L","UNKNOWN","Inventory","0.00"
"4565","MALBEC RESERVE LURTON 750ML","MONSIEUR T","Inventory","0.00"
"4566","GLENFIDDICH 18YR ANCIENT RESERVE SCOTCH WHISKEY 750ML","BRESCOME","Inventory","3.00"
"4568","ROMANA SAMBVCA WHITE 750ML","MARTIGNETTI ","Inventory","1.00"
"4570","FRANZISK WEISSEBIER 4/6/12 NR","NULL","Inventory","0.00"
"4573","JOSE CUERVO MARG MIX 1.0L","EDER BROS","Inventory","0.00"
"4574","1800 BLANCO SILVER TEQUILA 1.75L","EDER BROS","Inventory","1.00"
"4576","BLUEGRAY PRIORAT 750ML","NULL","Inventory","0.00"
"4577","GREY GOOSE LA POIRE 750ML","BRESCOME","Inventory","4.00"
"4580","LT DOBBLE IPA 16OZ","NULL","Inventory","0.00"
"4581","SMIRNOFF ROOT BEER 100 PROOF 50ML","EDER BROS","Inventory","-989.00"
"4582","STELLUM BOURBON 750ML","NULL","Inventory","0.00"
"4583","TROEGS MAD ELF 6PK","UNKNOWN","Inventory","0.00"
"4585","HARDY STAMP SHIRAZ 6PK","HARTLEY PARKER","Inventory","0.00"
"4586","CAPTAIN MORGAN SPICED RUM 750ML","EDER BROS","Inventory","8.00"
"4587","CIROC MANGO 50ML","UNKNOWN","Inventory","0.00"
"4589","NYAK COGNAC 375ML","ACE DISTRIBUTING","Inventory","0.00"
"4590","BAILEYS IRISH CREAM 1.75L","MARTIGNETTI ","Inventory","4.00"
"4591","FUN CALIBER TAQ. REPA. 200ML","ACE DISTRIBUTING","Inventory","0.00"
"4592","FRONT PRCH BEST WISHES 4PK","NULL","Inventory","0.00"
"4593","MONTTEPULCIANO 2009","NULL","Inventory","0.00"
"4595","CAPTAIN MORGAN OSR 100 PROOF 50ML","NORTHEAST","Inventory","-183.00"
"4597","TALUS PINOT GRIGIO 1.5L","BRESCOME","Inventory","0.00"
"4598","ORLEANS HILL ORGANIC ZIN","NEW ENGLAND","Inventory","0.00"
"4599","MALIBU COCONUT RUM 750ML","BRESCOME","Inventory","16.00"
"4601","HOOKER PALE PACK","NULL","Inventory","0.00"
"4602","SOUTHERN TEAR DOBBLE IPA","NULL","Inventory","0.00"
"4605","MATHILDE POIRE 375ML","UNKNOWN","Inventory","0.00"
"4606","PREDATOR ZINFANDEL 750ML","NULL","Inventory","0.00"
"4611","DANTE ZINFANDEL 750ML","CDI","Inventory","0.00"
"4612","OKOCIM  6PK BTL. 11.2OZ","ARKO LLC","Inventory","0.00"
"4613","REGATTA GINGER BEER","UNKNOWN","Inventory","0.00"
"4615","FOUR VINES OLD VINE ZINFANDEL 750ML","NULL","Inventory","0.00"
"4616","BOONES FARM ORA.HUR.750ML","NULL","Inventory","0.00"
"4619","EL PORTILLO MERLOT 750ML","UNKNOWN","Inventory","0.00"
"4620","STOLLI 14 NIPS","NULL","Inventory","0.00"
"4621","SIX POINT LAGER","NULL","Inventory","0.00"
"4622","T.G.I.F.PINA COLADA 200ML","EDER BROS","Inventory","0.00"
"4625","LAWRENCE 375ML","NULL","Inventory","0.00"
"4628","LIMONESCO WINE COCKT.750ML","NULL","Inventory","0.00"
"4629","RELIC BLONDE","UNKNOWN","Inventory","0.00"
"4630","CARLTON 100BOX","UNKNOWN","Inventory","0.00"
"4631","BB SUMMER PILS","NULL","Inventory","0.00"
"4632","GLEN ELLEN CHARDONNAY 1.5 L","BRESCOME","Inventory","0.00"
"4633","DELIRIUM TREMENS BELGIUM ALE 4PK 16OZ CAN","NORTHEAST","Inventory","5.00"
"4635","MARTELL VSOP COGNAC 750ML","BRESCOME","Inventory","0.00"
"4639","UNITA 6PKS","NULL","Inventory","0.00"
"4640","ANSELMI VEN. BIANCO 750ML","UNKNOWN","Inventory","0.00"
"4641","LEHMANN BAROSSA CABERNET 750ML","NULL","Inventory","0.00"
"4642","ARCHERS ALE SGL. BTL.","NULL","Inventory","0.00"
"4643","STOCK '84 BRANDY","BRESCOME","Inventory","0.00"
"4645","HEINEKEN CAN 24PK 12 OZ SUITCASE","HDI","Inventory","0.00"
"4647","SUNNA DOBBLE IPA 16OZ","NULL","Inventory","0.00"
"4648","BLACK BOX CHARDONNAY 500ML","CDI","Inventory","19.00"
"4650","CASTILLO SILVER 1.75L","BRESCOME","Inventory","0.00"
"4653","CHLOE PINOT GRIGIO 750ML","NULL","Inventory","0.00"
"4655","BAREFOOT MOSCATO 1.5L","CDI","Inventory","7.00"
"4656","HAHN EST MERLOT 750ML","OPICI","Inventory","0.00"
"4659","BRONX IPA 6PK","NULL","Inventory","0.00"
"4660","UFO WHITE 12OZ CAN","UNKNOWN","Inventory","0.00"
"4661","BV COASTAL CAB-SAU. 1.5L","EDER BROS","Inventory","0.00"
"4662","FORTY CREEK CANADIAN GIFT SET 750ML","NULL","Inventory","0.00"
"4663","BECKLEY FURNACE ALE 4PK","UNKNOWN","Inventory","0.00"
"4664","TAYLOR PORT 1.5 L","BRESCOME","Inventory","0.00"
"4665","CALDERA IMPIRIAL STOUT","NULL","Inventory","0.00"
"4666","PATRON XO CAFE COFFEE LIQUEUR 750ML","CDI","Inventory","3.00"
"4668","REMY MARTIN 1738 COGNAC 200ML","BRESCOME","Inventory","2.00"
"4670","LITED IPA","UNKNOWN","Inventory","0.00"
"4671","DUCK POND CHARD. 750ML","UNKNOWN","Inventory","0.00"
"4672","PAPIO CHARDONNAY 1.5L","HARTLEY PARKER","Inventory","0.00"
"4675","NORBROOK FARM SEND IT 4PK","NULL","Inventory","0.00"
"4676","PALLINI LIMONCELLO LIQUEUR 750ML","MARTIGNETTI ","Inventory","2.00"
"4678","STOLLI CITRUS 750ML","NULL","Inventory","0.00"
"4681","HOOKER","NULL","Inventory","0.00"
"4684","RELIC CZECH PILS","UNKNOWN","Inventory","0.00"
"4686","SCHILLING CIDER","NULL","Inventory","0.00"
"4687","SHEBEEN 4PKS","NULL","Inventory","0.00"
"4688","WHITE CLAW VARIETY PACK NO.3 12 OZ 12 PK CANS","A. GALLO","Inventory","7.00"
"4689","EL ZARCO SILVER","BRESCOME","Inventory","0.00"
"4697","TIPPY COW ORANGE CREAM PL","NULL","Inventory","0.00"
"4698","TISDALE CABERNET SAUVIGNON","CDI MERCH-D","Inventory","0.00"
"4699","SCHMITT SOHNE RIESLING","HARTLEY PARKER","Inventory","0.00"
"4700","TROEGS 12PKS","NULL","Inventory","0.00"
"4701","VILLA ONE","NULL","Inventory","0.00"
"4704","DEVIENTS DALE'S 6PKS","NULL","Inventory","0.00"
"4705","KENTUCKY BOURBON BARREL ALE","NULL","Inventory","0.00"
"4710","CROSBY MERLOT","NULL","Inventory","0.00"
"4711","CHAMPLAIN HONEY CRISP","NULL","Inventory","0.00"
"4712","DURANGO TEQUILA 1.75L","NEW ENGLAND","Inventory","0.00"
"4713","CARLSBERG 6PK 12 OZ","NULL","Inventory","0.00"
"4714","DON Q ANEJO 750 M","HARTLEY PARKER","Inventory","0.00"
"4717","BV CENTURY CEL. MERLOT 1.5L","BRESCOME","Inventory","0.00"
"4719","LT DOBBLE IPA","NULL","Inventory","0.00"
"4720","SPOKEN BARREL RED BLEND","UNKNOWN","Inventory","0.00"
"4721","CIROC RED BERRY VODKA 1.75L","BRESCOME","Inventory","0.00"
"4722","FEVER TREE ELDERFLOWER TONIC WATER 4PK BOTTLE 200ML","BRESCOME","Inventory","5.00"
"4723","DELICATO CABERNET SAUVIGNON DOMINO","BRESCOME","Inventory","0.00"
"4726","DOGFISH HEAD 60 MIN IPA 12 OZ 6PK BTL","A. GALLO","Inventory","5.00"
"4731","JAMESON ORANGE IRISH WHISKEY 750ML","BRESCOME","Inventory","1.00"
"4732","LEMON MOONSHINE 50ML","NULL","Inventory","0.00"
"4733","CIROC PINEAPPLE 375ML","NULL","Inventory","0.00"
"4734","CHOPIN POTATO VODKA 1.75L","EDER BROS","Inventory","3.00"
"4736","LOST VINEYARDS SHIRAZ/CABERNET","NULL","Inventory","0.00"
"4737","CONCHA Y TORO XPLORADOR CABERNET SAUVIGNON 750ML","NULL","Inventory","0.00"
"4743","CIROC PINEAPPLE 200ML","NULL","Inventory","0.00"
"4745","SHEBEEN","NULL","Inventory","0.00"
"4748","CIROC VODKA 200ML","BRESCOME","Inventory","0.00"
"4749","CISCO HARD TEA 12PK","NULL","Inventory","0.00"
"4750","MD 20/20 BLUE RASPBERRY 750ML","UNKNOWN","Inventory","0.00"
"4751","ATHLETIC BREWING OKTOBERFEST FAST BREW NON ALC BEER 6PK CANS","A. GALLO","Inventory","0.00"
"4752","SAM NITRO IPA 4PKS","NULL","Inventory","0.00"
"4753","T HOOKER TOM LAGER 4PK","NULL","Inventory","0.00"
"4756","DEKUYPER PUCKER SOUR APPLE 750ML","BRESCOME","Inventory","3.00"
"4758","PLANTERAY  RUM 3 STAR 750ML","MARTIGNETTI ","Inventory","0.00"
"4760","PRESID. PORTO TAWNY 750ML","BRESCOME","Inventory","0.00"
"4761","ROYAL LOCHNGER 12YR","NULL","Inventory","0.00"
"4762","JIM BEAM RED STAG 375ML","CDI","Inventory","3.00"
"4763","FINEST CALL MARGARITA MIX 1L","CDI","Inventory","0.00"
"4765","MEIOMI PINOT NOIR 750ML","EDER BROS","Inventory","2.00"
"4766","LIQUOR WHIPPED CHOCOLATE","NULL","Inventory","0.00"
"4767","BRONX 12OZ","NULL","Inventory","0.00"
"4769","CROOK","UNKNOWN","Inventory","0.00"
"4773","SAN GIUSEPPE PINOT GRIGIO 1.5LT","MARTIGNETTI ","Inventory","0.00"
"4775","CRUZAN CITRUS750ML","HARTLEY PARKER","Inventory","0.00"
"4776","SILVERADO CABERNET 750ML","NULL","Inventory","0.00"
"4778","CRIOS ROSE","NULL","Inventory","0.00"
"4780","ANCHOR STEAM 6PK 12 OZ","G & G BEVERAGE DIST","Inventory","0.00"
"4781","ARROW HONEYDEW MELON 750ML","HARTLEY PARKER","Inventory","0.00"
"4784","JIM BEAM BLACK EXTRA AGED 7YR BOURBON750ML","BRESCOME","Inventory","9.00"
"4785","DEKUYPER CREME DE","BRESCOME","Inventory","0.00"
"4787","NERRAGANSETT 12PKS","NULL","Inventory","0.00"
"4788","RELIC","NULL","Inventory","0.00"
"4791","CBD","UNKNOWN","Inventory","0.00"
"4793","HOG RIVER","NULL","Inventory","0.00"
"4795","CAPT MORGAN PINEAPPLE 50ML","HARTLEY PARKER","Inventory","0.00"
"4797","GNARLY HEAD AUTHENTIC BLACK","NULL","Inventory","0.00"
"4798","STERLING RUTHERFORD CAB. 750ML","EDER BROS","Inventory","0.00"
"4802","ALTERNATE WORLD","NULL","Inventory","0.00"
"4803","REDWOOD CREEK CABERNET SAUVIGNON 750ML","CDI MERCH-D","Inventory","0.00"
"4804","ROOT:1 SAUVIGNON BLANC 750ML","Winebow, Inc.","Inventory","0.00"
"4806","BALLAST POINT DORADO 12 OZ","NULL","Inventory","0.00"
"4807","PEAK ORGANIC MIX 12PK BTL","G & G BEVERAGE DIST","Inventory","0.00"
"4809","BOULEVARD LIME GOSE 6PK","NULL","Inventory","0.00"
"4810","JOHNNIE GOLD LABEL 1.75L","BRESCOME","Inventory","0.00"
"4811","KJ CABERNET VR 750ML","CDI","Inventory","0.00"
"4813","DEK.WILDERBERRY 375ML","BRESCOME","Inventory","0.00"
"4814","CARLSBERG ELEPHANT 6PK BTLS","NULL","Inventory","0.00"
"4815","ROOT:1 CABERNET SAUVIGNON 750ML","HARTLEY PARKER","Inventory","0.00"
"4816","PARROT BAY MANGO 200ML","HARTLEY PARKER","Inventory","0.00"
"4819","BECKS NON ALCHOLIC BEER 6PK BOTTLE","A. GALLO","Inventory","0.00"
"4821","RACK & BARREL CAB","NULL","Inventory","0.00"
"4822","PATRIZI MOSCATO D ASTI 750ML","MONSIEUR T","Inventory","0.00"
"4823","T.G.I.F.MUDSLIDE 750ML","EDER BROS","Inventory","0.00"
"4825","THE VEGAN CAB.SAUV","NULL","Inventory","0.00"
"4826","SIXPOINT RESIN 19.2OZ","NULL","Inventory","0.00"
"4827","TENET THE PUNDIT SYRAH","NULL","Inventory","0.00"
"4828","CRUZAN RASPBERRY 750ML","HARTLEY PARKER","Inventory","0.00"
"4829","MISCHIEF","UNKNOWN","Inventory","0.00"
"4834","HOOKER 12PKS","NULL","Inventory","0.00"
"4839","GALLO CHARDONNAY 1.5L","NULL","Inventory","0.00"
"4840","CLOS BU VAL MERLOT 2006","NULL","Inventory","0.00"
"4841","BUD LIGHT RITA'S STRAW-BER-RITA 25 OZ","HDI","Inventory","8.00"
"4842","DELS LEMONADE 16OZ BOTTLE","DRINX UNLIMITED","Inventory","14.00"
"4845","CHIMNEY CREEK SAUV.BLANC","NULL","Inventory","0.00"
"4847","MICHELOB ULTRA 6 PK BOTTLE 12OZ","HDI","Inventory","10.00"
"4849","HIGH NOON COCKTAIL PEACH SINGLE 700ML","CDI","Inventory","20.00"
"4851","DAILYS SWEET & SOUR  MIX 1 L","CDI","Inventory","0.00"
"4854","TRAPICHE MALBEC 1.5 L","NULL","Inventory","0.00"
"4856","JOHNNIE WALKER GREEN LABEL 15YRS SCOTCH 750ML","BRESCOME","Inventory","2.00"
"4857","PARROT BAY 90 50 ML","HARTLEY PARKER","Inventory","0.00"
"4859","FEENEY'S 50ML","NULL","Inventory","0.00"
"4861","LIGHTER","NULL","Inventory","0.00"
"4865","INFANTADO RUBY PORT","NULL","Inventory","0.00"
"4867","SOBIESKI VODKA 750ML","ACE DISTRIBUTING","Inventory","0.00"
"4869","UNKNOWN ITEM WITH CODE 8778795020","NEW ENGLAND","Inventory","0.00"
"4870","VINO SWEET RED 750ML","MONSIEUR T","Inventory","0.00"
"4871","BARENJAGER HONEY LIQUEUR 750ML","EDER BROS","Inventory","0.00"
"4873","MARGARITAVILLE LEMON. 24OZ CAN","DICHELLO","Inventory","0.00"
"4874","RUFFINO PROSECCO XDRY 3PK 187ML","BRESCOME","Inventory","0.00"
"4875","CROWN ROYAL EXTRA RARE 750ML","BRESCOME","Inventory","0.00"
"4876","FAMOUS GROUS WHISKEY 750 ML","BRESCOME","Inventory","0.00"
"4879","ISLAND HOOPER","NULL","Inventory","0.00"
"4881","STONE ARROGANT BASTARD ALE 22 OZ","NULL","Inventory","0.00"
"4882","HOOKER GOLDEN NYMPH","NULL","Inventory","0.00"
"4884","LEBLON CACHACA 750ML","NULL","Inventory","0.00"
"4885","BURNETTS VODKA 1.75L","MARTIGNETTI ","Inventory","10.00"
"4886","DEKUYPER BUTTERSHOTS 375ML","BRESCOME","Inventory","5.00"
"4889","TRAPICHE BROQUEL MALBEC","ALLAN S GOOD","Inventory","0.00"
"4891","BOONES STRAWBERRY DAIQUIRI 750ML","CDI MERCH-D","Inventory","0.00"
"4892","DOMAINE CANTON GINGER LIQUEUR 750ML","BRESCOME","Inventory","0.00"
"4894","AMER SOL TAKE IT TO MAX 4PK","NULL","Inventory","0.00"
"4896","SOBIESKI VODKA 375ML","OPICI","Inventory","8.00"
"4898","INVIVIO SAUVIGNON BLANC","UNKNOWN","Inventory","0.00"
"4901","ELENA DE MENDOZA RED BLEND 750ML","CDI MERCH-D","Inventory","0.00"
"4902","GOVAL SAUV.BLANC 1.5L","NULL","Inventory","0.00"
"4904","RONRICO GOLD CARIBBEAN RUM 1.75LT","CDI MERCH-D","Inventory","6.00"
"4905","B-SIDE CABERNET SAUVIGNON NORTH COAST 750ML","NULL","Inventory","0.00"
"4909","LANCERS ROSE 1.5L","UNKNOWN","Inventory","0.00"
"4913","BOLARD 750ML","UNKNOWN","Inventory","0.00"
"4914","HARKEN BARREL FERMENTED CHARDONNAY 750ML","OPICI","Inventory","10.00"
"4915","WIDE EYE POMAGR. 750ML","ALLAN S GOOD","Inventory","0.00"
"4919","ORACLE CAB.SAU. 750ML","MONSIEUR T","Inventory","0.00"
"4920","VAN GOGH ACAI BLUEBERRY 750ML","NULL","Inventory","0.00"
"4922","BIG ASS CHARD. 750ML","UNKNOWN","Inventory","0.00"
"4923","BCK EAST","NULL","Inventory","0.00"
"4924","JACOBS CREEK SHIRAZ 750ML","CDI","Inventory","0.00"
"4925","VYSKOVSKE PIVO 6PK BTL.","UNKNOWN","Inventory","0.00"
"4926","PBR LIGHT 6PKS","NULL","Inventory","0.00"
"4927","JOHNNIE WALKER DOUBLE BLACK 750ML","BRESCOME","Inventory","0.00"
"4929","MANGO VANGO","NULL","Inventory","0.00"
"4934","COLT 45- 30PK CANS","STAR","Inventory","0.00"
"4935","CAVIT PINOT GRIGIO 4PK 187ML","BRESCOME","Inventory","-24.00"
"4937","MALIBU SWIRL","NULL","Inventory","0.00"
"4938","BOGLE PETITE SIRAH 750ML","CDI","Inventory","12.00"
"4942","G2","NULL","Inventory","0.00"
"4943","BLOODY MARRY MIX","NULL","Inventory","0.00"
"4947","PALO VIEJO GOLD RUM 1.75L","HARTLEY PARKER","Inventory","0.00"
"4950","BAREFOOT PINOT GRIGIO 750ML","CDI","Inventory","1.00"
"4952","TROPICANA ORANGE JUICE 16 OZ","None","Inventory","0.00"
"4953","COLT 45 MALT 16OZ BTL","STAR","Inventory","0.00"
"4954","ORANGECELLO","NULL","Inventory","0.00"
"4956","SIERRA NEVADA PALE ALE BOTTLE 12 OZ  6 PK BOTTLE","NORTHEAST","Inventory","0.00"
"4957","STONE SEASONAL 6PK 12 OZ","NULL","Inventory","0.00"
"4958","UFO","NULL","Inventory","0.00"
"4959","PAXIS RED BLEND","UNKNOWN","Inventory","0.00"
"4961","LOMZA WYBOROWE 16.9OZ BTL","ARKO LLC","Inventory","0.00"
"4963","SINGLE CUT","NULL","Inventory","0.00"
"4964","TIRADES GOLD TEQUILA1L","NORTHEAST","Inventory","0.00"
"4966","RADIANT PIG 6PKS","NULL","Inventory","0.00"
"4971","CARDHU-12 YR","BRESCOME","Inventory","0.00"
"4973","MASTER OF MIXES STRAWBERRY DAIQUIRI 1 L","CDI","Inventory","0.00"
"4975","VOGA PINOT GRIGIO 750ML","HARTLEY PARKER","Inventory","0.00"
"4979","YOUNG'S DOUBLE CHOCOLATE STOUT 4PK 16 OZ","NULL","Inventory","0.00"
"4981","SINGLE CUT","NULL","Inventory","0.00"
"4983","FULL MOONSHINE APPLE PIE 750ML","NULL","Inventory","0.00"
"4985","LORD CALVERT CANADIAN 1.0L","CDI","Inventory","0.00"
"4986","FROGS LEAP SAUVIGNON BLANC NAPA VALLEY","Winebow, Inc.","Inventory","0.00"
"4987","MAJORSKA VODKA 750ML","MARTIGNETTI ","Inventory","10.00"
"4988","FOREIGN OBJECT WET","NULL","Inventory","0.00"
"4989","SWEET & SOUR MIX","NULL","Inventory","0.00"
"4990","HIGH NOON LIME 4PK","CDI","Inventory","3.00"
"4991","OMMEGANG DOBBLE IPA 6PKS","NULL","Inventory","0.00"
"4993","RELIC DRYAD 4PK","NULL","Inventory","0.00"
"4995","SOLERNO BLOOD ORANGE","UNKNOWN","Inventory","0.00"
"4996","CONEY ISLAND HARD ROOT BEER 12 OZ","NULL","Inventory","0.00"
"4997","MAYNARD'S","NULL","Inventory","0.00"
"4998","LIFE AND LIMB","NULL","Inventory","0.00"
"4999","COLUMBIA WINERY CAB SAV 750ML","NULL","Inventory","0.00"
"5000","BAK'S OLD KRUPNIK HONEY LIQ","ACE DISTRIBUTING","Inventory","0.00"
"5002","NYAK COGNAC 750ML","ACE DISTRIBUTING","Inventory","0.00"
"5003","LINDEMANS SHIRAZ BIN 50 1.5 L","SLOCUM & SONS INC","Inventory","0.00"
"5004","HERITAGE MERLOT1.5L","UNKNOWN","Inventory","0.00"
"5008","BIG CRANKY 16OZ IPA","NULL","Inventory","0.00"
"5009","TIERRA DEF FUEGO 750ML","UNKNOWN","Inventory","0.00"
"5010","COMMON ROOTS DOUBLE IPA","UNKNOWN","Inventory","0.00"
"5011","CREAM VANILLA 375ML","HARTLEY PARKER","Inventory","0.00"
"5012","BIG HOUSE PINOT NOIR 6PK","NULL","Inventory","0.00"
"5014","BBC IPA 12PKS","NULL","Inventory","0.00"
"5015","STONY CREEK 6PKS","NULL","Inventory","0.00"
"5017","MIGUEL TORRES RED 750ML","NULL","Inventory","0.00"
"5018","THREE FINGER JACK CHARDONNAY 750ML","UNKNOWN","Inventory","0.00"
"5019","IPSWICH OATMEAL STOUT 6PACK","NULL","Inventory","0.00"
"5021","SAM SUMMER","UNKNOWN","Inventory","0.00"
"5022","MATTIES PERCH CHARD. 750ML","CDI MERCH-D","Inventory","0.00"
"5023","GRAND MARNIER LIQUEUR 750ML","BRESCOME","Inventory","3.00"
"5024","TOOTER TUBE","HARTLEY PARKER","Inventory","0.00"
"5025","DI AMORE SAMBUCA 750ML","BRESCOME","Inventory","0.00"
"5027","RELAX RIESLING 1.5L","MARTIGNETTI ","Inventory","0.00"
"5029","ELYSIAN SPACE DUST IPA 6PK 12 OZ","NULL","Inventory","0.00"
"5032","OLD NEW ENG EGG NOG CHOCOLATE 750ML","NULL","Inventory","0.00"
"5033","WODKA VODKA","ACE DISTRIBUTING","Inventory","0.00"
"5034","APPLETON ESTATE RARE BLEND 12YR JAMAICA RUM  750ML","BRESCOME","Inventory","1.00"
"5036","ESTATE CELLARS CHARD. 1.5L","BRESCOME","Inventory","0.00"
"5037","SINGLECUT THE MIGHTY REAL","NULL","Inventory","0.00"
"5038","LIVINGSTON BURGUNDY 3L","CDI MERCH-D","Inventory","0.00"
"5042","PARROT BAY STRA.DAQ. 6PK BTL.","STAR","Inventory","0.00"
"5043","APOTHIC INFERNO RED BLEND 750ML","CDI","Inventory","3.00"
"5044","RESIN SIX POINT","NULL","Inventory","0.00"
"5045","MYLORD BORDEAUX 750ML","MONSIEUR T","Inventory","0.00"
"5049","19 CRIMES RED WINE 750ML","EDER BROS","Inventory","8.00"
"5052","RODNEY STRONG CABERNET SAUVIGNON 750ML","MARTIGNETTI ","Inventory","15.00"
"5054","MR.BOSTON BLACKBERRY 375ML","BRESCOME","Inventory","1.00"
"5055","ABSOLUT LIME VODKA 750ML","CDI","Inventory","0.00"
"5057","BERGERAC 750ML","UNKNOWN","Inventory","0.00"
"5059","SANTA RITA SYRAH 750ML","WORLD WIDE","Inventory","0.00"
"5060","PUCKER RASPBERRY VODKA 750ML","BRESCOME","Inventory","0.00"
"5062","JOSE CUERVO MARGARITA MINIS CLASSIC LIME 200ML","NULL","Inventory","0.00"
"5064","DUTCHCRAFT VODKA 200ML","NULL","Inventory","0.00"
"5065","HERITAGE CAB.SAU 1.5L","UNKNOWN","Inventory","0.00"
"5066","ORGANIC WW MAV- MERLOT 750ML","NEW ENGLAND","Inventory","0.00"
"5069","WOODFORD RES DBL OAK 750ML","NULL","Inventory","0.00"
"5070","COSMIC HANDSHAKE 4PK","UNKNOWN","Inventory","0.00"
"5073","PROPER TWELVE IRISH WHISKEY 375ML","NULL","Inventory","0.00"
"5074","CH GREYSAC MEDOC 750ML","UNKNOWN","Inventory","0.00"
"5075","CISCO WHALES TALE PALE ALE 12 PK CAN 12 OZ","NULL","Inventory","0.00"
"5076","SWEETBITCH MOSCATO ROSE 750ML","HARTLEY PARKER","Inventory","0.00"
"5079","CARROT JUICE","UNKNOWN","Inventory","0.00"
"5080","RED ROCK MALBEC","CDI MERCH-D","Inventory","0.00"
"5081","STAG'S LEAP SAUVIGNON BLANC 14","NULL","Inventory","0.00"
"5082","LITTLE BOOMEY CHARD. 1.5L","CDI","Inventory","0.00"
"5084","BALLAST POINT 12 PKS","NULL","Inventory","0.00"
"5086","MAGIC HAT SEASONAL 6PK PISTIL 12 OZ","G & G BEVERAGE DIST","Inventory","0.00"
"5087","HESS SELECT CHARDONNAY","SLOCUM & SONS INC","Inventory","0.00"
"5088","GALLO MERLOT 750ML","CDI MERCH-D","Inventory","0.00"
"5090","CROWN ROYAL MAPLE 750ML","BRESCOME","Inventory","0.00"
"5092","PAPPY VAN WINKLE FAM RES-23 YR","UNKNOWN","Inventory","0.00"
"5093","GPC 100BOX","UNKNOWN","Inventory","0.00"
"5096","WYNDHAM ESTATE CAB.SAUV 750ML","NULL","Inventory","0.00"
"5098","MIRASSOU PINOT GRIGIO 750ML","CDI MERCH-D","Inventory","0.00"
"5101","DEKU.ISLAND BL PUCKER 375ML","BRESCOME","Inventory","0.00"
"5104","BULLY HILL SWEET ROSE  750ML","CDI","Inventory","0.00"
"5108","CAMEL MENTHOL LT  B1G1","MTC","Inventory","0.00"
"5109","SEAGRAMS 7 BLENDED WHISKEY375ML","CDI","Inventory","16.00"
"5111","CARSON SCOTT PINOT NOIR","UNKNOWN","Inventory","0.00"
"5113","BALLANTINE ALE 6PK BTL","G & G BEVERAGE DIST","Inventory","0.00"
"5116","THE CLUB VODKA MARTINI 200ML","UNKNOWN","Inventory","0.00"
"5117","JIM BEAM BOURBON 375ML","CDI","Inventory","14.00"
"5119","TORREBRUNA TOSCANA","NULL","Inventory","0.00"
"5120","FLOWERS CHARDONNAY SONOMA COAST 750ML","SLOCUM & SONS INC","Inventory","0.00"
"5121","THE CRUSHER CAB SAUV","NULL","Inventory","0.00"
"5122","SAMBUCA DI TREVI MIX 1L","BRESCOME","Inventory","0.00"
"5123","MEMOIRE MALBEC","UNKNOWN","Inventory","0.00"
"5124","TUTELA AMARONE 750ML","NULL","Inventory","0.00"
"5126","DECOY PINOT NOIR 750ML","Winebow, Inc.","Inventory","25.00"
"5127","CIROC APPLE 50 ML","NULL","Inventory","0.00"
"5129","PATRON REPOSADO TEQUILA 375ML","CDI","Inventory","3.00"
"5131","DISARONNO VELVET CREAM 750 ML","UNKNOWN","Inventory","0.00"
"5132","HOOKE","NULL","Inventory","0.00"
"5133","TRIPPLE BAG 12OZ","NULL","Inventory","0.00"
"5135","SANTA RITA 120 SAVIGNON BLANC 750ML","NULL","Inventory","0.00"
"5141","JC SPARK MARGARITA","NULL","Inventory","0.00"
"5144","WISEMAN 750ML","UNKNOWN","Inventory","0.00"
"5145","MACKESON 6PK BTL.","UNKNOWN","Inventory","0.00"
"5147","GOUGUENHEIM MALBEC 750ML","EDER BROS","Inventory","0.00"
"5149","STEW.CREAM SODA 120Z","UNKNOWN","Inventory","0.00"
"5150","SIX POINT SESNOL","NULL","Inventory","0.00"
"5154","DEKUYPER APPLE BURST 750ML","NULL","Inventory","0.00"
"5156","ATTECA ARMAS GARNACHA 750ML","NULL","Inventory","0.00"
"5157","AMSTEL LIGHT 6PK BOTTLES","HDI","Inventory","1.00"
"5158","TRIVENTO AMANDO SUR RED/MALBEC 6 PACK","NULL","Inventory","0.00"
"5159","SAUER PEACH 6PK","UNKNOWN","Inventory","0.00"
"5161","PETIT CHABLIS","NULL","Inventory","0.00"
"5162","GRUNER VELTLINER WHITE 750ML","NULL","Inventory","0.00"
"5163","JEREMIAH WEED SPICED 750ML","NULL","Inventory","0.00"
"5166","T HOOKER 16OZ","NULL","Inventory","0.00"
"5167","DREAMING TREE CRUSH RED WINE","BRESCOME","Inventory","0.00"
"5168","RAVENSWOOD BELONI ZINFANDEL 6PK","NULL","Inventory","0.00"
"5169","SIMI PINOT NOIR 750ML","BRESCOME","Inventory","0.00"
"5170","BALLAST POINT ALOHA SCUPLIN 12 OZ","NULL","Inventory","0.00"
"5171","SANTA RITA 120 MERLOT 750ML","WORLD WIDE","Inventory","0.00"
"5172","BRUGAL RUM ANEJO 750ML","HARTLEY PARKER","Inventory","0.00"
"5177","OUR DAILY CAB","NULL","Inventory","0.00"
"5178","HUDSON NORTH GINGER CITRS","NULL","Inventory","0.00"
"5180","GERARD BERTRAND TAUTAVEL","NULL","Inventory","0.00"
"5182","LINDEMANS BIN 65 CHARDONNAY 1.5 LT","SLOCUM & SONS INC","Inventory","5.00"
"5183","PALAZZO MONTALCINO 750ML","BRESCOME","Inventory","0.00"
"5184","PATRON SILVER TEQUILA 50 ML","CDI","Inventory","0.00"
"5185","THE BALVENIE 14YR CARIBBEAN CASK 750ML","CDI","Inventory","2.00"
"5190","SWEETWATER VARIETY 12PK CAN 12 OZ","NULL","Inventory","0.00"
"5191","APPLETON ESTATE SIGNATURE 1.75L","NULL","Inventory","0.00"
"5193","QREAM PEACH 750ML","CDI","Inventory","0.00"
"5195","COLUMBIA CREST TWO VINES CHARDONNAY","BRESCOME","Inventory","0.00"
"5196","LOOP HOLE IPA 16OZ","UNKNOWN","Inventory","0.00"
"5198","HIRAM WALKER BLUE CURACAO 750ML","EDER BROS","Inventory","2.00"
"5199","CHINACO BLANCO TEQUILA 6PK","UNKNOWN","Inventory","0.00"
"5202","SIMCOE SUNRISE IPA","UNKNOWN","Inventory","0.00"
"5206","ARBOR MIST POMEGRANATE PINOT NOIR","BRESCOME","Inventory","0.00"
"5208","SMOKING LOON STEELBIRD UNOAKED CHARDONNAY","BRESCOME","Inventory","-1.00"
"5209","IRISH BEER DISCOVERY 8 PK CANS 12 OZ","NULL","Inventory","0.00"
"5211","CASTILLO GOLD 750ML","CDI","Inventory","0.00"
"5212","SHANNON RIDGE CHARDONNAY","NULL","Inventory","0.00"
"5213","RALIC PORTOR","NULL","Inventory","0.00"
"5217","TAQ.ROSE JAVA 1L","NULL","Inventory","0.00"
"5218","CASAMIGOS BLANCO TEQUILA 375ML","BRESCOME","Inventory","1.00"
"5219","MARTIN RAY PINOT NOIR","NULL","Inventory","0.00"
"5220","CONFETTI RED BLEND 750ML","UNKNOWN","Inventory","0.00"
"5221","LUSCIOUS CRANBERRY 750ML","NULL","Inventory","0.00"
"5223","BIB & TUCKER SMALL BATCH BOURBON 6YRS 750ML","CDI","Inventory","0.00"
"5224","COLLECTIVE ARTS JAM UP THE MASH SOUR ALE","NULL","Inventory","0.00"
"5225","STARLITE SAUN.BLANC","UNKNOWN","Inventory","0.00"
"5227","CONSOLATION PRIZE","UNKNOWN","Inventory","0.00"
"5228","FOXHORN WHITE ZINFANDEL 1.5L","ALLAN S GOOD","Inventory","0.00"
"5230","SALZER","UNKNOWN","Inventory","0.00"
"5231","MARTINI & ROSSI ASTI SPARKLING WINE 750ML","HARTLEY PARKER","Inventory","0.00"
"5235","LEHMANN PORTRAITS SHIRAZ","NULL","Inventory","0.00"
"5237","JNSQ ROSE","NULL","Inventory","0.00"
"5238","OSKAR BLUES","NULL","Inventory","0.00"
"5242","NATURA CABERNET SAUVIGNON","BRESCOME","Inventory","0.00"
"5243","LES HAUTS DE LAGARDE BORDEAUX","NULL","Inventory","0.00"
"5245","POWDER HOLLOW","UNKNOWN","Inventory","0.00"
"5247","NEW HOLLAND DRAGON'S MILK 4PK 12 OZ","NULL","Inventory","0.00"
"5249","DEPOSIT    $1.80","UNKNOWN","Inventory","0.00"
"5253","JACK DANIELS BLACK LABEL 50 ML","EDER BROS","Inventory","-15.00"
"5254","TRULY LEMONADE VARIETY SELTZER 12 OZ 12 PK CAN","A. GALLO","Inventory","5.00"
"5255","WOODBRIDGE MERLOT 4PK 187ML","HARTLEY PARKER","Inventory","1.00"
"5258","GREAT SOUTH BAY 6PKS","NULL","Inventory","0.00"
"5259","KAHLUA RUM & COFFEE LIQUEUR 200ML","EDER BROS","Inventory","2.00"
"5260","ERATH PINOT NOIR","BRESCOME","Inventory","0.00"
"5261","CIROC APPLE 375ML","NULL","Inventory","0.00"
"5262","MORDERN TIMES","NULL","Inventory","0.00"
"5263","TARANTAS","NULL","Inventory","0.00"
"5265","SPENCER","NULL","Inventory","0.00"
"5269","DUBRA VODKA 1L","MARTIGNETTI ","Inventory","11.00"
"5270","BROOKLYN","NULL","Inventory","0.00"
"5271","BOULEVARD","NULL","Inventory","0.00"
"5272","DRAMBUIE LIQUEUR 375ML","BRESCOME","Inventory","3.00"
"5273","CARANTAN MARCO FELLUGA750","UNKNOWN","Inventory","0.00"
"5274","BRAHMA SGL. BTL.","ROGO","Inventory","0.00"
"5275","LORD HOBO HAZY DOBBLE IPA","NULL","Inventory","0.00"
"5277","SIGLE CUT IPA","NULL","Inventory","0.00"
"5279","SAYURI SAKI","NULL","Inventory","0.00"
"5280","ZUBROWKA BISON GRASS VODKA 750ML","BRESCOME","Inventory","1.00"
"5283","DARK N STROMY","NULL","Inventory","0.00"
"5285","GALLO MERLOT 1.5 L","UNKNOWN","Inventory","0.00"
"5286","PARROT BAY 90PROOF 1.75L","NULL","Inventory","0.00"
"5287","MADRIA SANGRIA 750ML","CDI MERCH-D","Inventory","0.00"
"5288","OSKAR BLUES G'KNIGHT IMPERIAL RED 6PK 12 OZ","NULL","Inventory","0.00"
"5291","WILAMETTE VALLEY PINOT NOIR","NULL","Inventory","0.00"
"5293","CYT GRAN RESERVA MALBEC 6 PACK","NULL","Inventory","0.00"
"5294","FINLANDIA (FIN)","EDER BROS","Inventory","0.00"
"5295","JOSE CUERVO SILVER TEQUILA 1.75ML","EDER BROS","Inventory","8.00"
"5296","CONO SUR CABERNET SAUVIGNON 750ML","NULL","Inventory","0.00"
"5297","LA MONICA  1.5L","UNKNOWN","Inventory","0.00"
"5299","SAM ADAMS SUMMER ALE 12PK 12 OZ BOTTLES","A. GALLO","Inventory","5.00"
"5302","THREE OLIVES ESPRESSO TRIPLE SHOT","BRESCOME","Inventory","1.00"
"5303","ELIJAH CRAIG BARREL PROOF 750ML","MARTIGNETTI ","Inventory","2.00"
"5304","BILA HAUT PAYS D OC ROUSSILLON ROSE","NULL","Inventory","0.00"
"5307","STEW.B.CHERRY 4PK","UNKNOWN","Inventory","0.00"
"5308","BELLA SERA PINOT GRIGIO 1.5 LT","CDI","Inventory","10.00"
"5309","TROG VARIETY 12PK CANS","UNKNOWN","Inventory","0.00"
"5311","FINLANDIA VODKA 750ML","EDER BROS","Inventory","0.00"
"5313","BROWN BOMBER","NULL","Inventory","0.00"
"5314","CANTEEN WATERMELON 4PK","UNKNOWN","Inventory","0.00"
"5317","ARBOR MIST MANG/STRAW 1.5 L","BRESCOME","Inventory","0.00"
"5318","FRANZIA SUNSET BLUSH 5L","EDER BROS","Inventory","3.00"
"5321","HOOKER","NULL","Inventory","0.00"
"5323","DON Q LIMON 1.75L","HARTLEY PARKER","Inventory","0.00"
"5324","OXFORD L.CAB-SAU-SHI.750ML","MONSIEUR T","Inventory","0.00"
"5325","GODIVA  CHOCOLATE LIQUEUR 750ML","CDI","Inventory","0.00"
"5328","LES HAUTS BORDEAUX","NULL","Inventory","0.00"
"5329","KIRRALAA MERLOT  750ML","UNKNOWN","Inventory","0.00"
"5330","BUDWEISER CAN 6PK PET 16OZ","HDI","Inventory","51.00"
"5331","CRUZAN  151 RUM 1L","NULL","Inventory","0.00"
"5334","LINGENFELDER RIESLI. 750ML","UNKNOWN","Inventory","0.00"
"5335","BARONE FINI PINOT GRIGIO 750ML","CDI","Inventory","17.00"
"5336","DUNNEWOOD  CHARD. 1.5L","UNKNOWN","Inventory","0.00"
"5339","CIROC SUMMER COLADA 50 ML","NULL","Inventory","0.00"
"5340","WINDSOR CANADIAN 1.75L","BRESCOME","Inventory","0.00"
"5341","MIONETTO PROSECCO BRUT 750ML","EDER BROS","Inventory","26.00"
"5342","SANTA RITA 120 SAV BLANC 750ML","UNKNOWN","Inventory","0.00"
"5343","SWEET","NULL","Inventory","0.00"
"5344","RELIC 16OZ","NULL","Inventory","0.00"
"5345","LAB VINHO LISBOA RED 750ML","UNKNOWN","Inventory","0.00"
"5347","PRIMAL ROOTS 750ML","HARTLEY PARKER","Inventory","0.00"
"5349","HOGUE RED BLEND 750ML","CDI","Inventory","0.00"
"5350","BALLAST POINT PINEAPPLE SCULPIN 12 OZ","NULL","Inventory","0.00"
"5351","REDWOOD CREEK WHT-ZINF 750ML","CDI MERCH-D","Inventory","0.00"
"5354","HACIENDA CHARD. 1.5L","BRESCOME","Inventory","0.00"
"5356","NATURA CARMENERE ORGANIC","BRESCOME","Inventory","0.00"
"5357","REFUND    $1.20","UNKNOWN","Inventory","0.00"
"5359","BEAMISH SGL CAN","ROGO","Inventory","0.00"
"5360","DANIEL POLLIER","NULL","Inventory","0.00"
"5363","JIM BEAM HONEY 50 ML","BRESCOME","Inventory","412.00"
"5365","GODIVA CHOCOLATE VODKA 50ML","CDI","Inventory","0.00"
"5368","COG ALE 4PK","UNKNOWN","Inventory","0.00"
"5370","FROGS LEAP CABERNET SAUVIGNON ESTATE","NULL","Inventory","0.00"
"5372","SIP","NULL","Inventory","0.00"
"5373","EVERFRESH PINEAPPLE 16 OZ","UNKNOWN","Inventory","0.00"
"5374","THE LITTLE SHEEP OF FRANCE ROSE 750ML","TOUTON MONSIEUR TOUTON SELECTION LTD","Inventory","16.00"
"5375","BEER SINGLE","NULL","Inventory","0.00"
"5379","SALZER","UNKNOWN","Inventory","0.00"
"5380","PENNSYLVANIA DUTCH EGGNOG 750ML","MARTIGNETTI ","Inventory","-35.00"
"5382","DAILY MUDSLIDE.64OZ","UNKNOWN","Inventory","0.00"
"5383","YELLOW TAIL CHARDONNAY 1.5L","BRESCOME","Inventory","37.00"
"5384","BASIL HAYDEN TOAST BOURBON WHISKEY 750ML","BRESCOME","Inventory","2.00"
"5385","SEBEKA SHIRAZ-PINOTAGE 750ML","CDI MERCH-D","Inventory","0.00"
"5387","GRANT'S BLENDED SCOTCH WHISKY 750ML","BRESCOME","Inventory","3.00"
"5390","EL TOQUI CAB.SAU. 750ML","UNKNOWN","Inventory","0.00"
"5392","1800 COCONUT 750ML","BRESCOME","Inventory","1.00"
"5395","STOLLI RASS 1.75L","NULL","Inventory","0.00"
"5396","SKYGAZER STRAW FLOOF 4PK","NULL","Inventory","0.00"
"5397","HAZY","NULL","Inventory","0.00"
"5399","NEBCO SUPERNAUT IPA 6PK CANS","A. GALLO","Inventory","4.00"
"5400","HORNSBY HARD APPLE CIDER 6PK 12 OZ","CDI MERCH-D","Inventory","0.00"
"5401","BENNETT CABERNET SAUVIGNON RSV 14","NULL","Inventory","0.00"
"5402","Q TONIC WATER","UNKNOWN","Inventory","0.00"
"5403","DECADENT 16OZ","UNKNOWN","Inventory","0.00"
"5404","DISARONNO AMARETTO 50 ML","BRESCOME","Inventory","7.00"
"5405","99 FRUIT PARTY PACK 50ML","EDER BROS","Inventory","0.00"
"5406","LORD HOBO STOUT","NULL","Inventory","0.00"
"5407","VAN GOGH DBL ESPRESSO 1.75L","EDER BROS","Inventory","0.00"
"5411","ESPOLON  REPOSADO 750ML","MARTIGNETTI ","Inventory","7.00"
"5413","HANGAR ONE VODKA 1.75L","NULL","Inventory","0.00"
"5414","PATRON REPOSADO TEQUILA 750ML","CDI","Inventory","0.00"
"5415","CRISPAN VARIETY","NULL","Inventory","0.00"
"5416","JEREMIAH WEED CINNAMON 750ML","NULL","Inventory","0.00"
"5417","VITTORIALE 2006","NULL","Inventory","0.00"
"5418","OLD FORESTER 1897 BOTTLED IN BOND BOURBON WHISKEY 100PROOF 750ML","EDER BROS","Inventory","2.00"
"5419","BELL'S EXPEDITION STOUT 12 OZ","NULL","Inventory","0.00"
"5420","FOLLY BROTHERS PIECES OF 8","UNKNOWN","Inventory","0.00"
"5421","THE CLUB MANHATTAN 200ML","UNKNOWN","Inventory","0.00"
"5424","VESICA VODKA 50ML","SLOCUM & SONS INC","Inventory","0.00"
"5425","RELIC DOBBLE IPA","NULL","Inventory","0.00"
"5429","DON ALEJA. TEQUILA GOLD 1.75L","HARTLEY PARKER","Inventory","0.00"
"5430","AM I CAT 4PK 16OZ","UNKNOWN","Inventory","0.00"
"5431","SM,IRNOFF MANGO 1L","NULL","Inventory","0.00"
"5432","GOODIE GOODIE IPA","NULL","Inventory","0.00"
"5434","JIM BEAM RYE WHISKEY 750ML","BRESCOME","Inventory","0.00"
"5435","TRLUTY PINEAPPLE 6PK","NULL","Inventory","0.00"
"5437","SKYGAZER","UNKNOWN","Inventory","0.00"
"5439","CONCHA Y TORO XPLORADOR CABERNET SAUVIGNON 750ML","BRESCOME","Inventory","0.00"
"5440","VICTORY DIRTWOLF 4PK 12 OZ","NULL","Inventory","0.00"
"5441","KENDALL JACKSON  SAUVIGNON BLANC","CDI","Inventory","0.00"
"5443","HESS CHARD 750ML","UNKNOWN","Inventory","0.00"
"5444","DON Q LIMON 750ML","HARTLEY PARKER","Inventory","0.00"
"5446","OMISSION ULTIMATE LIGHT GOLDEN ALE 6PK CANS","HDI","Inventory","0.00"
"5447","LORD CALVERT WHISKEY 50ML","BRESCOME","Inventory","0.00"
"5448","LION TAMER CAB.SAUV","NULL","Inventory","0.00"
"5451","BADIOLO SWEET VINE 375ML","NULL","Inventory","0.00"
"5452","IDOL VODKA 50ML","SLOCUM & SONS INC","Inventory","0.00"
"5456","POL ROGER BRUT 'RSV' NV 12PK","NULL","Inventory","0.00"
"5457","SOLID GOLD 12PK","UNKNOWN","Inventory","0.00"
"5458","HARP LAGER 12PK 12 OZ","G & G BEVERAGE DIST","Inventory","0.00"
"5460","CUVAISON EST.SEL.CHARD. 750ML","BRESCOME","Inventory","0.00"
"5461","NEW ENGLAND STOUT","NULL","Inventory","0.00"
"5462","LIMA VINHO VERDE 750ML","NULL","Inventory","0.00"
"5465","WILD MOON","NULL","Inventory","0.00"
"5468","DR. MCGILLACUDDY MENTHOLMINT SCHNAPPS 50ML","BRESCOME","Inventory","70.00"
"5469","STEELE CHARD. 750ML","UNKNOWN","Inventory","0.00"
"5473","JEWELRY CAB.SAUV 3L","NULL","Inventory","0.00"
"5477","BEER SINGLE","NULL","Inventory","0.00"
"5478","LANCERS WHITE 1.5L","UNKNOWN","Inventory","0.00"
"5479","SVEDKA VODKA 750ML","EDER BROS","Inventory","0.00"
"5480","SKYGAZER WALK ON WATER","NULL","Inventory","0.00"
"5483","PALL MALL BLUE 100 50 CENT","MTC","Inventory","0.00"
"5484","BLACKSTONE RESERVE CHARD 750ML","HARTLEY PARKER","Inventory","0.00"
"5485","BEER SINGLE","NULL","Inventory","0.00"
"5486","SOUTHERN TIER WARLOCK 22 OZ","NULL","Inventory","0.00"
"5487","CROWN ROYAL 200ML","BRESCOME","Inventory","1.00"
"5489","THIMBLE ISLAND DARK PUMPKINN PORTER","NULL","Inventory","0.00"
"5490","CANTEEN LIME 4PK","UNKNOWN","Inventory","0.00"
"5493","S8973336645","UNKNOWN","Inventory","0.00"
"5494","SKYY BLOOD ORANGE VODKA 750ML","MARTIGNETTI ","Inventory","0.00"
"5495","TEQUILA ROSE STRAWBERRY CREAM 750ML","CDI","Inventory","0.00"
"5497","MANG-O-RITA","NULL","Inventory","0.00"
"5499","THIMBLE ISLAND","NULL","Inventory","0.00"
"5500","BBC SOUR","UNKNOWN","Inventory","0.00"
"5501","PELIEGRINO LEMONCELLO","NULL","Inventory","0.00"
"5502","TEARCHERS SCOTCH 750ML","NULL","Inventory","0.00"
"5503","UV PINK LEMONADE PL","SLOCUM & SONS INC","Inventory","0.00"
"5506","OMMEGANG PALE SOUR ALE 11 OZ","NULL","Inventory","0.00"
"5507","THREE PHILOSOPHERS BOTTLE BELGIAN ALE 750","NULL","Inventory","0.00"
"5509","POPOV RASPB. VODKA 80 750ML","BRESCOME","Inventory","0.00"
"5510","TORRES 5G GARNACHA","NULL","Inventory","0.00"
"5511","CH GREYSAC MEDOC 750ML","UNKNOWN","Inventory","0.00"
"5514","TUSCAN SUN","NULL","Inventory","0.00"
"5515","BALUGA 750ML","NULL","Inventory","0.00"
"5516","GILBEY'S GIN 1.75L","CDI","Inventory","0.00"
"5517","MILAGRO ROMANCE TEQ. 750ML","BRESCOME","Inventory","0.00"
"5519","BRANDINI","UNKNOWN","Inventory","0.00"
"5520","CARLTON BOX","MTC","Inventory","0.00"
"5521","CIDERBOYS MIMOSA 6PK","NULL","Inventory","0.00"
"5523","SAMBUCA DI AMORE 50ML","BRESCOME","Inventory","0.00"
"5524","BASS 6 PC","G & G BEVERAGE DIST","Inventory","0.00"
"5525","VERY OLD BARTON BOURBON 90","NULL","Inventory","0.00"
"5526","AQUILA FLAME SHI-CAB.750ML","UNKNOWN","Inventory","0.00"
"5527","VILLA JOLANDA BRUT 750ML","MONSIEUR T","Inventory","0.00"
"5528","JEKEL CHARDONNAY 750ML","ALLAN S GOOD","Inventory","0.00"
"5530","ALLAGASH WHITE 6PK 12OZ","A. GALLO","Inventory","0.00"
"5531","MARGARITAVILLE MANGO 50ML","DICHELLO","Inventory","0.00"
"5532","JOSE CUERVO MANGO MARGARITA 4PACK","UNKNOWN","Inventory","0.00"
"5533","COTTRELL OLD YANKEE ALE 6PK BT","NULL","Inventory","0.00"
"5534","ALPINE BEER 6PKS","NULL","Inventory","0.00"
"5535","FOLEY BROTHERS IPA 22OZ","NULL","Inventory","0.00"
"5539","MARLBORO SMOOTH 2PK BOX","MANCHESTER T","Inventory","0.00"
"5540","RUFFINO PROSECCO 750ML","BRESCOME","Inventory","0.00"
"5542","MARKHAM MERLOT","BRESCOME","Inventory","0.00"
"5543","DEEP EDDY VODKA","NULL","Inventory","0.00"
"5544","SMIRNOFF 100 PROOF VODKA 375ML","EDER BROS","Inventory","7.00"
"5548","FOLONARI PINOT GRIGIO 1.5 LT","BRESCOME","Inventory","0.00"
"5549","MOET GRAND VINTAG ROSE   750ML","EDER BROS","Inventory","0.00"
"5552","DON Q SILVER 750ML","HARTLEY PARKER","Inventory","0.00"
"5553","LAIRD'S APPLEJACK BRANDY 750ML","EDER BROS","Inventory","1.00"
"5554","GUENOC CAL CABERNET SAUVIGNON 750ML","UNKNOWN","Inventory","0.00"
"5559","MILW BEST ICE 12PK CANS","STAR","Inventory","0.00"
"5560","LA VIEILLE FERME ROUGE 1.5L","BRESCOME","Inventory","2.00"
"5561","BRECKENRIDGE SAMPLER CAN 12 OZ","NULL","Inventory","0.00"
"5562","DEKUYPER CHERRY PUCKER","UNKNOWN","Inventory","0.00"
"5563","SOUTHERN COMFORT 80 1.75L","EDER BROS","Inventory","0.00"
"5564","SHAKERS VODKA 750ML","UNKNOWN","Inventory","0.00"
"5565","FOREST GLEN CHARD 1.5L","BRESCOME","Inventory","0.00"
"5566","SHOCK TOP 16OZ 4PK 12 OZ","NULL","Inventory","0.00"
"5571","HARP 6 PC","G & G BEVERAGE DIST","Inventory","0.00"
"5572","CHIMAY GRAND RESERVE 750ML","STAR","Inventory","0.00"
"5573","STONE MIXED 12 PKS","NULL","Inventory","0.00"
"5574","FIREBALL 50ML 15PK","NULL","Inventory","0.00"
"5575","N&N HAYNE CABERNET SAUVIGNON 6PK","NULL","Inventory","0.00"
"5576","CELLAR NO. 8 ZINFANDEL","EDER BROS","Inventory","0.00"
"5577","PRIVATE STOCK 40OZ BTL.","G & G BEVERAGE DIST","Inventory","0.00"
"5583","BEER SINGLE","NULL","Inventory","0.00"
"5587","ANGELS ENVY RYE WHISKEY 750ML","CDI","Inventory","3.00"
"5589","FROGS LEAP CHARDONNAY","NULL","Inventory","0.00"
"5593","SEBASTIANI CABERNET SAUVIGNON 750ML","BRESCOME","Inventory","17.00"
"5596","PROTOCOLO TINTO 750ML","NULL","Inventory","0.00"
"5597","COLLECTIVE ARTS","NULL","Inventory","0.00"
"5598","DEKUY. GRAPEPUCKER 200ML","UNKNOWN","Inventory","0.00"
"5603","BAYOU SELECT 750ML","NULL","Inventory","0.00"
"5604","SOUTHERN TIER 2X MAS 12OZ","NULL","Inventory","0.00"
"5605","ARBOR MIST RASP PINK MOSCATO 1.5 L","BRESCOME","Inventory","0.00"
"5608","SUTTER  HOME CABERNET SAUVIGNON 1.5LT","CDI","Inventory","4.00"
"5609","STRAW WATERMELON 4PK","UNKNOWN","Inventory","0.00"
"5610","SEAGRAMS 7 BLENDED WHISKEY 200ML","CDI","Inventory","6.00"
"5612","WHISTLEPIG FARMSTOCK RYE 750ML","NULL","Inventory","0.00"
"5613","OSKAR BLUES MAMA'S LIL YELLA PILS 12 OZ","NULL","Inventory","0.00"
"5617","CHOCOLATE BLOCK BOEKENHOUTSKLOOF 6P","NULL","Inventory","0.00"
"5618","MALIBU TROPICAL BANANA RUM 750ML","CDI","Inventory","0.00"
"5619","CHIVAS REGAL 750ML","CDI","Inventory","0.00"
"5620","H.W.KISCHWASSER 200ML","UNKNOWN","Inventory","0.00"
"5621","SAM NEW ENG PALE ALE","NULL","Inventory","0.00"
"5622","T.G.I.F.BERRY MOJITO 750ML","NULL","Inventory","0.00"
"5624","TWISTED TEA HALF & HALF 24OZ CAN","A. GALLO","Inventory","22.00"
"5625","SAINTSBURY PINOT NOIR","NULL","Inventory","0.00"
"5626","SAFE HARBOR 6PKS","NULL","Inventory","0.00"
"5627","HPNOTIQ 375ML","HARTLEY PARKER","Inventory","0.00"
"5628","OLE SMOKY BUTTER PECAN MOONSHINE 750ML","HP","Inventory","1.00"
"5631","EDUCATED GUESS CABERNET SAUVIGNON NAPA COUNTY 750ML","NULL","Inventory","0.00"
"5632","EVIL TWIN STOUT 16OZ","UNKNOWN","Inventory","0.00"
"5636","VAPOR GINSKEY GIN 6PK","NULL","Inventory","0.00"
"5638","GREG NORMAN LIMSTNE CAB/MER 09","ALLAN S GOOD","Inventory","0.00"
"5639","UV CHERRY 750ML","SLOCUM & SONS INC","Inventory","0.00"
"5640","DR L LOOSEN BROS RIESLING 750ML","BRESCOME","Inventory","12.00"
"5641","ROSETTA","UNKNOWN","Inventory","0.00"
"5642","MCWILLIAM'S SHIRAZ 750ML","CDI MERCH-D","Inventory","0.00"
"5644","POMMARD","UNKNOWN","Inventory","0.00"
"5645","HIRAM CRE.DE CACAO 375ML","NULL","Inventory","0.00"
"5647","DOGFISH HEAD SEAQUENCH ALE CANS","A. GALLO","Inventory","0.00"
"5648","CASILLERO DEL DIABLO RED BLEND 750ML","NULL","Inventory","0.00"
"5649","MCKENZIE'S PUMPKIN JACK","NULL","Inventory","0.00"
"5650","ROCIM","NULL","Inventory","0.00"
"5652","SAM JUST THE HAZE 6PK","UNKNOWN","Inventory","0.00"
"5655","DEKUPER HOT DAMN CINAMMON SCHNAPPS 750ML","BRESCOME","Inventory","2.00"
"5657","FOUR ROSES SMALL BATCH 750ML","EDER BROS","Inventory","15.00"
"5658","CASTLE ROCK CHARDONNAY 750ML","UNKNOWN","Inventory","0.00"
"5661","CINZANO ROSSO VERMOUTH 1L","EDER BROS","Inventory","0.00"
"5663","BAREFFOT SINGLE","NULL","Inventory","0.00"
"5664","WOODWORK BLAND","NULL","Inventory","0.00"
"5665","CONEY ISLAND ROOTBEER","NULL","Inventory","0.00"
"5666","HOOF HEARTED 60 DOLLAR 4PK","NULL","Inventory","0.00"
"5668","CAPT MORGAN ORANGE 50ML","HARTLEY PARKER","Inventory","0.00"
"5671","GNARLY HEAD CABERNET SAUVIGNON 750ML","HARTLEY PARKER","Inventory","0.00"
"5672","TORPIDO 22OZ","NULL","Inventory","0.00"
"5673","BOTA MINI PINOT GRIGIO 500ML","MARTIGNETTI ","Inventory","15.00"
"5674","GLENKINCHIE 10YR SGL. MALT","BRESCOME","Inventory","0.00"
"5675","T.G.I.F. ORANGE DREAM 750ML","EDER BROS","Inventory","0.00"
"5677","CAOL ILA 12 YEAR 750ML","UNKNOWN","Inventory","0.00"
"5678","MANISCHWEITZ BLACKBERRY 1.5LT","BRESCOME","Inventory","0.00"
"5679","FOREFRONT CAB.SAU 750 ML","UNKNOWN","Inventory","0.00"
"5680","THE LITTLE PINO NOIR 750ML","CDI","Inventory","0.00"
"5681","PENFOLD'S SHIRAZ CAB","NULL","Inventory","0.00"
"5683","PATRON SILVER TEQUILA 1.75LT","CDI","Inventory","5.00"
"5684","SAM BLUEBERRY HILL","NULL","Inventory","0.00"
"5685","BRONX IPA 6PKS","NULL","Inventory","0.00"
"5686","IL CAVALIERE PINOT GRIGIO 1.5L","NEW ENGLAND","Inventory","0.00"
"5688","MONKEY 47 SCHWARZWALD DRY GIN 750ML","BRESCOME","Inventory","12.00"
"5689","BROTHERHOOD HOLIDAY 750ML","HARTLEY PARKER","Inventory","0.00"
"5693","OLD RIP VAN WINKLE 10YR BOURBON 107PROOF 750ML","NORTHEAST","Inventory","0.00"
"5697","LORD HOBO VARIETY 6PK","NULL","Inventory","0.00"
"5698","BRUGAL 1888 750ML","NULL","Inventory","0.00"
"5699","MR & MRS T SWEET & SOUR NON ALC MIX 1LTR","EDER BROS","Inventory","2.00"
"5702","BARTENDERS HOT SEX 750 750ML","HARTLEY PARKER","Inventory","0.00"
"5703","SUTTER  HOME MERLOT 1.5LT","CDI","Inventory","1.00"
"5706","TAYLOR COOKING SHERRY","BRESCOME","Inventory","0.00"
"5707","BOWMORE 12YR ISLAY SINGLE MALT WHISKEY 750ML","HP","Inventory","3.00"
"5709","B&J BISTRO CAB-SAU 750ML","CDI","Inventory","0.00"
"5717","CAMEL NO.9 MENTHE B1G1","MTC","Inventory","0.00"
"5720","EXTREM CHERRY VODKA 750ML","ACE DISTRIBUTING","Inventory","0.00"
"5722","PEPPERWOOD GROVE MERLOT","HARTLEY PARKER","Inventory","0.00"
"5723","SYRAGE  RED 750ML","UNKNOWN","Inventory","0.00"
"5724","CROOK","NULL","Inventory","0.00"
"5725","OSKAR BLUE 6PKS","NULL","Inventory","0.00"
"5726","NB VR AMERICAN 12OZ CAN","UNKNOWN","Inventory","0.00"
"5730","BREWARS BRIDGE","NULL","Inventory","0.00"
"5732","COALESCE DOBBLE IPA","NULL","Inventory","0.00"
"5733","CASTLE ROCK PINOT NOIR  CUVEE","BRESCOME","Inventory","0.00"
"5736","ABSOLUT MANDRIN VODKA 750ML","MARTIGNETTI ","Inventory","1.00"
"5737","BOONA ROO SHIRAZ/CAB.750ML","NULL","Inventory","0.00"
"5739","CROWN ROYAL PEACH TEA RTD 4PK CANS","BRESCOME","Inventory","-19.00"
"5741","FRANCS LES CERISIERS 750ML","MONSIEUR T","Inventory","0.00"
"5743","BAROSSA VALLEY CABERNET SAUVIGNON 750 ML","NULL","Inventory","0.00"
"5744","WIDMER L.RO.1.5L","UNKNOWN","Inventory","0.00"
"5745","GNARLY HEAD OLD VINE ZINFANDEL 750ML","CDI","Inventory","0.00"
"5747","CASTILLO SILVER 750ML","CDI","Inventory","0.00"
"5751","CONNECTICUT VALLEY","NULL","Inventory","0.00"
"5752","PARTIDA REPOSADO 750ML","CDI","Inventory","0.00"
"5755","DEKUYPER RAZZMATAZZ","CDI","Inventory","0.00"
"5757","THE BALVENIE DOUBLEWOOD 12YR SINGLE MALT SCOTCH","CDI","Inventory","4.00"
"5759","DEEP EDDY PEACH 50ML","EDER BROS","Inventory","0.00"
"5762","ST. SUPERY NAPA MERLOT","ALLAN S GOOD","Inventory","0.00"
"5763","CROOK","NULL","Inventory","0.00"
"5768","TOPVAR 6PK BTL.","UNKNOWN","Inventory","0.00"
"5769","LA ROCCA CABERNET 750ML","NULL","Inventory","0.00"
"5770","FOUR ROSE 50ML","NULL","Inventory","0.00"
"5774","CAMEL CRUSH","MTC","Inventory","0.00"
"5775","JAC P. MINTSNAP 200ML","UNKNOWN","Inventory","0.00"
"5776","HOEGAARDEN BELGIUM BEER 6PK BOTTLE","HDI","Inventory","4.00"
"5777","LA MAIALINA 750ML","NULL","Inventory","0.00"
"5778","REDW CREEK MERLOT 1.5 L","CDI MERCH-D","Inventory","0.00"
"5780","TIKI RITA BERRY MARGARITA 4PK","UNKNOWN","Inventory","0.00"
"5781","SAZERAC RYE WHISKEY 6YRS 750ML","NORTHEAST","Inventory","13.00"
"5782","CAKEBREAD CHARDONNAY NAPA VALLEY 750ML","BRESCOME","Inventory","9.00"
"5784","VICTORY 12 PKS","NULL","Inventory","0.00"
"5785","BALDUZZI CABERNET 750ML","NULL","Inventory","0.00"
"5786","BOTA BOX BREEZE PINOT GRIGIO 3L","NULL","Inventory","0.00"
"5787","KHUKRI RUM 750ML","ACE DISTRIBUTING","Inventory","0.00"
"5788","GODIVA WHITE CHOCOLATE 375ML","CDI","Inventory","0.00"
"5789","MAJORSKA 100 PROOF VODKA 750ML","HARTLEY PARKER","Inventory","0.00"
"5791","AUSTIN EASTCIDERS BLOOD ORANGE CIDER","NULL","Inventory","0.00"
"5793","NATURAL ICE 25OZ CAN SINGLE","HDI","Inventory","35.00"
"5795","THE MACALLAN SHERRY OAK CASK 12 YR 750ML","BRESCOME","Inventory","2.00"
"5796","MINNOW CREEK SHIRAZ 750ML2006","NULL","Inventory","0.00"
"5797","GLENFIDDICH 14YR BOURBON BARREL RESERVE SCOTCH WHISKEY 750ML","BRESCOME","Inventory","3.00"
"5798","MCWILLIAMS HANWOOD MERLOT","UNKNOWN","Inventory","0.00"
"5799","SKYGAZER SOUR","UNKNOWN","Inventory","0.00"
"5800","B&J TROPICAL MANGO 4PK","CDI MERCH-D","Inventory","0.00"
"5802","ARBORMIST POMEGRANTE BERRY WINE","BRESCOME","Inventory","0.00"
"5804","THE CROSSINGS SAUVIGNON BLANC 750ML","CDI","Inventory","9.00"
"5807","BULLEIT BOURBON 750ML","BRESCOME","Inventory","9.00"
"5808","PEBBLE 4PK","UNKNOWN","Inventory","0.00"
"5810","ELIJAH CRAIG 12YR 750ML","NULL","Inventory","0.00"
"5811","LA PLAYA SAUVIGNON BLANC","CDI","Inventory","0.00"
"5812","FREIXENET ICE CUVEE 750ML","NULL","Inventory","0.00"
"5813","DAILYS BLOODY MARY MIX 1L","HARTLEY PARKER","Inventory","0.00"
"5814","REFUND    $1.50","UNKNOWN","Inventory","0.00"
"5817","HONEY SWEET MEAD","NULL","Inventory","0.00"
"5819","LA MARCA PROSECCO 750ML","CDI","Inventory","16.00"
"5827","LITCHFIELD DOUBLE BARRELED 6 YEAR BOURBON WHISKEY 750ML","EDER BROS","Inventory","2.00"
"5829","VERAMONTE PRIMUS RED BLEND","NULL","Inventory","0.00"
"5832","RIPE MARGARITA 1L","BRESCOME","Inventory","0.00"
"5833","SINGLE CUT","NULL","Inventory","0.00"
"5834","PERC COFFEE LIQUEUR","NULL","Inventory","0.00"
"5835","VERDI RASPBERRY SPARKLETINI 750ML","EDER BROS","Inventory","0.00"
"5836","IBIS XO BRANDY 200ML","ACE DISTRIBUTING","Inventory","0.00"
"5839","VEUVE CLICQUOT BRUT 375ML","SLOCUM & SONS INC","Inventory","7.00"
"5840","BIG HOUSE WHITE 6 PACK","NULL","Inventory","0.00"
"5841","VILLA MASSA LIQUORE DI LIMONCE","NULL","Inventory","0.00"
"5842","ESTANCIA SYRAH 750ML","BRESCOME","Inventory","0.00"
"5843","SILVERADO GEO CAB.SAUV","UNKNOWN","Inventory","0.00"
"5846","CHATEAU STE MICHELLE SAUVIGNON BLANC 750ML","EDER BROS","Inventory","0.00"
"5850","ST IDES 22OZ BTL.","STAR","Inventory","0.00"
"5852","BULLY BOY WHISKEY","ALLAN S GOOD","Inventory","0.00"
"5854","SZAMBELAN VODKA 80 750ML","UNKNOWN","Inventory","0.00"
"5856","BOONES STRAWBERRY HILL 750ML","CDI MERCH-D","Inventory","0.00"
"5859","BELL'S TWO HEARTED ALE 12 OZ","NORTHEAST","Inventory","0.00"
"5861","FRONTERA MALBEC 1.5 LT","BRESCOME","Inventory","6.00"
"5863","BRUGAL WHITE EXTRA DRY RUM 750ML","NULL","Inventory","0.00"
"5864","RETSINA BOUTARI 1.5L","BRESCOME","Inventory","0.00"
"5866","CENTURY CELLARS CAB","BRESCOME","Inventory","0.00"
"5868","STONE SMOKED PORTER 22 OZ","NULL","Inventory","0.00"
"5869","LEVEL VODKA 750ML","CDI","Inventory","0.00"
"5870","NEW BELGIUM VOODOO RANGER IMPERIAL IPA 12OZ 6 PK BOTTLE","NORTHEAST","Inventory","0.00"
"5872","IBIS XO BRANDY 375ML","ACE DISTRIBUTING","Inventory","0.00"
"5873","BUCHANAN'S 21 YR RED SEAL 750ML","BRESCOME","Inventory","0.00"
"5874","PIELS 16OZ CAN","UNKNOWN","Inventory","0.00"
"5875","GOATS DO ROAM RED","NULL","Inventory","0.00"
"5876","SHARPHILL","NULL","Inventory","0.00"
"5877","CABO WABO ANEJO 750ML","ALLAN S GOOD","Inventory","0.00"
"5878","BLUE CHAIR BAY PINEAPPLE RUM CREAM 750ML","NULL","Inventory","0.00"
"5880","RH. PHILLIPS CHARD. 1.5L","CDI","Inventory","0.00"
"5882","JAC GINGER 375ML","UNKNOWN","Inventory","0.00"
"5888","MAGIC HAT LUCKY KAT 6PC BOTTLE","G & G BEVERAGE DIST","Inventory","0.00"
"5889","JACQ PEACH 200ML","UNKNOWN","Inventory","0.00"
"5894","BRIBON TEQUILA BLANCO","NULL","Inventory","0.00"
"5895","HEART BEAT 16OZ","NULL","Inventory","0.00"
"5896","SHABADOO 4PKS","NULL","Inventory","0.00"
"5897","ARBORM.RASB.SPARKLE 750ML","BRESCOME","Inventory","0.00"
"5900","COLT 45- 40 OZ SINGLE BOTTLE","STAR","Inventory","0.00"
"5903","CRUZAN KEY LIME RUM 750ML","NULL","Inventory","0.00"
"5904","O.S.CRAN-CHERRY 64OZ","NULL","Inventory","0.00"
"5907","CRUZAN  BLACK CHERRY RUM 750ML","HARTLEY PARKER","Inventory","0.00"
"5908","CUVAISON CHARDONNAY 750ML","BRESCOME","Inventory","0.00"
"5909","PROSPECT PARADISE","NULL","Inventory","0.00"
"5910","LESNOOT CHARD. 750ML","UNKNOWN","Inventory","0.00"
"5913","FLIP FLOP CHARDONNAY 750ML","EDER BROS","Inventory","0.00"
"5914","HARD ORANGE CREAMER 6PK","DICHELLO","Inventory","0.00"
"5915","SMIRNOFF WATERMELON 1LT","EDER BROS","Inventory","1.00"
"5917","CICLON GOLD RUM 750ML","NULL","Inventory","0.00"
"5919","CLASE AZUL MEZCAL DURANGO","EDER BROS","Inventory","1.00"
"5921","CRUZAN  BANANA RUM 750ML","HARTLEY PARKER","Inventory","0.00"
"5923","NATHANSON CREEK 750ML","NULL","Inventory","0.00"
"5924","TORRESELLA PROSECCO","NULL","Inventory","0.00"
"5925","BABICH SAUVIGNON BLANC MARLBOROUGH 750ML","BRESCOME","Inventory","12.00"
"5926","CORTELL","NULL","Inventory","0.00"
"5927","ARROW CREME DE MENTHE GREEN-30","UNKNOWN","Inventory","0.00"
"5928","TROG","NULL","Inventory","0.00"
"5929","THE JUST BEER PROJECT ANYTIME IPA 12 OZ","NULL","Inventory","0.00"
"5930","DAILY FROZEN MARG. MIX 96OZ","CDI","Inventory","0.00"
"5931","BUCKLER BTL 12OZ","HDI","Inventory","0.00"
"5933","GREAT FALLS CANAAN MTN LAGER","UNKNOWN","Inventory","0.00"
"5934","MILAGRO SILVER TEQUILA 750ML","CDI","Inventory","12.00"
"5936","COUNTERWEIGHT HEADWAY IPA 4PK CAN","HDI","Inventory","6.00"
"5937","MAIN MO","NULL","Inventory","0.00"
"5942","SIERRA NEVADA  HAZY LITTLE THING 6PK CANS","NORTHEAST","Inventory","0.00"
"5948","SWEET CAROLINA SWEET TEA VODAKA 750ML","None","Inventory","0.00"
"5949","HIRAM WALKER PEPPER MINT SCHNAPPS 200ML","CDI","Inventory","2.00"
"5951","GRAVEL SAUV.BLANC 750ML","UNKNOWN","Inventory","0.00"
"5952","CAVIT PINOT NOIR  750ML","BRESCOME","Inventory","0.00"
"5954","WYLD EXTRA PALE ALE","NULL","Inventory","0.00"
"5957","FORDSON CORK 4PK","UNKNOWN","Inventory","0.00"
"5959","BLACK OPAL CHARDONNAY 1.5L","NULL","Inventory","0.00"
"5962","CAPT MORGAN TATOO 375ML","HARTLEY PARKER","Inventory","0.00"
"5965","OMMERGANG","NULL","Inventory","0.00"
"5966","CITIZEN CIDER WIT'S UP      DRY ALE STYLE CIDER","UNKNOWN","Inventory","0.00"
"5967","MAYNARD'S 30YR PORT","UNKNOWN","Inventory","0.00"
"5969","RELIC DOBBLE IPA 6PK","NULL","Inventory","0.00"
"5970","JOSE CUERVO MARGARITA MIX NA 1.75L","EDER BROS","Inventory","7.00"
"5971","EMILIO MORO RESALSO 750ML","NULL","Inventory","0.00"
"5972","JOHNNIE WALKER RED LABEL SCOTCH 50 ML","EDER BROS","Inventory","-69.00"
"5973","CAROLANS IRISH CREAM 750ML","HARTLEY PARKER","Inventory","0.00"
"5974","HIRAM SAMBUCA 750ML","BRESCOME","Inventory","0.00"
"5975","FRANZIA MERLOT 5L","EDER BROS","Inventory","0.00"
"5976","DREAMING TREE EVERYDAY 750ML","NULL","Inventory","0.00"
"5977","BURNETTS VODKA 750ML","MARTIGNETTI ","Inventory","7.00"
"5978","DONA PAULA CABERNET 750ML","NULL","Inventory","0.00"
"5979","TROEGS NIMBLE GIANT DOUBLE IPA","NULL","Inventory","0.00"
"5980","WOODFORD RESERVE DOUBLE OAKED 750ML","EDER BROS","Inventory","13.00"
"5981","1800 SILVER TEQUILA 200ML","EDER BROS","Inventory","2.00"
"5982","BODEGA LURTON MALBEC 750ML","MONSIEUR T","Inventory","0.00"
"5983","NUVO LEMON SORBET 750ML","BRESCOME","Inventory","0.00"
"5987","CULITOS PINK MOSCATO 1.5L","NULL","Inventory","0.00"
"5988","STOLICHNAYA GLUTEN FREE VODKA 750ML","BRESCOME","Inventory","2.00"
"5989","BONTERRA YOUNG RED 750ML","UNKNOWN","Inventory","0.00"
"5991","CAPRICCIO WATERMELON SANGRIA 750ML","NULL","Inventory","0.00"
"5992","PARROT BAY 50 ML","BRESCOME","Inventory","0.00"
"5993","FIGHTING COCK KENTUCKY STRAIGHT BOURBON WHISKEY 750ML","MARTIGNETTI ","Inventory","1.00"
"5994","CHIVAS REGAL SCOTCH 750ML","UNKNOWN","Inventory","0.00"
"5998","PRESIDENTE LAGER 12 OZ  6 PK BOTTLE","STAR","Inventory","0.00"
"6000","SCALETTA 750ML","UNKNOWN","Inventory","0.00"
"6001","RAVENSWOOD VINTNER'S SHIRAZ 750ML","BRESCOME","Inventory","0.00"
"6003","CHIVAS REGAL 18 YEARS OLD 750ML","CDI","Inventory","1.00"
"6006","HIRAM WALKER CREME DE MENTHE LIQUEUR 375ML","BRESCOME","Inventory","0.00"
"6010","CUERVO CLASICO TAQ.1.75L","EDER BROS","Inventory","0.00"
"6012","CARSTAIRS WHITE SEAL 200ML","HARTLEY PARKER","Inventory","0.00"
"6013","BLUE POINT SESSION IPA","NULL","Inventory","0.00"
"6015","FOG THERORY","NULL","Inventory","0.00"
"6017","E&J CASK & CREAM 200ML","CDI MERCH-D","Inventory","0.00"
"6018","CAN. CLUB 100 PROOF 375ML","NULL","Inventory","0.00"
"6023","WOLFSCHMIDT VODKA 375ML","CDI MERCH-D","Inventory","0.00"
"6024","NAPA RIDGE PINO GRIGIO 1.5L","BRESCOME","Inventory","0.00"
"6026","SIXPOINT BENGALI IPA 6PK","NULL","Inventory","0.00"
"6027","DAILY'S POUCH POMEGRANATE 10 OZ","HARTLEY PARKER","Inventory","0.00"
"6029","ILLEGITIMUS 4PK","UNKNOWN","Inventory","0.00"
"6030","AVERY ELLIE'S BROWN 6PK","NULL","Inventory","0.00"
"6031","MITOLO JESTER CABERNET","NULL","Inventory","0.00"
"6032","MAJOROSKA CITRUS","NULL","Inventory","0.00"
"6033","DUTCHCRAFT VODKA  750ML","ACE DISTRIBUTING","Inventory","0.00"
"6034","BOGLE MERLOT 750ML","CDI","Inventory","9.00"
"6035","BV CENTURY SAU.BLANC 750ML","BRESCOME","Inventory","0.00"
"6037","RYAN'S CREAM IRISH STYLE LIQUEUR 750ML","UNKNOWN","Inventory","0.00"
"6038","FRONTERA SAUVIGNON BLANC 1.5LT","BRESCOME","Inventory","8.00"
"6039","MCIVOR SCOTCH 750ML","ACE DISTRIBUTING","Inventory","0.00"
"6041","GALLO VERMOUTH (SWEET) 750ML","CDI MERCH-D","Inventory","0.00"
"6042","CT VALLEY","NULL","Inventory","0.00"
"6043","TORRESELLA PINOT GRIGIO 1.5L","NULL","Inventory","0.00"
"6044","CROWN ROYAL REGAL APPLE WHISKEY 750ML","BRESCOME","Inventory","0.00"
"6047","VICTORY HEADWATERS 12 OZ","NULL","Inventory","0.00"
"6050","PALO VIEJO GOLD RUM 750ML","HARTLEY PARKER","Inventory","0.00"
"6051","PURE STILL BLK","NULL","Inventory","0.00"
"6054","MIDNIGHT MOON APPLE PIE 375ML","NULL","Inventory","0.00"
"6056","FALESCO MERLOT UMBRIA .750","UNKNOWN","Inventory","0.00"
"6057","FIREBALL 50ML","NORTHEAST","Inventory","2297.00"
"6059","LUNETTA ROSE SPK","NULL","Inventory","0.00"
"6060","BRECKENRIDGE SUMMER 6PK CAN","NULL","Inventory","0.00"
"6061","TORCICODA PRIMITIVO","NULL","Inventory","0.00"
"6065","GROTH SAUVIGNON BLANC","ALLAN S GOOD","Inventory","0.00"
"6066","GUENOC CAL CHARDONNAY 750ML","BRESCOME","Inventory","0.00"
"6067","RARE FOG ENIGMA 4PK","NULL","Inventory","0.00"
"6070","NIGHT SWIM AH","NULL","Inventory","0.00"
"6072","RED DIAMOND CABERNET 1.5L","NULL","Inventory","0.00"
"6073","MONKEY SHOULDER 750ML","BRESCOME","Inventory","0.00"
"6075","LUNETTA PROSECCO 187ML 3PK","NULL","Inventory","0.00"
"6076","COLLECTIVE ARTS RANSACK THE UNIVERSE IPA","NULL","Inventory","0.00"
"6077","GLEN DRONACH PEATED 750ML","NULL","Inventory","0.00"
"6080","LONE STAR 12 OZ","NULL","Inventory","0.00"
"6083","RESIN 16OZ","UNKNOWN","Inventory","0.00"
"6085","BEER SINGLE","NULL","Inventory","0.00"
"6086","WRAY & NEPHEW WHITE OVERPROOF RUM 750ML","EDER BROS","Inventory","1.00"
"6087","FAIRBANKS SHERRY 750ML","BRESCOME","Inventory","0.00"
"6088","CROWN ROYAL WASHINGTON APPLE RTD 4PK CANS","BRESCOME","Inventory","3.00"
"6090","CCB GUAYABERA CITRA PALE ALE 12 OZ","UNKNOWN","Inventory","0.00"
"6091","STIMSON ESTATE CHARDONNAY 1.5 L","ALLAN S GOOD","Inventory","0.00"
"6094","LIBERTY CREEK CHARDONNAY 1.5 L","CDI","Inventory","6.00"
"6095","LA LECCIAIA BRUNELLO DI MONTALCINO 750ML","TOUTON MONSIEUR TOUTON SELECTION LTD","Inventory","13.00"
"6096","ALMADEN CHARDONNAY 5LT BOX","EDER BROS","Inventory","0.00"
"6097","ANISETTE DI CALABRIA","NULL","Inventory","0.00"
"6098","BANROCKSTATION CAB.SAU. 1.5L","HARTLEY PARKER","Inventory","0.00"
"6099","KONA PIPELINE PORTER 6PK BOTTLE 12 OZ","NULL","Inventory","0.00"
"6100","HOPONIOUS","NULL","Inventory","0.00"
"6102","MOLLY DOOK THE BOXER SHIRAZ 750ML","NULL","Inventory","0.00"
"6103","STILLHOUSE BLK BBN 750ML","UNKNOWN","Inventory","0.00"
"6105","SOLARIS CHARD. 750ML","UNKNOWN","Inventory","0.00"
"6106","CATEL GIOCONDO RISERVA","NULL","Inventory","0.00"
"6107","CZECHVAR 12OZ 6PK BOT","NULL","Inventory","0.00"
"6109","BLACK SWAN SE AUSTRALIA CHARDONNAY","CDI MERCH-D","Inventory","0.00"
"6113","BEER SINGLE","NULL","Inventory","0.00"
"6114","STRAWBERRY LEMONADE","UNKNOWN","Inventory","0.00"
"6115","CARLO ROSSI CHABLIS 4L","CDI","Inventory","2.00"
"6117","DEK HOT DAMN 30 PROOF 375ML","BRESCOME","Inventory","2.00"
"6118","JACOBS CREEK CHA-PIN SP. 750ML","UNKNOWN","Inventory","0.00"
"6119","WEYERBACKER SOUR","NULL","Inventory","0.00"
"6120","MEDALLA 10 OZ 12 PK CAN","NULL","Inventory","0.00"
"6123","HANNA SAUVIGNON BLANC 750ML","NULL","Inventory","0.00"
"6124","GALLIANO 375ML","NULL","Inventory","0.00"
"6127","TAYLOR SHERRY CREAM 750ML","BRESCOME","Inventory","0.00"
"6128","HOPPIN HORE","UNKNOWN","Inventory","0.00"
"6131","SOUTHERN TIER UNEARTHLY 22OZ","NULL","Inventory","0.00"
"6133","STARBUCKS CREAM LIQUER 50ML","CDI","Inventory","0.00"
"6134","HAMMER + SICKLE","DICHELLO","Inventory","0.00"
"6135","TERRA BOA  750ML","UNKNOWN","Inventory","0.00"
"6136","CUTTING CAB BLAND","NULL","Inventory","0.00"
"6137","SINGLE","NULL","Inventory","0.00"
"6140","ST PAULI GIRL  6PK 12 OZ","HDI","Inventory","0.00"
"6143","MCCORMICK VODKA 375ML","CDI","Inventory","0.00"
"6146","DEKUYPER PEACHTREE SCHNAPPS 375ML","BRESCOME","Inventory","4.00"
"6147","SARANAC IPA SGL. BTL.","ROGO","Inventory","0.00"
"6148","CANDONI PROSECCO 750ML","MARTIGNETTI ","Inventory","31.00"
"6152","COORS LIGHT 6PK BOTTLES","A. GALLO","Inventory","4.00"
"6154","TEN PENNY ALE 1/2 GAL.","G & G BEVERAGE DIST","Inventory","0.00"
"6155","DALE'S PALE ALE 12OZ","UNKNOWN","Inventory","0.00"
"6156","HOOKER NO FILTER","NULL","Inventory","0.00"
"6158","VANILLA PINO GRIGIO 750ML","HARTLEY PARKER","Inventory","0.00"
"6160","NEW AMSTERDAM VODKA 750ML","CDI","Inventory","11.00"
"6161","JACOB'S CREEK CABERNET SAUVIGNON 750ML","HARTLEY PARKER","Inventory","0.00"
"6165","FARM HOUSE","NULL","Inventory","0.00"
"6166","RUFFLED FEATHERS IPA","NULL","Inventory","0.00"
"6168","CROZES HERMITAGE 750ML","UNKNOWN","Inventory","0.00"
"6169","MCCORMICK VODKA 1.75L","CDI","Inventory","0.00"
"6172","RIONDO PROSECCO CORK & STRING","NULL","Inventory","0.00"
"6175","BLACK SWAN SHIRAZ 1.5L","CDI MERCH-D","Inventory","0.00"
"6176","CIRCUS BOY  BOTTLE 4/6 12Z","G & G BEVERAGE DIST","Inventory","0.00"
"6177","ANAPAMU PINTO NOIR 750ML","UNKNOWN","Inventory","0.00"
"6179","BONTERRA EQUINOX RED 750ML","UNKNOWN","Inventory","0.00"
"6180","TWISTED TEA HALF & HALF BOTTLE 6PK 12 OZ","A. GALLO","Inventory","3.00"
"6181","WOLFSCHMIDT VODKA 1.75L","CDI MERCH-D","Inventory","0.00"
"6183","JAMESON IPA EDITION  FINISHED IN BEER BARREL 750ML","HP","Inventory","1.00"
"6184","SUNTORY WHISKEY TOKI 750ML","BRESCOME","Inventory","1.00"
"6186","BAXTER","NULL","Inventory","0.00"
"6189","DOOLEY 50ML","UNKNOWN","Inventory","0.00"
"6193","TIRANA WHITE TEQUILA 1L","NORTHEAST","Inventory","0.00"
"6194","KRONENBOURG 6PK BTL","STAR","Inventory","0.00"
"6195","LULU B.PINOT NOIR 750ML","EDER BROS","Inventory","0.00"
"6197","DAILYS BLUE HAWAIIAN POUCH 10 OZ","NULL","Inventory","0.00"
"6201","FOX HOLLOW CHARD. 750ML","HARTLEY PARKER","Inventory","0.00"
"6204","RAVENSWOOD MERLOT VINT 750ML","BRESCOME","Inventory","0.00"
"6206","POMMERY 750ML","UNKNOWN","Inventory","0.00"
"6207","BOULEVARD DOBBLE IPA 4PKS","NULL","Inventory","0.00"
"6208","MOLLY DOOKER CARNIVAL LOVE 6PK","NULL","Inventory","0.00"
"6209","CARDIFF MERLOT 1.5L","NULL","Inventory","0.00"
"6211","SONOMA LIGHTS BOX","MTC","Inventory","0.00"
"6213","GAME MANGO","NULL","Inventory","0.00"
"6214","T.G.I.F. PINA COLADA 1.75L","EDER BROS","Inventory","0.00"
"6215","THE GLENLIVET FRENCH OAK RESERVE 15 YR 750ML","BRESCOME","Inventory","5.00"
"6216","BE BEER SGL CAN","HDI","Inventory","0.00"
"6217","WRAY & NEPHEW RUM 1.75L","BRESCOME","Inventory","0.00"
"6220","BLOODY BOLD MARY MIX 10OZ","HARTLEY PARKER","Inventory","0.00"
"6221","WILD FIGHTER PINOT NOIR","UNKNOWN","Inventory","0.00"
"6222","DOLE ORANGE JUICE 15.2OZ","UNKNOWN","Inventory","0.00"
"6223","STOUDTS PILSNER 6PKS","NULL","Inventory","0.00"
"6224","PARROT BAY KEY LIME 50 ML","HARTLEY PARKER","Inventory","0.00"
"6226","BV CENTURY SAU.BLANC 1.5L","BRESCOME","Inventory","0.00"
"6228","GLEN ELLEN MERLOT 750ML","BRESCOME","Inventory","0.00"
"6229","PLANETA ROSE 6 PACK","NULL","Inventory","0.00"
"6230","T.G.I.F. STRAW. DAQ. MIX 1.75L","EDER BROS","Inventory","0.00"
"6231","BLACK SWAN CAB.SAU.1.5L","CDI MERCH-D","Inventory","0.00"
"6234","SUTTER HOME CHARDONNAY 4 PK 187ML","CDI","Inventory","429.00"
"6235","EXOTICO REPOSADO","NULL","Inventory","0.00"
"6236","STERLING PROSECCO","NULL","Inventory","0.00"
"6237","POLMOS SPIRYTUS192P 750ML","ACE DISTRIBUTING","Inventory","0.00"
"6239","LE PETIT SILEX SANCERRE WHITE 750ML","TOUTON MONSIEUR TOUTON SELECTION LTD","Inventory","0.00"
"6241","WRAY & NEPHEW RUM 50ML","BRESCOME","Inventory","0.00"
"6242","HATOZAKI JAPANESE WHISKY 750ML","NULL","Inventory","0.00"
"6243","COMB 9 GIN 750ML","NULL","Inventory","0.00"
"6244","M.B.S.D.B.LI 750ML","UNKNOWN","Inventory","0.00"
"6245","HOOKER 6PKS","NULL","Inventory","0.00"
"6246","SUR DE ANDES MALBAC","NULL","Inventory","0.00"
"6247","JACK DANIELS OLD NO7 TENNESSE WHISKEY 200ML","EDER BROS","Inventory","28.00"
"6249","MICHELOB ULTRA CAN 18PK 12 OZ","HDI","Inventory","8.00"
"6253","BURNETTS RASPBERRY 750ML","HARTLEY PARKER","Inventory","0.00"
"6254","CASTELLO DI MONASTERO","NULL","Inventory","0.00"
"6256","TWO ROADS HONEYSPOT INDIA PALE ALE 6PK BTLS","A. GALLO","Inventory","4.00"
"6257","WILD SPIRIT  50ML","UNKNOWN","Inventory","0.00"
"6258","DEPOSIT","NULL","Inventory","0.00"
"6260","TRIVENTO MALBEC 750ML","NULL","Inventory","0.00"
"6262","CITRA SURAJ 4PKS","NULL","Inventory","0.00"
"6263","UV PINK LEMONADE 50 ML","SLOCUM & SONS INC","Inventory","0.00"
"6264","TELLI-TALE TART ALE","NULL","Inventory","0.00"
"6266","GRAY SALE","NULL","Inventory","0.00"
"6267","FOUNDERS ALL DAY IPA 19.2OZ CAN","A. GALLO","Inventory","7.00"
"6268","COLUMBIA WINERY CHARDONNAY 750ML","NULL","Inventory","0.00"
"6269","VERMONT ICE MAPLE CREME LIQUEUR","UNKNOWN","Inventory","0.00"
"6270","DELI.KETTLE.COOKED","UNKNOWN","Inventory","0.00"
"6271","YELLA PILS","NULL","Inventory","0.00"
"6272","WACHUSETT 6PKS","NULL","Inventory","0.00"
"6274","APPLETON ESTATE RUM 750ML","HARTLEY PARKER","Inventory","0.00"
"6276","PRASACCO","NULL","Inventory","0.00"
"6277","SUTTER HOME MOSCATO 1.5LT","CDI","Inventory","0.00"
"6279","LIVING CELLAR CAB SAUV","CDI MERCH-D","Inventory","0.00"
"6280","OLD SPECKLED HEN 12 OZ BOTTLES","NORTHEAST","Inventory","0.00"
"6282","RUSSELLS RESERVE RYE WHISKEY 750ML","NULL","Inventory","0.00"
"6285","DON JULIO BLANCO 50 ML","BRESCOME","Inventory","0.00"
"6286","EXTREM VODKA 750ML","ACE DISTRIBUTING","Inventory","0.00"
"6289","ROE AND CO IRISH WHISKEY 750ML","NORTHEAST","Inventory","1.00"
"6290","CINTA PINOT GRIGIO 1.5L","UNKNOWN","Inventory","0.00"
"6291","HOLLAND H. WHISKEY SOUR 1L","UNKNOWN","Inventory","0.00"
"6293","BASS ALE 8PK .9OZ CANS","ROGO","Inventory","0.00"
"6294","MAGIC HAT IPA 15PKS","NULL","Inventory","0.00"
"6296","TORRES 10YR BRANDY 750ML","BRESCOME","Inventory","0.00"
"6297","GREG NORMAN LIMESTONE SHIRAZ","ALLAN S GOOD","Inventory","0.00"
"6298","WRAY & NEPHEW RUM 200ML","BRESCOME","Inventory","0.00"
"6303","LES LAUZERAIES TAVEL","NULL","Inventory","0.00"
"6304","PERRIER-JOUET 1995","NULL","Inventory","0.00"
"6305","CH MONET","NULL","Inventory","0.00"
"6306","ANGELINE CALI PINOT NOIR","HARTLEY PARKER","Inventory","0.00"
"6307","TAYLOR MADEIRA 750ML","NULL","Inventory","0.00"
"6308","EVERCLEAR 750ML","NULL","Inventory","0.00"
"6309","ARBOR MIST ISLAND FRUITS PINOT GRIGIO 750ML","BRESCOME","Inventory","0.00"
"6310","LAGUNITAS LIL SUMPIN SUMPIN ALE 12 OZ 6PK BOTTLE","A. GALLO","Inventory","0.00"
"6311","EXTREME VODKA 50ML","ACE DISTRIBUTING","Inventory","0.00"
"6313","OKOCIM 10PK 16.9OZ BTL.","ARKO LLC","Inventory","0.00"
"6314","SANTIAGO SEMI SWEET","NULL","Inventory","0.00"
"6315","SARANAC TRAIL MIX 6PK BTL","STAR","Inventory","0.00"
"6318","MAWSONS CAB-SAU. 750ML","UNKNOWN","Inventory","0.00"
"6320","SKINOS","NULL","Inventory","0.00"
"6322","MARGARITAVILLE TEA 6PK","DICHELLO","Inventory","0.00"
"6325","DON JULIO BLANCO 375ML","BRESCOME","Inventory","0.00"
"6328","RHETORIC 25 YEAR BOURBON WHISKEY","NULL","Inventory","0.00"
"6329","BAILEYS VANILLA CINNAMON 750ML","MARTIGNETTI ","Inventory","0.00"
"6331","POWERS IRISH WHISKEY 750ML","EDER BROS","Inventory","2.00"
"6332","JOSH NORTH COAST RESERVE CHARDONNAY","CDI","Inventory","0.00"
"6333","CALAFURIA ROSE","UNKNOWN","Inventory","0.00"
"6334","HOG RIVER","NULL","Inventory","0.00"
"6335","COLD RIVER GIN","NULL","Inventory","0.00"
"6336","PINE RIDGE CHENIN BLANC VIOGNIER","Winebow, Inc.","Inventory","0.00"
"6337","LE PAGE MARGAUX 750ML","NULL","Inventory","0.00"
"6338","J LOHR CHARDONNAY 750ML","CDI","Inventory","0.00"
"6339","LANDER JENKINS CHARDONNAY","NULL","Inventory","0.00"
"6341","JACK DANIELS OLD NO7 TENNESSE WHISKEY 100ML","EDER BROS","Inventory","0.00"
"6343","DC ITEM PALM BREEZE GRAPEFR 4/6/12 CAN","NULL","Inventory","0.00"
"6344","TWISTED TEA ORIGINAL 24OZ CAN","A. GALLO","Inventory","24.00"
"6345","LANDSHARK ISLAND 12PK BOTTLE","HDI","Inventory","0.00"
"6346","BEER SINGLE","NULL","Inventory","0.00"
"6347","NAMMY NAMMY IPA","NULL","Inventory","0.00"
"6348","CBD","NULL","Inventory","0.00"
"6350","SMIRNOFF VODKA 80 PROOF 375ML","EDER BROS","Inventory","12.00"
"6351","BRECKENRIDGE 471 IPA","NULL","Inventory","0.00"
"6352","ROOT 1 RED","NULL","Inventory","0.00"
"6354","T.G.I.F.PINA COLADA 750ML","EDER BROS","Inventory","0.00"
"6355","LES HAUTS BORDEAUX 750ML","NULL","Inventory","0.00"
"6357","IMPERIAL 12 YEAR WHISKY 750 ML","UNKNOWN","Inventory","0.00"
"6359","APOTHIC RED 750ML","CDI","Inventory","9.00"
"6361","CRANE LAKE PINO GRIGIO 1.5L","BRESCOME","Inventory","0.00"
"6362","GNARLY HEAD MALBEC","NULL","Inventory","0.00"
"6364","LONG T. HEFEWEIZEN SGL BTL.","HDI","Inventory","0.00"
"6365","TRUMP MERITAGE 750ML","UNKNOWN","Inventory","0.00"
"6366","BEER SINGLE","NULL","Inventory","0.00"
"6367","JACK DANIELS TENNESSEE HONEY WHISKEY 375ML","EDER BROS","Inventory","8.00"
"6368","CAMBRIDGE AUDACITY HOPS","NULL","Inventory","0.00"
"6369","REPER PINOT NOIR","NULL","Inventory","0.00"
"6371","CANDONI PINOT GRIGIO 1.5 L","MARTIGNETTI ","Inventory","-66.00"
"6374","LIVE A LITLE","UNKNOWN","Inventory","0.00"
"6376","WIDMER LAKE NIAGRA 750ML","BRESCOME","Inventory","0.00"
"6378","CARTON BREVING 6PK","NULL","Inventory","0.00"
"6380","THE GLENLIVET CARIBBEAN RESERVE 750 ML","UNKNOWN","Inventory","2.00"
"6381","SIETE MISTERIOS MEZCAL","UNKNOWN","Inventory","0.00"
"6382","WILD BLUE BLUEBERRY LAGER 12 OZ","DICHELLO","Inventory","0.00"
"6383","CROWN ROYAL HONEY 750ML","NULL","Inventory","0.00"
"6384","VINI SAUVIGNON BLANC","NULL","Inventory","0.00"
"6386","E DOLCE AMARETTO 750ML","None","Inventory","0.00"
"6387","GEO DUB PATCH BLOCK MERLOT 750ML","SLOCUM & SONS INC","Inventory","0.00"
"6388","LOCKWOOD CHARD","OPICI","Inventory","0.00"
"6389","BILA HAUT COTE DU ROUSSILLON ROUGE","NULL","Inventory","0.00"
"6390","ROTH PINOT NOIR 750ML","UNKNOWN","Inventory","0.00"
"6391","GLENROTHES 10YR","NULL","Inventory","0.00"
"6392","WILD TURKEY RARE BREED BOURBON 116.8PROOF 750ML","BRESCOME","Inventory","1.00"
"6394","PEPPERWOOD PINOT NOIR BIB 4PK","BRESCOME","Inventory","0.00"
"6396","CORBETT CANYON PINOT NOIR   3 L","EDER BROS","Inventory","0.00"
"6397","SQRRL PEANUT BUTTER WHISKEY 50 ML","UNKNOWN","Inventory","0.00"
"6398","RUFFINO LUMINA PINOT GRIGIO 1.5 L","BRESCOME","Inventory","0.00"
"6401","MAKERS MARK BOURBON 1.75L","EDER BROS","Inventory","5.00"
"6403","THE WOLFTRAP WHITE 750ML","NULL","Inventory","0.00"
"6407","PINEAPPLE JACK 1.7","BRESCOME","Inventory","0.00"
"6408","THIMBLE ISLAND","NULL","Inventory","0.00"
"6409","BLACK BOSS PORTER 500ML","ARKO LLC","Inventory","0.00"
"6412","ROEDERER BRUT PREMIER 750ML","WORLD WIDE","Inventory","0.00"
"6413","THE LITTLE PENGUIN CABERNET SAUVIGNON 1.5LT","CDI","Inventory","0.00"
"6415","PIPE WORK PINEAPPLE","NULL","Inventory","0.00"
"6418","CINZANO SWEET ROSSO 750ML","EDER BROS","Inventory","0.00"
"6419","MARTINI & ROSSI SWEET VERMOUTH 375ML","BRESCOME","Inventory","21.00"
"6421","SMIRNOFF ICE 6PK 12 OZ BOTTLE","A. GALLO","Inventory","0.00"
"6422","RM 2000 RES-NAPA CAB.SAU 750ML","HARTLEY PARKER","Inventory","0.00"
"6423","TEMPLETON RYE 6 YR 750ML","NULL","Inventory","0.00"
"6427","OPICI TUSCAN 750ML","OPICI","Inventory","0.00"
"6429","STERLING CAB.SAU","NULL","Inventory","0.00"
"6431","LOMZA PETNE 6PK 11.2OZ BTL.","UNKNOWN","Inventory","0.00"
"6432","JOSE CUERVO SILVER TEQUILA 750ML","EDER BROS","Inventory","-14.00"
"6433","ANTINORI S C TOSCANA SANG.","NULL","Inventory","0.00"
"6434","THIMBLE ISLAND","NULL","Inventory","0.00"
"6439","REDBANK CHARD. 750ML","UNKNOWN","Inventory","0.00"
"6442","LE BELIER.B.B.750ML","UNKNOWN","Inventory","0.00"
"6444","BEER SINGLE","NULL","Inventory","0.00"
"6445","LITTLE BOOMEY CABERNET SAUV","CDI","Inventory","0.00"
"6446","TIPPY COW SHAMROCK MINT PL","NULL","Inventory","0.00"
"6450","THE CLEAVER RED","NULL","Inventory","0.00"
"6452","ROMANA SAMBVCA BLACK 50ML","HP","Inventory","12.00"
"6454","BUCKLER N/A BOTTLE 6PK 12 OZ","DICHELLO","Inventory","0.00"
"6455","FAIRWAY IPA 6PKS","NULL","Inventory","0.00"
"6457","SHOCK TOP","NULL","Inventory","0.00"
"6462","CALDERA ORANGE DRY HOP","NULL","Inventory","0.00"
"6463","CIROC VODKA 750ML","BRESCOME","Inventory","0.00"
"6465","DEK PUCKER WATERMELON 200ML","BRESCOME","Inventory","0.00"
"6467","MAJORSKA 80 PROOF VODKA 375ML","MARTIGNETTI ","Inventory","2.00"
"6469","LAND SHARK","NULL","Inventory","0.00"
"6472","REX GOLIATH PINOT NOIR 1.5 L","EDER BROS","Inventory","7.00"
"6473","FINEST CALL SWEET AND SOUR 1L","CDI","Inventory","0.00"
"6474","TROEGS DBL BLIZZARD 4PK","NULL","Inventory","0.00"
"6478","LOBSTER REEF SAUV.BLANC 750ML","NULL","Inventory","0.00"
"6481","TURNING L. RES. CAB.SAU. 750ML","CDI MERCH-D","Inventory","0.00"
"6482","MCKENZIE VARIETY","UNKNOWN","Inventory","0.00"
"6485","MIRASSOU PINOT NOIR 1.5L","UNKNOWN","Inventory","0.00"
"6486","HACIENDA CABERNET 1.5L","BRESCOME","Inventory","0.00"
"6487","LITTLE BOOMEY MERLOT","CDI","Inventory","0.00"
"6488","B&G MERLOT 1.5L","CDI","Inventory","0.00"
"6489","BALLAST POINT","NULL","Inventory","0.00"
"6490","SINGLE CUT IPA","NULL","Inventory","0.00"
"6492","BBC LAGER","NULL","Inventory","0.00"
"6493","SEBEKA SAUV-BLANC 750ML","CDI MERCH-D","Inventory","0.00"
"6494","CONFETTI PG 750ML","UNKNOWN","Inventory","0.00"
"6495","SINGLE","NULL","Inventory","0.00"
"6496","CAMEL WIDE MENT. LT BOX 2PK","MTC","Inventory","0.00"
"6497","ARROW SLOE GIN BERRY","UNKNOWN","Inventory","0.00"
"6498","RAVENSWOOD OLD VINE ZINFANDEL","BRESCOME","Inventory","0.00"
"6501","DEKUYPER CRM DE CACAO DRK 750","NULL","Inventory","0.00"
"6502","CUVAISON  CABERNET SAUVIGNON 750ML","BRESCOME","Inventory","0.00"
"6505","BROOKLYN LAGER 12 OZ","A. GALLO","Inventory","0.00"
"6507","MCWILLIAM'S PINOT NOIR 750ML","CDI MERCH-D","Inventory","0.00"
"6509","BLUEMOON BELGIUM ALE 6PK BOTTLE 12 OZ","A. GALLO","Inventory","7.00"
"6510","CIROC MANGO VODKA 750ML","UNKNOWN","Inventory","0.00"
"6516","SOUTHERN TIER 6PKS","NULL","Inventory","0.00"
"6517","USA 100 BOX 40C OFF","MTC","Inventory","0.00"
"6518","ORDA SINGLE","NULL","Inventory","0.00"
"6525","THREE OLIVE RASPBE. VOD. 750ML","BRESCOME","Inventory","2.00"
"6528","JAC C.D.M. WHITE 750ML","UNKNOWN","Inventory","0.00"
"6529","SOUTHERN COMFORT 100 PROOF 50 ML","EDER BROS","Inventory","96.00"
"6532","SANTIAGO ROSE","NULL","Inventory","0.00"
"6534","RELIC","NULL","Inventory","0.00"
"6535","ST. PAULI GIRL DARK 6PK BTL.","G & G BEVERAGE DIST","Inventory","0.00"
"6536","REVISION 16OZ","NULL","Inventory","0.00"
"6537","STONNEY CREEK IPA 16OZ","NULL","Inventory","0.00"
"6538","THIMBLE ISLAND","NULL","Inventory","0.00"
"6540","ATWATER DECADENT DARK CHOC ALE 12 OZ","NULL","Inventory","0.00"
"6546","CYCLES GLADIATOR PETITE SYRAH","UNKNOWN","Inventory","0.00"
"6547","NIRVANA IPA","UNKNOWN","Inventory","0.00"
"6548","RED DIAMOND MERLOT 1.5L","NULL","Inventory","0.00"
"6550","SALMON CREEK CAB.SAU. 1.5L","ALLAN S GOOD","Inventory","0.00"
"6551","MONTE AZUL 750ML","NULL","Inventory","0.00"
"6552","SUTTER  HOME WHITE ZINFANDEL 1.5L","CDI","Inventory","0.00"
"6555","WOODBRIDGE CHARDONNAY 12OZ","HARTLEY PARKER","Inventory","0.00"
"6556","FIVE RIVERS CAB 750ML","BRESCOME","Inventory","0.00"
"6559","TWO VINES CHARDONNAY 1.5LT","BRESCOME","Inventory","0.00"
"6560","INOPNITO 6PKS","NULL","Inventory","0.00"
"6561","FOUNDE'S FROOT WOOD","NULL","Inventory","0.00"
"6562","LE PETIT ROUVIERE ROSE DOMAINE BUNAN 750ML","TOUTON MONSIEUR TOUTON SELECTION LTD","Inventory","0.00"
"6563","CRAN BERRY LIME 12OZ 6 PK CAN","UNKNOWN","Inventory","0.00"
"6565","BEANBALL BOURBON","NULL","Inventory","0.00"
"6567","ROSEMOUNT SANGIOVE 750ML","CDI","Inventory","0.00"
"6568","FUKI PLUM WINE","EDER BROS","Inventory","0.00"
"6569","LINDEMANS BIN 40 MERLOT 750ML","SLOCUM & SONS INC","Inventory","1.00"
"6570","PIN BALL  CAN 4/6 12Z","NULL","Inventory","0.00"
"6572","EAGLE RARE 10YR SINGLE BARREL 750ML","NORTHEAST","Inventory","0.00"
"6576","MASTER OF MIXES SWEET N SOUR 1 L","CDI","Inventory","0.00"
"6579","USA GOLD FULL FLAVOR","MTC","Inventory","0.00"
"6580","TAYLOR MARSALA 750ML","NULL","Inventory","0.00"
"6581","BUD LIGHT BOTTLE 6PK 12 OZ","HDI","Inventory","5.00"
"6582","BEER SINGLE","NULL","Inventory","0.00"
"6585","BBC 12PK CANS","NULL","Inventory","0.00"
"6588","THIMBLE ISLAND","NULL","Inventory","0.00"
"6589","MARTELL VSOP COGNAC 750ML","NULL","Inventory","0.00"
"6590","NIKKA WHISKEY FROM THE BARREL 750ML","SLOCUM & SONS INC","Inventory","1.00"
"6592","AVERY IPA CANS 12 OZ","NULL","Inventory","0.00"
"6593","NEWBURGH MEGA BOSS IPA","NULL","Inventory","0.00"
"6594","BBCO IT'S COMPLICATED BEING A WIZARD DOUBLE IPA","UNKNOWN","Inventory","0.00"
"6597","RIALS","NULL","Inventory","0.00"
"6601","BIG HOUSE WHITE WINE","SLOCUM & SONS INC","Inventory","0.00"
"6602","COLUMBIA CREST RED BLEND","UNKNOWN","Inventory","0.00"
"6605","MUMM NAPA BRUT","CDI","Inventory","0.00"
"6606","SINGLE CUT","NULL","Inventory","0.00"
"6607","VICTORY SOUR MONKEY 19.2 OZ CAN","UNKNOWN","Inventory","0.00"
"6610","MOET NECTAR ROSE 375 ML","BRESCOME","Inventory","0.00"
"6611","CROWN ROYAL PEACH 750ML","BRESCOME","Inventory","3.00"
"6612","TITOS VODKA 1.75L","MARTIGNETTI ","Inventory","111.00"
"6613","MONGRANO","NULL","Inventory","0.00"
"6615","CLAN MACGREGOR BLENDED SCOTCH WHISKEY 1.75LT","BRESCOME","Inventory","5.00"
"6620","MILLER LITE BOTTLE 12PK 12 OZ","A. GALLO","Inventory","3.00"
"6623","SNGLE CUT","NULL","Inventory","0.00"
"6624","FRANGELICO LIQUEUR 750ML","BRESCOME","Inventory","0.00"
"6625","VICTORY PRIMA PILS 6PK 12 OZ","NULL","Inventory","0.00"
"6627","JIM BARRY SHIRAZ THE LODGE HIL","MONSIEUR T","Inventory","0.00"
"6630","PEARL VODKA 1.L","UNKNOWN","Inventory","0.00"
"6633","FAIRBANKS WHITE PORT 750ML","CDI MERCH-D","Inventory","0.00"
"6634","HENNESSY VS COGNAC 375ML","CDI","Inventory","22.00"
"6636","CLOUDBREAK DOBBLE IPA","NULL","Inventory","0.00"
"6637","TANQUERAY GIN 1.75L","BRESCOME","Inventory","21.00"
"6638","IRISH MIST 750ML","BRESCOME","Inventory","0.00"
"6639","JOHN BARR SCOTCH  750ML","CDI MERCH-D","Inventory","0.00"
"6644","EQUILIBRIUM PHOTON PALE ALE","NULL","Inventory","0.00"
"6648","SKREWBALL PEANUT BUTTER WHISKEY 750ML","CDI","Inventory","0.00"
"6650","THREE FINGER JACK BLEND 750 ML","UNKNOWN","Inventory","0.00"
"6651","JAMESON BLACK BARREL IRISH WHISKEY 750ML","NORTHEAST","Inventory","1.00"
"6653","LA DELIZIA MASCATO 750ML","NULL","Inventory","0.00"
"6654","MAGNERS IRISH CIDER 12 OZ","STAR","Inventory","0.00"
"6656","TALEA AMARETTO 750ML","UNKNOWN","Inventory","0.00"
"6657","SAN MIGUEL 6PK BTLS","UNKNOWN","Inventory","0.00"
"6658","MOET WHITE STAR GIFT 375ML","NULL","Inventory","0.00"
"6664","CORONA LIGHT 12PK BOTTLE 12 OZ","A. GALLO","Inventory","11.00"
"6665","NAKED GRAPE PINOT GRIGIO 3 L","NULL","Inventory","0.00"
"6669","SANGRIA LA CASITA 1.5L","MONSIEUR T","Inventory","0.00"
"6670","JIM BEAM APPLE 50 ML","CDI","Inventory","43.00"
"6671","CHAT JULIEN CABERNET SAUVIGNON","UNKNOWN","Inventory","0.00"
"6672","MCCORMICK SILVER RUM 1.75L","CDI","Inventory","0.00"
"6675","TERLATO & CHAPOUTIER 750ML","NULL","Inventory","0.00"
"6676","STEADY HABIT","NULL","Inventory","0.00"
"6679","RED DOG 30PK CANS.","STAR","Inventory","0.00"
"6680","PIONEER IPA 4PKS","NULL","Inventory","0.00"
"6682","JACOBS CREEK MERLOT","UNKNOWN","Inventory","0.00"
"6683","CHIVAS REGAL 50 ML","CDI","Inventory","0.00"
"6684","POLAR SELTZER 1L BOTTLE","NULL","Inventory","11.00"
"6685","MICHTER'S SINGLE BARREL 10YR BOURBON WHISKEY 750ML","BRESCOME","Inventory","0.00"
"6686","CHIMAY CINQ CENTS 750ML","STAR","Inventory","0.00"
"6687","MARILYN MERLOT 750ML","OPICI","Inventory","0.00"
"6688","WOODBRIDGE  MERLOT 1.5LT","MARTIGNETTI ","Inventory","11.00"
"6692","SAFE HARBOR 6PK","UNKNOWN","Inventory","0.00"
"6693","BAYOU SILVER 750ML","NULL","Inventory","0.00"
"6695","TH HOOKER WATERMELON 6PKS","NULL","Inventory","0.00"
"6698","GRAND ARC. CAB.SAU. 750ML","HARTLEY PARKER","Inventory","0.00"
"6699","UNIBROUE 2PK 750ML","FRANKLIN","Inventory","0.00"
"6706","CAMEL SIGN-FROST B1G1","MTC","Inventory","0.00"
"6708","KOUROS NEMEA 750ML","UNKNOWN","Inventory","0.00"
"6709","MILL IROSA SPRITZ 4PK","UNKNOWN","Inventory","0.00"
"6711","BBC JALAPENIT IPA","UNKNOWN","Inventory","0.00"
"6714","NERRAGANSETT SHANDY 6PKS","NULL","Inventory","0.00"
"6716","RH. PHILLIPS CAB.SAU. 1.5L","CDI","Inventory","0.00"
"6717","MANG-O-RITA","NULL","Inventory","0.00"
"6719","SANTA EMA MERLOT 1.5","NULL","Inventory","0.00"
"6720","FOX HOLLOW CAB SAUV","HARTLEY PARKER","Inventory","0.00"
"6721","WOODBRIDGE RED BLEND 1.5LT","MARTIGNETTI ","Inventory","0.00"
"6723","TIN CUP AMERICAN WHISKEY 750ML","NULL","Inventory","0.00"
"6726","BARTENDERS HOTXXX (SEX) 12PK","HARTLEY PARKER","Inventory","0.00"
"6727","HOPSMACK","NULL","Inventory","0.00"
"6730","REMY MARTIN XO EXTRA OLD COGNAC 750ML","BRESCOME","Inventory","1.00"
"6734","VILLA JOLANDA","NULL","Inventory","0.00"
"6737","PETER VELLA WHITE ZINFANDEL 5 LT","CDI MERCH-D","Inventory","0.00"
"6741","CORONA EXTRA 24 OZ CAN","A. GALLO","Inventory","10.00"
"6742","RELIC","NULL","Inventory","0.00"
"6743","OLD SOUTH TOMOLIVES 8 OZ","UNKNOWN","Inventory","0.00"
"6744","TRULY PUNCH MIX 12 OZ 12 PK CAN","A. GALLO","Inventory","0.00"
"6745","TROEGENATOR 4PKS","NULL","Inventory","0.00"
"6747","POPOV GRAPE VODKA 1.75L","BRESCOME","Inventory","0.00"
"6748","AU GRAND PARIS","NULL","Inventory","0.00"
"6749","M&R SPARKLING ROSE 750ML","HARTLEY PARKER","Inventory","0.00"
"6750","MUMM EX.DRY.750ML","CDI","Inventory","0.00"
"6754","NEW ENGLAND STOUT","NULL","Inventory","0.00"
"6757","WINDSOR CANADIAN 375ML","BRESCOME","Inventory","0.00"
"6758","ROCO PINOT NOIR","NULL","Inventory","0.00"
"6760","CLUB WHISKEY SOUR 200ML","BRESCOME","Inventory","0.00"
"6762","CORRALEJO REPOSADO TEQUILA 750ML","EDER BROS","Inventory","0.00"
"6765","H2ROADS","NULL","Inventory","0.00"
"6767","SINGLE CUT","NULL","Inventory","0.00"
"6768","SOL CERVEZA BEER 24OZ CAN","NULL","Inventory","0.00"
"6771","PBR 16 OZ","NULL","Inventory","0.00"
"6772","KRAKEN SPICED RUM 94 375ML","NULL","Inventory","0.00"
"6773","PEPPERWOOD CHARDONNAY 750ML","HARTLEY PARKER","Inventory","0.00"
"6774","BRANCOTT ESTATE SAUVIGNON BLANC 750ML","CDI","Inventory","0.00"
"6777","FINCH'S CUT THROAT PALE ALE 4PK CAN 16 OZ","NULL","Inventory","0.00"
"6778","CLYNELISH 14 YEAR SINGLE MALT SCOTCH 750ML","NULL","Inventory","0.00"
"6780","HANG HILLS HILLS PILS 4PK","NULL","Inventory","0.00"
"6781","JACK DANIELS TENNESSEE HONEY 1.75L","EDER BROS","Inventory","4.00"
"6782","CLAUDE VIALADE CHADONNAY 750ML","NULL","Inventory","0.00"
"6784","SINGLECUT","NULL","Inventory","0.00"
"6785","TISDALE PINOT GRIGIO","CDI MERCH-D","Inventory","0.00"
"6786","DAILTY MOCHA MUD. MIX 1L","CDI","Inventory","0.00"
"6790","CCB MIXED 12PK CAN","NULL","Inventory","0.00"
"6791","BIG CRANKY 4PKS","NULL","Inventory","0.00"
"6794","VIEUX CLOCHER","NULL","Inventory","0.00"
"6798","OZWELL CHARDONNAY 4L","BRESCOME","Inventory","0.00"
"6799","RUSKOVA RUSSIAN VODKA 1.75L","HARTLEY PARKER","Inventory","0.00"
"6800","KENWOOD CABERNET 750ML","CDI","Inventory","0.00"
"6802","PINE RIDGE NAPA MERLOT 750ML","BRESCOME","Inventory","0.00"
"6803","RACK HOUSE CAB.SAUV 750ML","UNKNOWN","Inventory","0.00"
"6804","CRYSTAL HEAD VODKA 50 ML","SLOCUM & SONS INC","Inventory","0.00"
"6806","LADY BLIGH SPICED RUM PL","SLOCUM & SONS INC","Inventory","0.00"
"6808","CANEI ROSE 750ML","HARTLEY PARKER","Inventory","0.00"
"6809","AYINGER OKTOBER FEST MARZEN LAGER 4PK BOTTLE","NORTHEAST","Inventory","0.00"
"6811","NATHANSON CREEK MERLOT 750ML","NULL","Inventory","0.00"
"6812","DECOY CABERNET SAUVIGNON 750ML","EDER BROS","Inventory","35.00"
"6813","BURBON COUNTY 16OZ","NULL","Inventory","0.00"
"6816","OMMEGANG BRUT IPA","NULL","Inventory","0.00"
"6817","TURNING LEAF CABERNET SAUVIGNON 1.5L","CDI MERCH-D","Inventory","0.00"
"6818","SKY TEXAS GRAPEFRUIT VODKA 50ML","NULL","Inventory","0.00"
"6822","CAMEL TURKISH ROYAL BOX","NULL","Inventory","0.00"
"6824","FARETTI CHOCOLATE 750ML","NULL","Inventory","2.00"
"6825","SOBIESKI CYTRON VODKA 50ML","ACE DISTRIBUTING","Inventory","0.00"
"6826","CIROC APPLE 750ML","NULL","Inventory","0.00"
"6828","KENWOOD SAUVIGNON BLANC 750ML","CDI","Inventory","0.00"
"6829","CAPT MORGAN PINEAPPLE 750ML","NULL","Inventory","0.00"
"6833","MILAGRO RESERVE REPOSADO 750ML","NULL","Inventory","0.00"
"6835","THE FRONTIER 16OZ SINGLE","NULL","Inventory","0.00"
"6836","HEINEKEN 7OZ BOTTLE 6 PK","HDI","Inventory","2.00"
"6838","DON ANTONIO MORGANTE.750","UNKNOWN","Inventory","0.00"
"6839","NEW ENGLAND 668 ALE 4PK BTL.","G & G BEVERAGE DIST","Inventory","0.00"
"6841","MONTERRA MERLOT WINE","UNKNOWN","Inventory","0.00"
"6842","STONE MILL PALE ALE SGL. BTL.","NULL","Inventory","0.00"
"6844","ORLEANS HILL SYRAH 750ML","NEW ENGLAND","Inventory","0.00"
"6845","OUR DAILY RED","NULL","Inventory","0.00"
"6846","CONFLICTION 6PK","UNKNOWN","Inventory","0.00"
"6847","JUICE","NULL","Inventory","0.00"
"6850","CAPTAIN MORGAN 100 PROOF 1.75L","NORTHEAST","Inventory","0.00"
"6851","WHISTLE PIG RYE 10YR  WHISKEY 750ML","CDI","Inventory","2.00"
"6853","YELLOW TAIL SHIRAZ 1.5 L","BRESCOME","Inventory","0.00"
"6854","PARROT BAY MOJITO 6 PACK","STAR","Inventory","0.00"
"6855","VICTORY HEADWATERS 6PKS","NULL","Inventory","0.00"
"6856","CAMBRIDGE IPA","NULL","Inventory","0.00"
"6859","THE BEACH BY  WHISPERING ANGEL","BRESCOME","Inventory","0.00"
"6862","JEKEL MERLOT 750ML","ALLAN S GOOD","Inventory","0.00"
"6865","HAKU VODKA 750ML","BRESCOME","Inventory","1.00"
"6867","STERLING VC CHARD. 750ML","EDER BROS","Inventory","0.00"
"6868","YUENGLING LIGHT 12PK CANS 12 OZ","A. GALLO","Inventory","6.00"
"6871","ESHCOL CHARD. 750ML","UNKNOWN","Inventory","0.00"
"6873","BLOODY MARY MIX","NULL","Inventory","0.00"
"6875","JOHNNIE WALKER SAMPLER UNITOF 4 12IN BLK-GOLD RSV-18YR-BLUE","BRESCOME","Inventory","2.00"
"6876","SOLE BEECH SAUV.BLANC","NULL","Inventory","0.00"
"6877","LA VALENTINA MONTEPULCIANO D'ABRUZZO 750ML","EDER BROS","Inventory","10.00"
"6878","BENEDICTINE LIQUEUR 750ML","CDI","Inventory","2.00"
"6879","TILT ENERGY 16OZ 4PK CANS","DICHELLO","Inventory","0.00"
"6880","BEER SINGLE","NULL","Inventory","0.00"
"6881","E&J BRANDY VSOP 1L","CDI MERCH-D","Inventory","0.00"
"6882","THIMBLE ISLAND INDIA PALE ALE 6PK BEER","NORTHEAST","Inventory","0.00"
"6883","TRUELY COLIMA LIME 12 OZ","NULL","Inventory","0.00"
"6889","CROWN ROYAL MAPLE MINI PLASTIC BOTTLE 50 ML","NULL","Inventory","0.00"
"6893","OPA OPA MIX 12PK BTL","G & G BEVERAGE DIST","Inventory","0.00"
"6895","CITI STEAM 12PKS CANS","NULL","Inventory","0.00"
"6897","BENEDICTINE AND BRANDY LIQUEUR 750ML","CDI","Inventory","3.00"
"6899","KOOL B1G1","NULL","Inventory","0.00"
"6901","MCCORMICK VODKA 750ML","NULL","Inventory","0.00"
"6903","H2 ROADS SINGLE","NULL","Inventory","0.00"
"6904","THE VEGAN CAB.SAUV","UNKNOWN","Inventory","0.00"
"6905","UV BLUE RASPBERRY","SLOCUM & SONS INC","Inventory","0.00"
"6910","GOULEE","NULL","Inventory","0.00"
"6911","OMMEGANG VANILLA PORTER","NULL","Inventory","0.00"
"6914","CAMEL NO 9 100 BOX","MTC","Inventory","0.00"
"6919","TEQUIZA 6PK BTL","DICHELLO","Inventory","0.00"
"6920","NEON LIGHT 16OZ","UNKNOWN","Inventory","0.00"
"6921","DEKUYPER TRIPLE SEC LIQUEUR 375ML","BRESCOME","Inventory","1.00"
"6922","CLAN MACGREGOR BLENDED SCOTCH WHISKEY 750ML","BRESCOME","Inventory","5.00"
"6923","BEER SINGLE","NULL","Inventory","0.00"
"6926","BLACK HAUS 375ML","HARTLEY PARKER","Inventory","0.00"
"6927","J.P. CHENET CHARD. 3L","ALLAN S GOOD","Inventory","0.00"
"6929","LAGUNITAS MAXIMUS 6PK 12 OZ BOTTLE","A. GALLO","Inventory","0.00"
"6931","OAK DEVIL","UNKNOWN","Inventory","0.00"
"6932","BEER SINGLE","NULL","Inventory","0.00"
"6933","GOLDEN ROAD WOLFPUP SESON IPA","NULL","Inventory","0.00"
"6934","BUEHLER RUSSIAN RIVER CHARD","NULL","Inventory","0.00"
"6935","RED TRUCK CABERNET SAUVIGNON","UNKNOWN","Inventory","0.00"
"6936","TILT ENERGY 16OZ SGL.","DICHELLO","Inventory","0.00"
"6937","BARE FOOT HARD SELTZER STRAWBERRY 4PK","UNKNOWN","Inventory","0.00"
"6938","SINGLE CUT DOBBLE IPA","NULL","Inventory","0.00"
"6941","BLUESHINE LEMONADE 4PK","UNKNOWN","Inventory","0.00"
"6944","SPENCER TRAPPIST ALE 12OZ","NULL","Inventory","0.00"
"6946","F/C GRENADINE 1 LT","CDI","Inventory","0.00"
"6947","BALLATORE GRAN SPUMANTE 750ML","CDI MERCH-D","Inventory","0.00"
"6951","SAN GIUSEPPE PIN. GRIGIO 750ML","HARTLEY PARKER","Inventory","0.00"
"6952","HUDSON NY BRIGHT LIGHTS, BIG BOURBON 750ML","BRESCOME","Inventory","2.00"
"6953","MOLSON GOLDEN 12PK BOTTLES 12 OZ","A. GALLO","Inventory","0.00"
"6956","RINCON PINOT NOIR TALLEY","NULL","Inventory","0.00"
"6957","JIM BEAN 6PKS","NULL","Inventory","0.00"
"6962","MERMAID COVE","NULL","Inventory","0.00"
"6963","BODEGA LURTON PINOT GRIS 750ML","UNKNOWN","Inventory","0.00"
"6964","FOXGLOVE CABERNET SAUVIGNON 16","NULL","Inventory","0.00"
"6965","MARLOBORO MEDIUM 3PK PRICE","MANCHESTER T","Inventory","0.00"
"6966","BV COASTAL ESTATES SAUVIGNON BLANC","NULL","Inventory","0.00"
"6967","MURPHY'S RED ALE 6PKS","NULL","Inventory","0.00"
"6970","E DOLCE AMARETTO 750ML","NULL","Inventory","0.00"
"6973","SHOOTING STAR CHARDONNAY 750ML","NULL","Inventory","0.00"
"6976","JOSE CUERVO GOLD TEQUILA 1.75L","EDER BROS","Inventory","6.00"
"6977","SHIELD MENTHOL 100BOX","MTC","Inventory","0.00"
"6978","MAYNARD'S 40YRS","NULL","Inventory","0.00"
"6980","TROEGENATOR 6PKS","NULL","Inventory","0.00"
"6982","TILIA MALBEC 750ML","NULL","Inventory","0.00"
"6983","PLUSNUGGET SOUR ALE 4PK","NULL","Inventory","0.00"
"6985","LEAF 200ML","UNKNOWN","Inventory","0.00"
"6986","OSCAR BLUES DALE'S PALE ALE 6 PK 12 OZ","NULL","Inventory","0.00"
"6988","OZ CHARDONNAY 1.5L","BRESCOME","Inventory","0.00"
"6989","GODIVA CARAMEL LIQEUR 750ML","CDI","Inventory","0.00"
"6990","STRONGBOW DRY HARD CIDER 4PK 16.9OZ CAN","HDI","Inventory","0.00"
"6991","GNARLY HEAD CHARDONNAY 750ML","NULL","Inventory","0.00"
"6992","BLACK VELVET 750ML","BRESCOME","Inventory","0.00"
"6995","PERRIER JOUET ROSE GLASS SET G","UNKNOWN","Inventory","0.00"
"6996","LONG TRAIL ALE 6PK BTL.","HDI","Inventory","8.00"
"6997","OTTER CREEK V-LAGER 6PK BTL","ROGO","Inventory","0.00"
"6998","CAMEL SIGN-MELLOW B1G1","MTC","Inventory","0.00"
"7000","DAILY BUCKET STRW. MIX 96OZ","CDI","Inventory","0.00"
"7002","CANADIAN MIST 750ML","EDER BROS","Inventory","0.00"
"7004","PELIGROSO CINNAMON TEQUILA LIQUEUR","NULL","Inventory","0.00"
"7007","ANCHOR CALIFORNIA LAGER 12 OZ","NULL","Inventory","0.00"
"7009","RON BARCELO IMPERIAL","SLOCUM & SONS INC","Inventory","0.00"
"7010","WINDTREE CABERNET SAUVIGNON. 750ML","UNKNOWN","Inventory","0.00"
"7011","LABATT BLUE  CAN 30 12Z","NULL","Inventory","0.00"
"7012","BEER SINGLE","NULL","Inventory","0.00"
"7013","SHOCK TOP HONEYCRISP APPLE WHEAT 6 PK BOTTLE 12 OZ","NULL","Inventory","0.00"
"7015","BENMARCO MALBEC 14","NULL","Inventory","0.00"
"7016","JIM BEAM VANILLA 50ML","BRESCOME","Inventory","72.00"
"7021","HOPSTILLO 16OZ","NULL","Inventory","0.00"
"7023","TROPICANA LEMONADE 12OZ CAN","NULL","Inventory","0.00"
"7024","SKYGAZER MARGARITA 16OZ","UNKNOWN","Inventory","0.00"
"7028","CLEAR CREEK CRANBERRY LIQUEUR","NULL","Inventory","0.00"
"7030","LEROUX POLISH BLACKBERRY BRANDY 375ML","CDI","Inventory","67.00"
"7035","POWDER HOLLOW 4PKS","NULL","Inventory","0.00"
"7036","CARMENET CHARDONNAY 3L","UNKNOWN","Inventory","0.00"
"7038","ANGELICA ROSE","NULL","Inventory","0.00"
"7039","TRULY  WILD BERRY HARD SELTZER 6PACK 12 OZ CANS","A. GALLO","Inventory","0.00"
"7040","CITADELLE GIN 750ML","UNKNOWN","Inventory","0.00"
"7041","SINGLE BEER","NULL","Inventory","0.00"
"7043","WILD TURKEY AMERICAN HONEY 750ML","BRESCOME","Inventory","1.00"
"7044","CRUZAN ESTATE LIGHT 1.75L","NULL","Inventory","0.00"
"7046","STILL HILL","NULL","Inventory","0.00"
"7048","E&J BRANDY 50 ML","CDI MERCH-D","Inventory","0.00"
"7052","PENDLETON 12YR RYE 750ML","UNKNOWN","Inventory","0.00"
"7053","TOMMY BAHAMA WHITE SAND RUM","BRESCOME","Inventory","0.00"
"7054","BELL'S TWO HEARTED ALE 4PK 16 OZ","NULL","Inventory","0.00"
"7055","PAVILION CAB.SAU. 750ML","UNKNOWN","Inventory","0.00"
"7058","TRIBUNO DRY VERMOUTH","UNKNOWN","Inventory","0.00"
"7059","PIN HOOK 5YR","UNKNOWN","Inventory","0.00"
"7060","BRECKENRIDGE SAMPLER BOTTLE 12 OZ","NULL","Inventory","0.00"
"7061","DEEP EDDY LEMON VODKA 750ML","EDER BROS","Inventory","0.00"
"7062","FITVINE PINOT GRIGIO 750ML","HP","Inventory","-12.00"
"7064","LAIRD'S BLENDED APPLE JACK BRANDY 375ML","EDER BROS","Inventory","0.00"
"7066","SLOOP BREWING JUICE BOMB IPA 16OZ 4PK CANS","NORTHEAST","Inventory","4.00"
"7070","E.H. TAYLOR BARREL PROOF BOURBON 750ML","NORTHEAST","Inventory","0.00"
"7071","BUDWEISER CAN 30PK 12 OZ","HDI","Inventory","3404.00"
"7072","RITUAL SAUVIGNON BLANC","NULL","Inventory","0.00"
"7075","RH. PHILLIPS SAU.BLANC 1.5L","CDI","Inventory","0.00"
"7076","MARGRITA","NULL","Inventory","0.00"
"7078","TOMAIOLO PINOT GRIGIO","TOUTON MONSIEUR TOUTON SELECTION LTD","Inventory","0.00"
"7079","CYCLES GLAD PETITE SIR 750ML","NULL","Inventory","0.00"
"7083","LONE PINE OH J DOUBLE IPA","UNKNOWN","Inventory","0.00"
"7085","TWO SISTER PINOT NOIR","NULL","Inventory","0.00"
"7087","FUNK","NULL","Inventory","0.00"
"7089","WHITEHAVEN SAUVIGNON BLANC 750ML","CDI","Inventory","57.00"
"7090","TROUT RIVER MAD TROUT 6PK BTL","ARKO LLC","Inventory","0.00"
"7091","NEW HOLLAND WHITE HATTER BELGIAN STYLE WPA 6PK 12 OZ","NULL","Inventory","0.00"
"7093","DEK CREME DE CACAO DARK 375ML","BRESCOME","Inventory","0.00"
"7094","BUD LIGHT 25 OZ CAN","HDI","Inventory","13.00"
"7095","I.W. HARPER BOURBON 750ML","UNKNOWN","Inventory","0.00"
"7096","OBAN DISTILLERS EDITION DOUBLE MATURED 750ML","NULL","Inventory","0.00"
"7097","SUR DE ANDES CAB.SAUV","NULL","Inventory","0.00"
"7099","HOOKER PULP'D","NULL","Inventory","0.00"
"7100","J ROGET EXTRA DRY 750ML","BRESCOME","Inventory","0.00"
"7101","UNKNOWN_ITEM_42","UNKNOWN","Inventory","0.00"
"7102","ULTIMAT VODKA 750ML","NULL","Inventory","0.00"
"7103","IRISH MIST 375ML","HARTLEY PARKER","Inventory","2.00"
"7106","GALLO WHITE ZINFANDEL 750ML","CDI MERCH-D","Inventory","0.00"
"7108","ROSES GRENADINE SYRUP 1 LT","EDER BROS","Inventory","0.00"
"7112","JAMESON IRISH WHISKEY 750ML","EDER BROS","Inventory","11.00"
"7113","EVAN WILLIAMS BLACK LABEL 375ML","MARTIGNETTI ","Inventory","-178.00"
"7115","YOUGLING LAGER","NULL","Inventory","0.00"
"7117","LOS AILOS MALBEC 750ML","NULL","Inventory","0.00"
"7120","SOUTHERN TIER PUMKING 22 OZ","NULL","Inventory","0.00"
"7123","REFUND    5 CENT X","UNKNOWN","Inventory","0.00"
"7124","COTTRELL","NULL","Inventory","0.00"
"7125","NATUREL LT. SGL. CANS","HDI","Inventory","0.00"
"7129","BUDDY'S AMERICAN VODKA 1.75L","LATITUDE BEVERAGE COMAPNY","Inventory","6.00"
"7130","YALUMBA Y SERIES CABERNET SAUVIGNON 750","MONSIEUR T","Inventory","0.00"
"7132","TOAD HOLLOW 'EYE OF TOAD'","NULL","Inventory","0.00"
"7135","REDDS WICKED APPLE 24OZ","A. GALLO","Inventory","13.00"
"7136","SINGLE CUT","NULL","Inventory","0.00"
"7138","T HOOKER 6PKS","NULL","Inventory","0.00"
"7140","RELIC DOBBLE IPA","NULL","Inventory","0.00"
"7141","JACQUINS WILD CHERRY BRANDY PL","UNKNOWN","Inventory","0.00"
"7145","CAROLAN'S IRISH CREAM 750ML","NULL","Inventory","0.00"
"7146","IMPERIAL BLENDED AMERICAN WHISKEY 200ML","UNKNOWN","Inventory","0.00"
"7147","IRONSIDE BLAND","NULL","Inventory","0.00"
"7148","ANTINORI SANTA CHRISTIN 750ML","UNKNOWN","Inventory","0.00"
"7149","WEYERBACKER","NULL","Inventory","0.00"
"7150","RAVENSWOOD SONOMA ZINFANDEL 750ML","CDI","Inventory","0.00"
"7151","CROOK AND MARKER MARGARITA 8PK","NULL","Inventory","0.00"
"7152","DEWAR'S 12 YRS SCOTCH WHISKEY 50ML","NULL","Inventory","6.00"
"7155","BLACK BOX PINOT NOIR 500ML","CDI","Inventory","10.00"
"7156","CR CELLARS FORTISSIMO WINE 3 LITER","CDI","Inventory","0.00"
"7158","MOJITO ORI 1L","HARTLEY PARKER","Inventory","0.00"
"7159","TYSKIE 22OZ BTL.","ROGO","Inventory","0.00"
"7160","CT VALLEY","NULL","Inventory","0.00"
"7161","B&J BERRY 12 OZ","CDI MERCH-D","Inventory","0.00"
"7162","REDBREAST IRISH WHISKEY 15YR 750ML","EDER BROS","Inventory","2.00"
"7163","UV APPLE","SLOCUM & SONS INC","Inventory","0.00"
"7164","OMMEGANG IPA 6PKS","NULL","Inventory","0.00"
"7165","ARROW KIRSCH","HARTLEY PARKER","Inventory","0.00"
"7166","TWISTED WHITE ZINFANDALE 1.5LT","HARTLEY PARKER","Inventory","0.00"
"7167","BULLY HILL SWEET WALTER  750ML","CDI","Inventory","0.00"
"7168","RED DIAMOND CABERNET SAUVIGNON 750ML","EDER BROS","Inventory","0.00"
"7169","PATRON REPOSADO 50 ML","CDI","Inventory","0.00"
"7171","BANFI CENTINE RED BLEND 750ML","BRESCOME","Inventory","0.00"
"7176","COMPASS BOX ARTIST BLEND SCOTCH WHISKEY 750ML","CDI","Inventory","0.00"
"7178","CARLSBERG 12PK CAN","NULL","Inventory","0.00"
"7180","SPOKEN BARREL CABERNET 750ML","NULL","Inventory","0.00"
"7181","HOP DEVIL IPA","UNKNOWN","Inventory","0.00"
"7182","TROEGS 15 PK VARITY","UNKNOWN","Inventory","0.00"
"7183","PARROT BAY PASSION 750ML","HARTLEY PARKER","Inventory","0.00"
"7185","CHILL","NULL","Inventory","0.00"
"7187","H3 CABERNET SAUVIGNON HORSE HEAVEN HILLS 750ML","BRESCOME","Inventory","10.00"
"7188","DUVEL SINGLE","UNKNOWN","Inventory","0.00"
"7189","MODELO ESPECIAL 12PK BOTTLE 12 OZ","A. GALLO","Inventory","9.00"
"7190","RUM CHATA 750ML","CDI","Inventory","4.00"
"7192","SONOMA FULL FLAVOR 100 BOX","MTC","Inventory","0.00"
"7193","VICTORY GOLDEN MONKEY TRIPLE ALE 6PK","NULL","Inventory","0.00"
"7195","PUEBLO REPOSADO TEQUILA 750ML","NULL","Inventory","0.00"
"7196","B&J BLUE HAWAIIAN 4PK","CDI MERCH-D","Inventory","0.00"
"7197","ROSEMOUNT DIAMOND SHIRAZ","CDI","Inventory","0.00"
"7199","BOMBAY DRY GIN ORIGINAL 1.75L","CDI","Inventory","5.00"
"7203","JAMESON STOUT/CASKMATES EDITION FINISHED IN CRAFT BEER BARRELS 750ML","NULL","Inventory","1.00"
"7204","BALLENTINE'S SCOTCH 750ML","CDI","Inventory","0.00"
"7205","DEPOSIT    90 CENTS","UNKNOWN","Inventory","0.00"
"7206","LEFFE BROWN 4/6/11.2 NR","NULL","Inventory","0.00"
"7208","ST PAULI GIRL 12 PK LNNR 12 OZ","G & G BEVERAGE DIST","Inventory","0.00"
"7209","CAMBRIDGE BREWING COMP 6PKS","NULL","Inventory","0.00"
"7212","T.G.I.F. ORANGE DREAM 1.75L","EDER BROS","Inventory","0.00"
"7214","SANCERRA","NULL","Inventory","0.00"
"7215","LANDSHARK ISLAND 12PK CAN","NULL","Inventory","0.00"
"7217","WILLAMETTE VALLEY ESTATE","NULL","Inventory","0.00"
"7218","PINK TRUCK WHI.ZIN 750ML","SLOCUM & SONS INC","Inventory","0.00"
"7219","BULLEIT RYE WHISKEY 750ML","BRESCOME","Inventory","9.00"
"7221","T HOOKER IRISH ALE 4PK","NULL","Inventory","0.00"
"7223","DAILYS PEACH DAIQUIRI POUCH 10 OZ","HARTLEY PARKER","Inventory","0.00"
"7224","WRAY AND NEPHEW OVERPROOF RUM 200ML","NULL","Inventory","0.00"
"7225","JIM BEAM RED STAG 200ML","BRESCOME","Inventory","2.00"
"7228","WOODBRIDGE CABERNET 4PK 187ML","MARTIGNETTI ","Inventory","0.00"
"7232","STONY CREEK 4PKS","NULL","Inventory","0.00"
"7236","SPELLBOUND PETITE SIRAH 750ML","NULL","Inventory","0.00"
"7239","BAR-TENDERS STRAWBERRY 750ML","NULL","Inventory","0.00"
"7241","CAPT LAWRENCE HOP COMM 6PK","NULL","Inventory","0.00"
"7243","DOMAINE DE CANTON FRENCH GINGER LIQUEUR 750ML","BRESCOME","Inventory","1.00"
"7244","THIRSTY DOG 6PKS","NULL","Inventory","0.00"
"7246","BV COASTAL CHARDONNAY 750ML","EDER BROS","Inventory","0.00"
"7249","AMPAKAMA SYRAH 1.5L","DICHELLO","Inventory","0.00"
"7250","WALNUT CREST VR MERLOT","BRESCOME","Inventory","0.00"
"7251","CROOK 160Z","NULL","Inventory","0.00"
"7252","G. DUBOEUF RES.CHAR.750ML","SLOCUM & SONS INC","Inventory","0.00"
"7254","SAM ADAMS WICKED EASY 12OZ CAN","A. GALLO","Inventory","0.00"
"7255","GRANCARDIEL RUEDAVERDEJO 750ML","UNKNOWN","Inventory","0.00"
"7256","SHARP HILL","NULL","Inventory","0.00"
"7262","CORRALEJO ANEJO 750ML","EDER BROS","Inventory","0.00"
"7266","SINGLE CUT ELECTIC BLUE","UNKNOWN","Inventory","0.00"
"7268","MARTINI & ROSSI EXTRA DRY VERMOUTH 750ML","BRESCOME","Inventory","2.00"
"7271","PARROT BAY MANGO RUM 750ML","HARTLEY PARKER","Inventory","0.00"
"7272","SHOCK TOP LEMON 12PK 12 OZ","NULL","Inventory","0.00"
"7274","SKYGAZER SOUR","UNKNOWN","Inventory","0.00"
"7277","BARTENURA MOSCATO DASTI DOCG 750ML","BRESCOME","Inventory","18.00"
"7279","SHAFER CABERNET SAUVIGNON ONE POINT FIVE","BRESCOME","Inventory","2.00"
"7281","EXTREM BANANA RUM 750ML","ACE DISTRIBUTING","Inventory","0.00"
"7284","FIREFLY","NULL","Inventory","0.00"
"7286","BUKOFF VODKA 1L","HARTLEY PARKER","Inventory","0.00"
"7287","HOT STUFF CINNAMON","NULL","Inventory","0.00"
"7288","PRIMARIUS PINOT NOIR 750ML","OPICI","Inventory","9.00"
"7289","NEW AMSTERDAM VODKA 375ML","CDI","Inventory","17.00"
"7293","HENNESSY VS COGNAC 375ML","CDI","Inventory","0.00"
"7299","B&J. STRA.CO.4PK","UNKNOWN","Inventory","0.00"
"7300","SALZER","NULL","Inventory","0.00"
"7301","BOUNDRY BREAKS","NULL","Inventory","0.00"
"7302","ROKU GIN 750ML","BRESCOME","Inventory","5.00"
"7304","B.HOG STRAWBERRY 4PKS","NULL","Inventory","0.00"
"7305","FOREST GLEN MERLOT","BRESCOME","Inventory","0.00"
"7306","JACQUIN'S BLACKBERRY BRANDY PL","UNKNOWN","Inventory","0.00"
"7307","PELIGROSO CINNAMON","NULL","Inventory","0.00"
"7310","CAPTAIN MORGAN SPICED RUM 200ML","CDI","Inventory","4.00"
"7311","BOSSO PINOT GRIGIO WHITE WINE","HP","Inventory","0.00"
"7313","CATENA MALBEC 750ML","Winebow, Inc.","Inventory","10.00"
"7314","CAMBRIDGE IPA","NULL","Inventory","0.00"
"7315","KENT FALL","UNKNOWN","Inventory","0.00"
"7316","CROWN ROYAL APPLE MINI PLASTIC BOTTLE 50 ML","BRESCOME","Inventory","2.00"
"7317","COLLECTIVE ART","NULL","Inventory","0.00"
"7318","FLEUR DU CAP CHARDONNAY 750ML","UNKNOWN","Inventory","0.00"
"7321","HARDYS CHARDONNAY 3L","HARTLEY PARKER","Inventory","0.00"
"7323","TRULY WILD 50ML","NULL","Inventory","0.00"
"7324","ARBOR MIST BLNDR PEACH 1.5 L","BRESCOME","Inventory","0.00"
"7328","KENT FALL EVERYTHIG'S ALLRITE","NULL","Inventory","0.00"
"7329","MR & MRS T BLOODY MARY 1 L","ALLAN S GOOD","Inventory","0.00"
"7330","CALUMET FARM SMALL BATCH BOURBON 750ML","NORTHEAST","Inventory","0.00"
"7333","FIREFLY HOLLOW ARTISTRY SERIES #7 DIPA","NULL","Inventory","0.00"
"7334","SPIKED SELTZER GRAPEFRUIT 12OZ","NULL","Inventory","0.00"
"7335","ROBERT MONDAVI PRIVATE SELECTION MERLOT 750ML","HARTLEY PARKER","Inventory","0.00"
"7336","NERRAGANST SUMMER ALE 6PKS","NULL","Inventory","0.00"
"7338","MOUNT GAY ECLIPSE RUM 1.75L","EDER BROS","Inventory","3.00"
"7339","RELIC HUNTERESS","NULL","Inventory","0.00"
"7340","INGLENOOK RHINE 1.5L","BRESCOME","Inventory","0.00"
"7341","JOSE","NULL","Inventory","0.00"
"7342","BANROCK STATION CABERNET SAUVIGNON 6PK","HARTLEY PARKER","Inventory","0.00"
"7343","IF YOU SEE KAY 750ML","NULL","Inventory","0.00"
"7345","DEEP EDDY RUBY RED","NULL","Inventory","0.00"
"7346","JUSTDESRT C.CHIP 375ML","UNKNOWN","Inventory","0.00"
"7347","VILLA MASSA LIMONCELLO 750ML","ACE DISTRIBUTING","Inventory","0.00"
"7352","ESTANCIA UNOAKED CHARD","NULL","Inventory","0.00"
"7353","BELL'S TWO HEARTED ALE 6PK CAN 12 OZ","NULL","Inventory","0.00"
"7354","BUD LIGHT 2/12PK BOTTLES 12OZ","HDI","Inventory","9.00"
"7355","JUNE SHINE MIDNIGHT PAINKILLER 6PK","NULL","Inventory","0.00"
"7358","BOM BOM","NULL","Inventory","0.00"
"7363","BUSHMILLS THE ORIGINAL IRISH WHISKEY 750ML","EDER BROS","Inventory","9.00"
"7364","NATURDAYS","NULL","Inventory","0.00"
"7365","HOP KRUSH 4PK","UNKNOWN","Inventory","0.00"
"7369","AV CHERRY GOSE 6PK 12 OZ","NULL","Inventory","0.00"
"7371","MARTINI & ROSSI ASTI 187ML","HARTLEY PARKER","Inventory","0.00"
"7372","BELLS LO-CAL IPA 6PK","UNKNOWN","Inventory","0.00"
"7373","MERRYVALE STARMONT CAB","NULL","Inventory","0.00"
"7374","STILL HILL PORTER","NULL","Inventory","0.00"
"7377","THREE PHILOSOPHERS 12OZ","NULL","Inventory","0.00"
"7378","SWEET WATER G13 IPA 16OZ CAN","UNKNOWN","Inventory","0.00"
"7380","SHED IPA 6PKS","NULL","Inventory","0.00"
"7386","OFFSHHOT RELAX IPA 4PK","NULL","Inventory","0.00"
"7387","VILLA JOLANDA 187ML","NULL","Inventory","0.00"
"7388","THE MACALLAN DOUBLE CASK 15YRS 750ML","BRESCOME","Inventory","2.00"
"7389","SOUTHERN TIER 15PK","NULL","Inventory","0.00"
"7390","BOULEVARD BOURBON BARREL 12OZ","NULL","Inventory","0.00"
"7391","RELIC","NULL","Inventory","0.00"
"7397","BLACK & MILD CASINO WOOD TIP","NULL","Inventory","0.00"
"7398","HOOKER REINDEER STOUT","UNKNOWN","Inventory","0.00"
"7399","SHARPE HILL ROSE","NULL","Inventory","0.00"
"7402","RUSSELLS RESERVE SINGLE BARREL BOURBON WHISKEY 750ML","BRESCOME","Inventory","1.00"
"7403","USA MENTHOL 100 BOX 40C OFF","MTC","Inventory","0.00"
"7405","RELIC DOBBLE IPA","NULL","Inventory","0.00"
"7406","CROWN ROYAL BLACK MINI 50 ML","BRESCOME","Inventory","0.00"
"7407","WHITE NIGHTS VODKA 1.75L","ACE DISTRIBUTING","Inventory","0.00"
"7411","MAGNERS 16OZ","NULL","Inventory","0.00"
"7412","CRYSTAL HEAD VODKA 750ML","SLOCUM & SONS INC","Inventory","0.00"
"7413","OMMEGANG RAINBOWSIPA","NULL","Inventory","0.00"
"7414","BRAZIN OLD VINE ZINFANDEL LODI","NULL","Inventory","0.00"
"7416","JOSH SAUVIGNON BLANC 750ML","BRESCOME","Inventory","18.00"
"7417","OLD CROW PL","CDI","Inventory","0.00"
"7419","JACQUINS V.750 ML","UNKNOWN","Inventory","0.00"
"7420","WIDE EYE CHERRY BOMB 750ML","ALLAN S GOOD","Inventory","0.00"
"7421","TUACA LIQUEURE 750ML","UNKNOWN","Inventory","0.00"
"7422","DON Q MOJITO","HARTLEY PARKER","Inventory","0.00"
"7423","MCMANIS PETITE SIRAH 750ML","EDER BROS","Inventory","7.00"
"7424","TWISTED CHARDONNAY 1.5LT","HARTLEY PARKER","Inventory","4.00"
"7426","MAIN STREET MERLOT 750ML","CDI","Inventory","0.00"
"7427","ARGYLE WILL VALLEY P NOIR 16","NULL","Inventory","0.00"
"7430","LYMAN ORCHARDS CIDER","NULL","Inventory","0.00"
"7432","SUTTER HOME CHARDONNAY TETRA PACK 500ML BOX","CDI","Inventory","0.00"
"7434","DAILY'S FROZEN MOJITO SINGLE","HARTLEY PARKER","Inventory","0.00"
"7435","CHANDON BRUT 750ML","BRESCOME","Inventory","14.00"
"7436","HANGING HILLS BAYERN HARTFORD FESTBIER","NULL","Inventory","0.00"
"7437","BOURGOGNE PINOT NOIR 750ML","MONSIEUR T","Inventory","0.00"
"7439","BLACK OPAL SHIRAZ 750ML","HARTLEY PARKER","Inventory","0.00"
"7440","SIERRA NEVADA TORPEDO EXTRA IPA 6PK BOTTLE 12 OZ","NORTHEAST","Inventory","0.00"
"7441","OTTER CREEK SEASONAL 6PK BTL.","G & G BEVERAGE DIST","Inventory","0.00"
"7443","MERIDIAN RES. CHARD. 750ML","ALLAN S GOOD","Inventory","0.00"
"7447","PINK LEMONADE SALZER","UNKNOWN","Inventory","0.00"
"7449","RODNEY STRONG MERLOT 750ML","HP","Inventory","-12.00"
"7451","ABSOLUT CITRON 50ML","CDI","Inventory","55.00"
"7452","RELIC 16OZ","NULL","Inventory","0.00"
"7454","GREAT FALL","NULL","Inventory","0.00"
"7455","BLOOD ORANGE WHEAT","UNKNOWN","Inventory","0.00"
"7457","APPLETON JAMAICA RUM 1L","ALLAN S GOOD","Inventory","0.00"
"7459","TIMBER RIDGE CAB.SAU 750ML","UNKNOWN","Inventory","0.00"
"7460","PAMA POMEGRANATE LIQUEUR 50 ML","HARTLEY PARKER","Inventory","0.00"
"7463","SAM ADAMS SUMMER ALE 6PK BOTTLE 12 OZ","A. GALLO","Inventory","5.00"
"7464","DEKUYPER WATERMELON PUCKER","BRESCOME","Inventory","0.00"
"7465","MILAGRO RESERVE SILVER 750ML","NULL","Inventory","0.00"
"7466","PAPIO CHARD  750ML","HARTLEY PARKER","Inventory","0.00"
"7468","VERNACCIA PALAGETTO 750ML","ANGELINI","Inventory","0.00"
"7469","WILLIAM LARUE WELLER 750ML","UNKNOWN","Inventory","0.00"
"7471","LITCHFIELD BLUEBERRY VODKA 750ML","EDER BROS","Inventory","4.00"
"7476","DEL DUENO TEQUILA 750ML","UNKNOWN","Inventory","0.00"
"7478","OMMEGANG 16OZ 4PK","UNKNOWN","Inventory","0.00"
"7479","MUDSHAKE VANILA-VODKA SGL.","NULL","Inventory","0.00"
"7485","SANTA MARVISTA CHARD.1.5L","HARTLEY PARKER","Inventory","0.00"
"7486","BIG HOUSE RED 6 PACK","NULL","Inventory","0.00"
"7490","TWO BROTHER SOUR","NULL","Inventory","0.00"
"7493","WOODFORD RESERVE KENTUCKY DERBY 152 BOURBON WHISKEY 1 LT","EDER BROS","Inventory","0.00"
"7495","PATRON CITRONGE 750ML","CDI","Inventory","0.00"
"7498","CANEI SANGRIA 1.5L","HARTLEY PARKER","Inventory","0.00"
"7499","DEWAR'S WHITE LABEL 1.75L","BRESCOME","Inventory","10.00"
"7500","MARLOWE REPLAC MEM 4PK","UNKNOWN","Inventory","0.00"
"7503","FESS PARKER PINOT NOIR SRH","NULL","Inventory","0.00"
"7505","GREEN FLASH LE FREAK ALE 22 OZ","NULL","Inventory","0.00"
"7506","THE ALCHEMIST FOCAL & BANGER BEER 4PK 16OZ CANS","NORTHEAST","Inventory","0.00"
"7507","DON Q CRISTAL","NULL","Inventory","0.00"
"7508","BEER SINGLE","NULL","Inventory","0.00"
"7511","CRUZAN BLACK CHE.200ML","HARTLEY PARKER","Inventory","0.00"
"7514","CAIRANAN","UNKNOWN","Inventory","0.00"
"7515","SOTO SAKI","UNKNOWN","Inventory","0.00"
"7516","D'ARENBERG  STUMP JUMP RIES/SB 750ML","UNKNOWN","Inventory","0.00"
"7517","PARROT BAY PARTY  12PK BTL.","STAR","Inventory","0.00"
"7518","ANGELINE PIN NOIR RSV 750ML","HARTLEY PARKER","Inventory","0.00"
"7519","CLAY STATION PINOT GRIGIO","UNKNOWN","Inventory","0.00"
"7520","VILLA ONE SILVER 750ML","UNKNOWN","Inventory","0.00"
"7522","BAREFOOT CABERNET SAUVIGNON 1.5 L","CDI","Inventory","10.00"
"7524","GRAN CENTENARIO REPA.750ML","BRESCOME","Inventory","0.00"
"7527","MICHAEL DAVID CHARDONNAY","NULL","Inventory","0.00"
"7528","JACK DANIELS TENNESSEE HONEY 50 ML","EDER BROS","Inventory","-8.00"
"7530","HONEY BROWN BOTTLE 6PK 12 OZ","G & G BEVERAGE DIST","Inventory","0.00"
"7531","GREAT NORTH","NULL","Inventory","0.00"
"7536","WAVE CHERRY PL","NORTHEAST","Inventory","0.00"
"7538","FAMIGLIA CASTELLANI SANGIOVESE 750ML","TOUTON MONSIEUR TOUTON SELECTION LTD","Inventory","0.00"
"7539","SOUTHERN TIER IPA 12 OZ","UNKNOWN","Inventory","0.00"
"7540","IBIS XO BRANDY 750ML","ACE DISTRIBUTING","Inventory","0.00"
"7542","KNOB CREEK RYE WHISKEY 750ML","BRESCOME","Inventory","0.00"
"7545","THOMAS HOOKER RED ALE","NULL","Inventory","0.00"
"7546","CITIZEN CIDER VARIETY","NULL","Inventory","0.00"
"7553","BLACK HAUS BLACKBERRY SCHNAPPS 50ML","MARTIGNETTI ","Inventory","35.00"
"7555","GEKKEIKAN JUNMAI SAKE 750ML","BRESCOME","Inventory","13.00"
"7557","MALIBU PASSION FRUIT RUM 750ML","CDI","Inventory","0.00"
"7558","GNARLY HEAD PINOT GRIG 750ML","HARTLEY PARKER","Inventory","0.00"
"7559","GENOS PINOT GRIGO 750ML","ACE DISTRIBUTING","Inventory","0.00"
"7562","HIGH NOON BLACK CHERRY HARD SELTZER 4 PK","CDI","Inventory","5.00"
"7565","CLUB LONG ISLAND 750ML","EDER BROS","Inventory","0.00"
"7567","BALDUZZI RED 750ML","NULL","Inventory","0.00"
"7568","BAROSSA SPIRES CHAR.750ML","HARTLEY PARKER","Inventory","0.00"
"7569","TOX FUGU IPA 4PK","NULL","Inventory","0.00"
"7571","CARTAGENA","NULL","Inventory","0.00"
"7572","TAHUAN MALBEC","BRESCOME","Inventory","0.00"
"7576","MISC","UNKNOWN","Inventory","0.00"
"7577","MOTTO UNABASHED ZIN","NULL","Inventory","0.00"
"7579","JACQUINS LIME 750 ML","UNKNOWN","Inventory","0.00"
"7580","STONY CREEK 860 16OZ","NULL","Inventory","0.00"
"7581","EFFEN VODKA","NULL","Inventory","0.00"
"7583","CHI-CHI'S MEXICAN MUDSLIDE 1.75L","BRESCOME","Inventory","0.00"
"7584","GRIMBERGEN BLONDE 6PKS","NULL","Inventory","0.00"
"7586","SCHLITZ 12PK CAN","G & G BEVERAGE DIST","Inventory","0.00"
"7587","PORTLAND PALE ALE 4 PK","UNKNOWN","Inventory","0.00"
"7589","CITI STEAM 6PKS CANS","NULL","Inventory","0.00"
"7591","CIDER","NULL","Inventory","0.00"
"7592","BOLLA  VALPOLICELLA 1.5 L","EDER BROS","Inventory","0.00"
"7593","COLUMBIA CREST PINO GRIO. 1.5L","BRESCOME","Inventory","0.00"
"7595","ISLAND HOPPER","NULL","Inventory","0.00"
"7596","EQUILIBRIUM ASTROPHYSICS IPA","UNKNOWN","Inventory","0.00"
"7597","HEAVY LIFTING 6PKS","NULL","Inventory","0.00"
"7598","MACNAUGHTON CAN-WHISKY 1.75L","BRESCOME","Inventory","0.00"
"7600","SINGLE CUT IPA","NULL","Inventory","0.00"
"7601","STILL HILL IPA","NULL","Inventory","0.00"
"7603","REMY MARTIN V COGNAC 750ML","NULL","Inventory","0.00"
"7607","LA CREMA MONTEREY PINOT NOIR 750ML","CDI","Inventory","9.00"
"7609","PINEAPPLE CARROT","UNKNOWN","Inventory","0.00"
"7610","MAJOR PETERS SWEET&SOUR 750ML","ALLAN S GOOD","Inventory","0.00"
"7611","LITCHFIELD BATCHERS VODKA 750ML","SLOCUM & SONS INC","Inventory","0.00"
"7612","FAR WEST VLAMING 750ML19.99","NULL","Inventory","0.00"
"7614","CENTENARIO ANEJO 750ML","BRESCOME","Inventory","0.00"
"7615","CARMENET 1.5L","UNKNOWN","Inventory","0.00"
"7617","LOCKHART PINOT NOIR","NULL","Inventory","0.00"
"7618","RAVENSWOOD MENDOCINO ZINFANDEL","NULL","Inventory","0.00"
"7619","MICHLOB ULTRA","NULL","Inventory","0.00"
"7620","VERAMONTE SAUVIGNON BLANC","BRESCOME","Inventory","0.00"
"7622","MIJA SANGRIA 1.5L","NULL","Inventory","0.00"
"7623","TAJA BODEGA SERIE 750ML","NULL","Inventory","0.00"
"7629","BULLEIT RYE WHISKEY 375ML","BRESCOME","Inventory","1.00"
"7630","GALLO PINK MOSCATO 4PK 187ML","CDI MERCH-D","Inventory","0.00"
"7631","ON THE ROCKS JALAPENO PINEAPPLE MARGARITA 375ML","BRESCOME","Inventory","5.00"
"7632","SPIKED SELTZER LIME 6 PK BTL","NULL","Inventory","0.00"
"7633","CITIZEN CIDER 16OZ 4 PKS","NULL","Inventory","0.00"
"7639","USA METH LT 100 BOX","MTC","Inventory","0.00"
"7640","AUARDIENTE CRISTAL 750ML","BRESCOME","Inventory","0.00"
"7642","VALPOLICELLA RIPASSO","NULL","Inventory","0.00"
"7644","SERGIO M SPARKLING 750ML","HARTLEY PARKER","Inventory","0.00"
"7648","REGATTA GINGER BEER 6PK","UNKNOWN","Inventory","0.00"
"7649","BOTA BOX PINOT GRIGIO 3L","MARTIGNETTI ","Inventory","9.00"
"7653","GALLO FAMILY PINOT","CDI MERCH-D","Inventory","0.00"
"7655","SASSOREGALE VERMENTINO MAREMMA TOSCANA DOC 750ML","BRESCOME","Inventory","6.00"
"7656","BEER SINGLE","NULL","Inventory","0.00"
"7657","Q GINGER ALE 500ML","UNKNOWN","Inventory","0.00"
"7658","BAROSSA VALLEY ESTATE SHIRAZ 750 ML","NULL","Inventory","0.00"
"7659","T.G.I.F. STRAWB DAIQ 750ML","EDER BROS","Inventory","0.00"
"7661","CROOK & MARKER BLACKBERRY LIME MOJITO 8PK","UNKNOWN","Inventory","0.00"
"7662","NATURA MALBEC","BRESCOME","Inventory","0.00"
"7663","CIROC APPLE 200ML","NULL","Inventory","0.00"
"7665","HIGH NOON MANGO 4PK CAN","CDI","Inventory","-16.00"
"7666","BAKER'S BOURBON WHISKEY 7 YRS SINGLE BARREL 107 PROOF 750ML","BRESCOME","Inventory","2.00"
"7667","YUENGLING BLACK AND TAN 6PK BOTTLE 12 OZ","A. GALLO","Inventory","3.00"
"7668","MACKESON XXX 6PKS","NULL","Inventory","0.00"
"7670","COL DI SASSO CABERNET-SANGIOVE","NULL","Inventory","0.00"
"7672","BEER SINGLE","NULL","Inventory","0.00"
"7674","SAMBUCA DI AMORE 375ML","BRESCOME","Inventory","0.00"
"7676","CLUB LI ICE TEA 200ML GLS","BRESCOME","Inventory","0.00"
"7677","OBAN LITTLE BAY SCOTCH 750ML","BRESCOME","Inventory","6.00"
"7678","VESICA POTATO VODKA 750ML","SLOCUM & SONS INC","Inventory","0.00"
"7679","99 PEACH 50ML","EDER BROS","Inventory","57.00"
"7680","FINLANDIA GRAPEFRUIT 50ML","ALLAN S GOOD","Inventory","0.00"
"7684","HEINEKEN CAN 24 OZ","HDI","Inventory","11.00"
"7686","SUNDIAL CHARDONNAY","ALLAN S GOOD","Inventory","0.00"
"7687","FIRST RUN CHARD 750ML","HARTLEY PARKER","Inventory","0.00"
"7690","LAYER CAKE SHIRAZ 750ML","CDI","Inventory","0.00"
"7691","PALM BREEZE","NULL","Inventory","0.00"
"7692","LYMAN ORCHARDS","UNKNOWN","Inventory","0.00"
"7693","HYPE ENERGY DRINK","NULL","Inventory","0.00"
"7694","MAJOR PETERS HOT & SPICY BLOODY MARY MIX 1 L","HARTLEY PARKER","Inventory","0.00"
"7696","UV VODKA CAKE 750ML","SLOCUM & SONS INC","Inventory","0.00"
"7697","BLACKBEERY RIVER ALE","UNKNOWN","Inventory","0.00"
"7699","BAILEYS ESPRESSO CREME 50ML","MARTIGNETTI ","Inventory","102.00"
"7700","ELA SAUVIGNON BLANC 750ML","NULL","Inventory","0.00"
"7701","MUMM NAPA BRUT ROSE 750ML","NULL","Inventory","0.00"
"7702","JOSH RESERVE CABERNET BOURBON BARREL 750ML","CDI","Inventory","8.00"
"7703","SPARKS PLUS 16OZ SGL.","STAR","Inventory","0.00"
"7706","TWISTED TEA MIX VARIETY PARTY PACK 12 PK CAN","A. GALLO","Inventory","0.00"
"7708","FIREFLY 160Z","NULL","Inventory","0.00"
"7710","BLACK BOX PINOT NOIR 3L","CDI","Inventory","9.00"
"7711","CASAMIGOS MEZCAL TEQUILA 750ML","BRESCOME","Inventory","2.00"
"7713","SCORPION MEZCAL REPOSADO 6PK","ACE DISTRIBUTING","Inventory","0.00"
"7714","TARANTULA AZUL 750ML","CDI","Inventory","0.00"
"7715","ASBACH URALT BRANDY 750ML","CDI","Inventory","0.00"
"7716","THE WALKING DEAD CHARD","NULL","Inventory","0.00"
"7719","BALLATORE PINK SPUMANTE 750ML","CDI MERCH-D","Inventory","0.00"
"7721","THE KNOT","NULL","Inventory","0.00"
"7723","BRECKENRIDGE AGAVE WHEAT 12OZ","NULL","Inventory","0.00"
"7724","CRUZAN  PINEAPPLE RUM 750ML","HARTLEY PARKER","Inventory","0.00"
"7725","JAC GINGER 750ML","UNKNOWN","Inventory","0.00"
"7728","BAILEYS IRISH CREAM 100ML 3PACK","MARTIGNETTI ","Inventory","18.00"
"7729","COVEY RUN GEWURZTR.750ML","NULL","Inventory","0.00"
"7730","TORRESELLA PINOT GRIGIO 1.5L","BRESCOME","Inventory","0.00"
"7732","SWEETWATER 420 CAN 6PK","NULL","Inventory","0.00"
"7733","DEK CREME DE MENTHE WHITE 375ML","BRESCOME","Inventory","0.00"
"7734","MAGIC ROSE","NULL","Inventory","0.00"
"7736","BLACKSTONE SAU.BLANC 750ML","HARTLEY PARKER","Inventory","0.00"
"7737","ROCCA BELLA RED BLAND","NULL","Inventory","0.00"
"7738","DOLE RUBY RED GRAPF 15OZ","UNKNOWN","Inventory","0.00"
"7740","N.PORT IPA 6PKS","NULL","Inventory","0.00"
"7742","MOUTON CADET RED 750ML","BRESCOME","Inventory","0.00"
"7744","ROBERTSON SWEET RED WINE 750ML","OPICI","Inventory","0.00"
"7745","CANEI WHITE 750ML","HARTLEY PARKER","Inventory","0.00"
"7746","NINE PIN","NULL","Inventory","0.00"
"7748","YALUMBA BAROSSA CAB.SHI. 750ML","MONSIEUR T","Inventory","0.00"
"7749","ANDERRA CAB SAU 750ML","NULL","Inventory","0.00"
"7750","COORS LIGHT ALLUMIN 16 OZ BOTTLE 15PK","A. GALLO","Inventory","58.00"
"7751","CORBYS 1.75L","UNKNOWN","Inventory","0.00"
"7752","TROEGS BLIZZARD OF HOPS 12PK","NULL","Inventory","0.00"
"7754","OUTER CREEK 6PK","NULL","Inventory","0.00"
"7755","TRUELY GRAPEFRUIT 12 OZ","NULL","Inventory","0.00"
"7756","KIM CRAWFORD SAUVIGNON BLANC","CDI","Inventory","46.00"
"7758","OTTER CREEK WHITE SAIL 6PK","ROGO","Inventory","0.00"
"7760","BBC IPA CANS","NULL","Inventory","0.00"
"7761","BAREFOOT CHARDONNAY 1.5 L","CDI","Inventory","10.00"
"7763","SINGLE CUT CHOCOLATE STOUT","NULL","Inventory","0.00"
"7766","DEPOSIT    $1.50","UNKNOWN","Inventory","0.00"
"7770","FOXHORN CHAR.750ML","ALLAN S GOOD","Inventory","0.00"
"7772","KOPERNIK PILS 16.9OZ BTL","ARKO LLC","Inventory","0.00"
"7773","FIREBALL 20CT PARTY BUCKET","NORTHEAST","Inventory","0.00"
"7774","JACK'S ABBY VARIETY 12PKS","NULL","Inventory","0.00"
"7775","WEST COAST IPA 6PKS","NULL","Inventory","0.00"
"7777","ARROW TRIPLE SEC PL","HARTLEY PARKER","Inventory","0.00"
"7781","JAGERMEISTER 50 ML","BRESCOME","Inventory","153.00"
"7783","NARRAGANSETT FRESH CATCH 16 OZ CAN","NORTHEAST","Inventory","2.00"
"7784","AMERICAN SPIRIT ORANGE CIGARETTE","MANCHESTER T","Inventory","0.00"
"7785","FOX HORN CABERNET SAUVIGNON 1.5 L","EDER BROS","Inventory","0.00"
"7786","PETER VELLA CHABLIS 5 LT","CDI MERCH-D","Inventory","0.00"
"7787","WHITE LIE CHARD 750ML","NULL","Inventory","0.00"
"7788","VOLVER  SINGLE VINEYARD TEMPRANILLO 750ML","Winebow, Inc.","Inventory","1.00"
"7789","MCSORLEY'S ALE 6PK BTL","STAR","Inventory","0.00"
"7791","RISE OF ANGLE","NULL","Inventory","0.00"
"7792","BEST OF BELGIUM SAMPLER 18PC","FRANKLIN","Inventory","0.00"
"7794","MAIN FALL","NULL","Inventory","0.00"
"7800","SANDRA LEE KEY LIME MARGARITA","NULL","Inventory","0.00"
"7803","JOSE CUERVO ORANJO 750ML","ALLAN S GOOD","Inventory","0.00"
"7805","CHIMAY BLUE ALE 6/4/11.2 NR","NULL","Inventory","0.00"
"7806","TIKI RITA MANGO MARGARITA 4PK","UNKNOWN","Inventory","0.00"
"7807","ARGYLE PINOT NOIR RESERVE 6 PACK","UNKNOWN","Inventory","0.00"
"7808","ROSEMOUNT CAB.MER. 750ML","CDI","Inventory","0.00"
"7811","WARRE'S OTIMA 10 750ML","BRESCOME","Inventory","2.00"
"7812","E&J BRANDY VS 750ML","CDI MERCH-D","Inventory","2.00"
"7814","RELIC WHITING LAGER 6PKS","NULL","Inventory","0.00"
"7815","HARBIN 6PC BOTTLES","DICHELLO","Inventory","0.00"
"7816","EL TOQUI PRESTIGE CAB. 750ML","MONSIEUR T","Inventory","0.00"
"7818","MIDNIGHT MOON CHERRY 750ML","CDI","Inventory","0.00"
"7820","FABIANO PINOT GRIGIO 1.5L","NULL","Inventory","0.00"
"7821","THE LITTLE PENGUIN MERLOT 1.5LT","CDI","Inventory","0.00"
"7823","BROWN BOMBER","NULL","Inventory","0.00"
"7824","BUDWEISER CAN 25 OZ","HDI","Inventory","14.00"
"7828","PARROT BAY RUM 375ML","HARTLEY PARKER","Inventory","0.00"
"7832","BURNETTS PEACH VODKA 750ML","HARTLEY PARKER","Inventory","0.00"
"7835","TWO BROTHERS PALE ALE","NULL","Inventory","0.00"
"7837","CHRI.BROT.750ML","UNKNOWN","Inventory","0.00"
"7839","OSKAR BLUE","NULL","Inventory","0.00"
"7842","CIROC PEACH 1.75L","BRESCOME","Inventory","0.00"
"7843","RELIC DOBBLE IPA","NULL","Inventory","0.00"
"7844","ARTIC VODKA &THAI FRU.750ML","UNKNOWN","Inventory","0.00"
"7845","GIONELLI PINOT GRIGIO 1.5L","UNKNOWN","Inventory","0.00"
"7846","MARGARITA SALT","UNKNOWN","Inventory","0.00"
"7847","MIRASSOU CABERNET SAUVIGNON 750ML","CDI MERCH-D","Inventory","0.00"
"7848","SCHWEPPES GINGER ALE 2L","UNKNOWN","Inventory","0.00"
"7850","GLENMORANGIE NECTAR D'OR SINGLE MALT SCOTCH WHISKEY 750ML","BRESCOME","Inventory","0.00"
"7853","REYKA 1.75L","NULL","Inventory","0.00"
"7855","MCKENZIES ORIGINAL CIDER 4/6/12NR","UNKNOWN","Inventory","0.00"
"7858","AMERICAN SPIRIT LIGHT BLUE CIGARETTE","MANCHESTER T","Inventory","7.00"
"7859","MAS DONIS MONTSANT CAPCANES","NULL","Inventory","0.00"
"7860","ONYX","NULL","Inventory","0.00"
"7861","SAM LAGER 12OZ SGL. BTL","FRANKLIN","Inventory","0.00"
"7862","OBAN 18 YEAR SINGLE MALT SCOTCH 750ML","UNKNOWN","Inventory","0.00"
"7866","SYLK CREAM LIQ. 750ML","CDI","Inventory","0.00"
"7868","SOMRUS INDIAN CREAM LIQUEUR","NULL","Inventory","0.00"
"7869","HOUSE LAGER","UNKNOWN","Inventory","0.00"
"7871","CALITERRA CAB.SAU. 750ML","HARTLEY PARKER","Inventory","0.00"
"7873","LUNA DI LUNA PINOT GRIGIO 1.5L","MARTIGNETTI ","Inventory","-23.00"
"7874","CIDER BOYS","NULL","Inventory","0.00"
"7876","CISCO 6PKS","NULL","Inventory","0.00"
"7879","SANTACRISTINA PINOTGRIGIO 1.5L","NULL","Inventory","0.00"
"7880","SINGLE CUT","NULL","Inventory","0.00"
"7882","JADOT POUILLY FUISSE 750ML","BRESCOME","Inventory","13.00"
"7886","DEKUYPER CRM CACAO WHT 750","NULL","Inventory","0.00"
"7887","HIRAM WALKER TRIPLE SEC 60 PROOF 375ML","EDER BROS","Inventory","0.00"
"7889","J ROGET PINK CHAMP. 750ML","BRESCOME","Inventory","0.00"
"7890","OMMEGANG VARIETY","NULL","Inventory","0.00"
"7891","NOBLE VINES MARQUIS RED BLEND","HARTLEY PARKER","Inventory","0.00"
"7892","HANGAR ONE MAINE BLUEBERRY 750ML","BRESCOME","Inventory","0.00"
"7893","DAILYS RASPBERRY  MIX 1L","CDI","Inventory","0.00"
"7894","MARIETTA CABERNET 750ML","UNKNOWN","Inventory","0.00"
"7897","ANCHOR PORTER 6PK 12 OZ","G & G BEVERAGE DIST","Inventory","0.00"
"7899","YUKON JACK 100 PROOF 50 ML","BRESCOME","Inventory","94.00"
"7901","CORONA EXTRA  6PK BOTTLE 12OZ","A. GALLO","Inventory","10.00"
"7903","TALISKER STORM SINGLE MALT SCOTCH 750ML","BRESCOME","Inventory","3.00"
"7904","TALUS CHARDONNAY","NULL","Inventory","0.00"
"7905","DAVID BRUCE PINOT NOIR","NULL","Inventory","0.00"
"7908","KONO SAUVIGNON BLANC","NULL","Inventory","0.00"
"7909","KALIBER N/A BOTTLE 6PK 12 OZ","NULL","Inventory","0.00"
"7912","BELL'S HOPSLAM 6PK","NULL","Inventory","0.00"
"7914","DMZ CHARD","UNKNOWN","Inventory","0.00"
"7915","AUSTIN EASTCIDERS            VARIETY 12PK","UNKNOWN","Inventory","0.00"
"7921","MALIBU BLACK 750ML","BRESCOME","Inventory","0.00"
"7922","WOODBRIDGE CHARDONNAY CAN 4PK 187ML","MARTIGNETTI ","Inventory","0.00"
"7926","KENT FALL HAIR CUT","UNKNOWN","Inventory","0.00"
"7927","BAILEY ALMO 50ML","NULL","Inventory","0.00"
"7929","MOMMYS TIME OUT","UNKNOWN","Inventory","0.00"
"7933","KARMIC DARU 16OZ","NULL","Inventory","0.00"
"7934","COLLECTIVE ARTS RADIO THE MOTHERSHIP DIPA","NULL","Inventory","0.00"
"7935","CBD","NULL","Inventory","0.00"
"7938","ATHLETIC BREWING RUN WILD NON ALC IPA 120Z 6PK","A. GALLO","Inventory","7.00"
"7939","STONY CREEK ORANGE IPA","NULL","Inventory","0.00"
"7940","RHIANNON RED 750ML","NULL","Inventory","0.00"
"7942","NANDO ROSSO 750ML","ACE DISTRIBUTING","Inventory","0.00"
"7944","MULDERBOSCH CHANIN BLANC","NULL","Inventory","0.00"
"7947","FEVER TREE MEDITERRANEAN TONIC WATER 4PK BOTTLE 200ML","BRESCOME","Inventory","0.00"
"7948","CUTTY SARK 375ML","NULL","Inventory","0.00"
"7949","SEX AND CANDY IPA","NULL","Inventory","0.00"
"7951","CAYMUS CABERNET SAUVIGNON NAPA VALLEY 750ML","EDER BROS","Inventory","12.00"
"7952","TARANTULA 4PK STRAWBERRY 200ML","CDI","Inventory","0.00"
"7953","TITOS VODKA 200ML","MARTIGNETTI ","Inventory","29.00"
"7954","BLUE NUN RIVANER 1.5 L","BRESCOME","Inventory","0.00"
"7955","UNRAVELED IPA 4PK","UNKNOWN","Inventory","0.00"
"7956","OSKAR BLUES IPA 6PK 12 OZ","NULL","Inventory","0.00"
"7957","GARRISON BROTHERS SMALL BATCH BOURBON 750ML","NULL","Inventory","0.00"
"7958","BEAMISH DRAUGHT 4PK CAN","STAR","Inventory","0.00"
"7960","TWO OCEANS PINOT GRIGIO 1.5LT","CDI","Inventory","0.00"
"7962","TURNING LEAF PINOT GRIGIO 1.5 L","CDI MERCH-D","Inventory","0.00"
"7964","EL PORTILLO SAU.BLANC 750ML","HARTLEY PARKER","Inventory","0.00"
"7966","WHITEHALL LANE SAUV BLANC","NULL","Inventory","0.00"
"7970","WOODWORK ZINFANDEL 750ML","NULL","Inventory","0.00"
"7972","TRIBUTE 16OZ","NULL","Inventory","0.00"
"7973","ELYSIAN  DAYGLOW 12 OZ","NULL","Inventory","0.00"
"7976","RELIC 6PK","NULL","Inventory","0.00"
"7977","H2ROADS","NULL","Inventory","0.00"
"7978","MUDSHAKE STRAWB-VODKA SGL.","NULL","Inventory","0.00"
"7979","INGLENOOK WHI.ZINF. 3L BOX","BRESCOME","Inventory","0.00"
"7980","WHITE OAK MERLOT 2005","NULL","Inventory","0.00"
"7981","SONOMA LIGHTS 100 BOX","MTC","Inventory","0.00"
"7982","CROWN ROYAL VANILLA WHISKEY 750ML","CDI","Inventory","0.00"
"7991","ELIJAH CRAIG 750ML","MARTIGNETTI ","Inventory","11.00"
"7993","ST GERMAIN ELDER FLOWER LIQUEUR 750ML","CDI","Inventory","12.00"
"7995","SNAPPLE","NULL","Inventory","0.00"
"7996","MONTES 'CLASSIC' CABERNET SAUVIGNON","CDI","Inventory","0.00"
"7998","BEER SINGLE","NULL","Inventory","0.00"
"7999","BACARDI GOLD 50 ML","CDI","Inventory","0.00"
"8002","KAJMIR VANILLA 375ML","BRESCOME","Inventory","0.00"
"8006","BAILEYS SALTED CARAMEL 50 ML","MARTIGNETTI ","Inventory","-4.00"
"8007","HIGHLAND MIST","EDER BROS","Inventory","0.00"
"8009","PICQUE CAILLOU PESSAC LEOGNAN 6 PACK","NULL","Inventory","0.00"
"8012","STERLING NAPA MERLOT 750ML","EDER BROS","Inventory","0.00"
"8014","SUTTER HOME WHITE ZINFANDEL 750ML","CDI","Inventory","1.00"
"8017","BLOODY MARYMIX","NULL","Inventory","0.00"
"8019","BLACKSTONE MERLOT 1.5L","CDI","Inventory","0.00"
"8020","TUSCANY LIGHT 100S","MANCHESTER T","Inventory","0.00"
"8021","SNAPPLE KIWI STRAWBERRY 16OZ","UNKNOWN","Inventory","0.00"
"8022","GREEN FLASH IPA","NULL","Inventory","0.00"
"8023","FOPUNDER'S RUBAUS 4PKS","NULL","Inventory","0.00"
"8024","KENT FALLS KOLSCH","UNKNOWN","Inventory","0.00"
"8025","WOLFSCHMIDT 1.0L","UNKNOWN","Inventory","0.00"
"8026","ARCHERROOSE","NULL","Inventory","0.00"
"8028","CAMEL MENTHOL BOX 1$ OFF","MTC","Inventory","0.00"
"8029","CARIBAYA GOLD RUM 1.75L","MARTIGNETTI ","Inventory","0.00"
"8030","HERITANCE RUTHERFORD 750ML","NULL","Inventory","0.00"
"8031","HIRO","NULL","Inventory","0.00"
"8035","COLUMBIA CREST G ESTATES SYRAH","BRESCOME","Inventory","0.00"
"8036","BLOSSOM HILL MERLOT 1.5L","NULL","Inventory","0.00"
"8037","TOASTED HEAD CHARDONNAY","CDI","Inventory","0.00"
"8038","VICTORY","NULL","Inventory","0.00"
"8040","LERMITAGE BRUT 750ML","WORLD WIDE","Inventory","0.00"
"8041","DEPOSIT","NULL","Inventory","0.00"
"8042","T G I F'S  WHITE RUSSIAN 750ML","EDER BROS","Inventory","0.00"
"8044","SOL 12PC","G & G BEVERAGE DIST","Inventory","0.00"
"8045","SCHWEPPES GINGER ALE 1L","UNKNOWN","Inventory","0.00"
"8047","POPOV RASPBERRY VODKA 1.75L","BRESCOME","Inventory","0.00"
"8048","OTTER CREEK STOVEP. 6PK BTL","G & G BEVERAGE DIST","Inventory","0.00"
"8049","CANEI SANGRIA 750ML","HARTLEY PARKER","Inventory","0.00"
"8051","OZWELL SHIRAZ 4L","BRESCOME","Inventory","0.00"
"8052","BOTA MINI CABERNET SAUVIGNON 500ML","MARTIGNETTI ","Inventory","7.00"
"8054","BRANCOTT PINOT NOIR 750ML","CDI","Inventory","0.00"
"8055","LOAN PINE DOBLE IPA","NULL","Inventory","0.00"
"8056","MARLOWE EAGER TO SHARE APA","NULL","Inventory","0.00"
"8062","BLACK & WHITE SCOTCH 1.75L","BRESCOME","Inventory","6.00"
"8063","WRAY & NEWPHEW WHITE RUM 750ML","BRESCOME","Inventory","0.00"
"8066","TRAPP IPA","NULL","Inventory","0.00"
"8067","BRECKERIDGE 12 PKS","NULL","Inventory","0.00"
"8069","NEWBOURGH SOUR ALE 16OZ","NULL","Inventory","0.00"
"8071","EDNA VALLEY SAU BLANC 750ML","NULL","Inventory","0.00"
"8072","ALTOSUR MALBEC 750ML","GIA CELLARS","Inventory","0.00"
"8073","GALASSI SWEET ALBANA 1L","ACE DISTRIBUTING","Inventory","0.00"
"8075","INNIS & GUNN BOURBON BARREL PORTER 12OZ","NULL","Inventory","0.00"
"8077","ROB. CHENIN BLA/CHA. 750ML","UNKNOWN","Inventory","0.00"
"8078","JAC SLOE GIN 750ML","UNKNOWN","Inventory","0.00"
"8079","OXFORD LAND. CHARD. 750ML","WORLD WIDE","Inventory","0.00"
"8083","SHOCK TOP","NULL","Inventory","0.00"
"8086","BLACK IPA GREEN FLASH","NULL","Inventory","0.00"
"8087","JIM BEAM FIRE 750ML","BRESCOME","Inventory","2.00"
"8090","VAN GOGH CHOCOLATE VODKA 50ML","EDER BROS","Inventory","0.00"
"8093","OTTER CREEK AUTUMN 12PK BTL.","ROGO","Inventory","0.00"
"8096","EPPA SUPERFRUIT WHITE SANGRIA","NULL","Inventory","0.00"
"8097","LABATT BLUE LIGHT 28PK","NULL","Inventory","0.00"
"8101","GENTLEMAN JACK 50ML","EDER BROS","Inventory","0.00"
"8102","BOWMORE SMALL BATCH RESERVE","NULL","Inventory","0.00"
"8105","HARMITHURSH","NULL","Inventory","0.00"
"8107","MAGIC HAT 6PK","UNKNOWN","Inventory","0.00"
"8109","CITY CIDER","NULL","Inventory","0.00"
"8113","LADY BLIGH SPICED RUM 1.75L","EDER BROS","Inventory","5.00"
"8114","JOSH PINOT NOIR 750ML","BRESCOME","Inventory","1.00"
"8115","MANGO VANGO 16OZ","NULL","Inventory","0.00"
"8121","JAC AMARETTO 750ML","UNKNOWN","Inventory","0.00"
"8122","OKOCIM O.K 16.9OZ BTL","ARKO LLC","Inventory","0.00"
"8123","REYKA SMALL BATCH VODKA 750ML","BRESCOME","Inventory","0.00"
"8125","LINDEMANS BIN 80 CABERNET MERLOT 1.5 LT","SLOCUM & SONS INC","Inventory","1.00"
"8126","SIX POINT PORTER","NULL","Inventory","0.00"
"8128","COVALLI PROSECCO 750ML","UNKNOWN","Inventory","0.00"
"8129","STEW.C.CREAM 12OZ","UNKNOWN","Inventory","0.00"
"8130","ESPOLON  BLANCO TEQUILA 750ML","MARTIGNETTI ","Inventory","6.00"
"8132","LONE PINE DOUBLE OH-J","UNKNOWN","Inventory","0.00"
"8136","WESTERNSON","NULL","Inventory","0.00"
"8137","BCD LEMONADE 6PK. 12 OZ","DICHELLO","Inventory","0.00"
"8139","RELIC 4PKS","NULL","Inventory","0.00"
"8147","WACHUSETT BLUEBERRY 6 PK BOTTLE","NULL","Inventory","0.00"
"8148","UNITA WYLD 6PKS","NULL","Inventory","0.00"
"8149","TURNING LEAF MERLOT 1.5L","CDI MERCH-D","Inventory","0.00"
"8151","CIDERBOYS STRAWBERRY CIDER 4/6/12NR","NULL","Inventory","0.00"
"8152","LITCHFIELD BATCHERS BOURBON 50ML","SLOCUM & SONS INC","Inventory","0.00"
"8153","AUSTIN EASTCIDERS PINEAPPLE 12PK","UNKNOWN","Inventory","0.00"
"8154","RED DIAMOND MERLOT 750ML","EDER BROS","Inventory","0.00"
"8155","BAREFOOT PINK MOSCATO 750ML","CDI","Inventory","0.00"
"8157","RON RUBIN CHARDONNAY 750ML","UNKNOWN","Inventory","0.00"
"8158","OXFORD LAND. MERLOT 750ML","MONSIEUR T","Inventory","0.00"
"8159","BROOKLYN PALE ALE 6PK","G & G BEVERAGE DIST","Inventory","0.00"
"8163","GILBEY'S GIN 200ML","CDI","Inventory","0.00"
"8167","MONKEY BAY SAUVIGNON BLANC 1.5L","BRESCOME","Inventory","30.00"
"8168","ROOT BEER","NULL","Inventory","0.00"
"8170","BBC 6PKS","NULL","Inventory","0.00"
"8171","GLEN ELLEN PINOT GRIGIO 1.5L","BRESCOME","Inventory","0.00"
"8172","WINTER HOOK SGL BTL.","NULL","Inventory","0.00"
"8173","SMIRNOFF 50ML 100 PROOF","EDER BROS","Inventory","0.00"
"8174","RELIC","NULL","Inventory","0.00"
"8175","TOOTER SHOOTERS 750ML","UNKNOWN","Inventory","0.00"
"8178","SESSION LAGER 12 OZ","NULL","Inventory","0.00"
"8179","DEPOSIT    40 CENTS","UNKNOWN","Inventory","0.00"
"8180","EVIL TWIN DOBBLE IPA","UNKNOWN","Inventory","0.00"
"8181","TWO BROTHERS IPA","NULL","Inventory","0.00"
"8183","EGRI BIKAVER BULLSBLOOD","EDER BROS","Inventory","0.00"
"8184","MACON LUGNY LES CHARMES","UNKNOWN","Inventory","0.00"
"8185","SCHWEPPES SELTZER WATER 1L","PEPSI","Inventory","0.00"
"8187","WILD TURKEY 101 PROOF BOURBON 375ML","BRESCOME","Inventory","0.00"
"8189","CAMEL FILTER BOX 1$ OFF","MTC","Inventory","0.00"
"8190","THE GLENLIVET 18 YR OLD SINGLE MALT WHISKEY 750ML","BRESCOME","Inventory","2.00"
"8191","BEEFEATER GIN 1.75L","BRESCOME","Inventory","7.00"
"8192","THE DIMPLE PINCH 15YR SCOTCH WHISKEY 750ML","BRESCOME","Inventory","0.00"
"8193","BONTERRA SAUVIGNON BLANC","NULL","Inventory","0.00"
"8194","FLORA SPR.CHARD.750ML","WORLD WIDE","Inventory","0.00"
"8197","RED DIAMOND PINOT NOIR 750ML","EDER BROS","Inventory","0.00"
"8198","KROLEWSKIE SGL. BTL.","UNKNOWN","Inventory","0.00"
"8199","NEW ENGLAND FACE HUGGER IPA","UNKNOWN","Inventory","0.00"
"8200","ARBOR MIST SANGRIA 1.5 L","BRESCOME","Inventory","0.00"
"8201","JOHNNIE WALKER RED LABEL","BRESCOME","Inventory","4.00"
"8202","SMITH & FORG CIDER","NULL","Inventory","0.00"
"8203","BV CAB.SAUV","NULL","Inventory","0.00"
"8206","DEKUYPER BLUE CURACAO 750ML","NULL","Inventory","0.00"
"8207","YELLOW TAIL MERLOT 1.5L","BRESCOME","Inventory","2.00"
"8209","VALLEY BLACK CHERRY CBD SPARKLING WATER 4PK","NULL","Inventory","0.00"
"8211","WOLAVERS ORGANIC PALE ALE 6PK","G & G BEVERAGE DIST","Inventory","0.00"
"8212","CARLO ROSSI CHABLIS 1.5 LT","CDI","Inventory","5.00"
"8213","LARCENY BOURBON 1 L","NULL","Inventory","0.00"
"8214","JIM BEAM RED STAG 50ML","BRESCOME","Inventory","295.00"
"8217","SPIKED SPRITZ GRAPEFRUIT 12 OZ","UNKNOWN","Inventory","0.00"
"8218","OBAN DISTILLERS 750ML","UNKNOWN","Inventory","0.00"
"8221","TURNING LEAF WHITE ZINFANDEL 750ML","CDI MERCH-D","Inventory","0.00"
"8222","STELLA ARTOIS 12PK BOTTLE","HDI","Inventory","4.00"
"8224","BALLAST POINT DOBBLE IPA 6PKS","NULL","Inventory","0.00"
"8226","BIG WOOP 16OZ SINGLE","UNKNOWN","Inventory","0.00"
"8227","CLOWN","NULL","Inventory","0.00"
"8228","BONTERRA CHARDONNAY ORGANIC 750ML","NULL","Inventory","0.00"
"8229","FOLY BROTHERS TIPPING POINT","UNKNOWN","Inventory","0.00"
"8231","BAREFOOT PINOT GRIGIO 1.5 L","CDI","Inventory","9.00"
"8233","THOMAS HOOKER BLONDE ALE","UNKNOWN","Inventory","0.00"
"8239","YUENGLING LAGER 6PK BOTTEL 12OZ","A. GALLO","Inventory","4.00"
"8240","BURNETTS PINEAPPLE 750ML","HP","Inventory","0.00"
"8241","STILL HILL","NULL","Inventory","0.00"
"8243","BALDUZZI CHARDONNAY 750ML","NULL","Inventory","0.00"
"8244","SHIELD LT 100BOX","MTC","Inventory","0.00"
"8245","HANGAR ONE VODKA 200ML","NULL","Inventory","0.00"
"8246","BOULARD CALVADOS PAYS D'AUGE VSOP  750ML","BRESCOME","Inventory","2.00"
"8251","LAMURI","NULL","Inventory","0.00"
"8253","B&J.ORANGE.S.4PK","UNKNOWN","Inventory","0.00"
"8254","SOFOS GRREK RED BLAND","UNKNOWN","Inventory","0.00"
"8255","DAVIDSON IPA 6PKS","NULL","Inventory","0.00"
"8256","MAJOR PETERS BLOODY MIX 1L","HARTLEY PARKER","Inventory","0.00"
"8257","MCKENZIE'S BLACK CHERRY CIDER 12 OZ","UNKNOWN","Inventory","0.00"
"8258","SHARP HILL CAB","UNKNOWN","Inventory","0.00"
"8259","JOSE SILVER TRADITIONAL 1L","NULL","Inventory","0.00"
"8261","VAN GOGH ESPRESSO 2PK","EDER BROS","Inventory","0.00"
"8262","SUFFERFEST 6PK","NULL","Inventory","0.00"
"8263","MAGIC HAT #9 12PK CANS 12 OZ","NULL","Inventory","0.00"
"8264","SINGLECUT DOUBLE IPA","NULL","Inventory","0.00"
"8265","HOPSMACK IPA","NULL","Inventory","0.00"
"8267","TIPPY COW VANILLA SOFT SERV PL","NULL","Inventory","0.00"
"8269","RUSSIAN STANDARD ORIGINAL 1.75L","NULL","Inventory","0.00"
"8270","SINGLE CUT IPA","NULL","Inventory","0.00"
"8271","WOLF BLASS YCAB.SAU. 750ML","UNKNOWN","Inventory","0.00"
"8272","RELIC DOBBLE IPA","NULL","Inventory","0.00"
"8274","CIDER 16OZ","NULL","Inventory","0.00"
"8275","BEER HUG 12","NULL","Inventory","0.00"
"8278","H2 ROADS SELTZER VARITY 6PK","UNKNOWN","Inventory","0.00"
"8279","WOODCHUCK AMBER CIDER 6PK 12 OZ BOTTLES","NORTHEAST","Inventory","5.00"
"8280","THE BALVENIE 21YR PORTWOOD SCOTCH 750ML","BRESCOME","Inventory","1.00"
"8282","ANDERRA SAUV BLANC 750ML","NULL","Inventory","0.00"
"8286","RED TRUCK 750ML","SLOCUM & SONS INC","Inventory","0.00"
"8289","MALIBU COCONUT RUM 1.75LT","BRESCOME","Inventory","7.00"
"8291","TAYLOR TAWNY PORT 1.5 L","BRESCOME","Inventory","0.00"
"8293","MONEY","NULL","Inventory","0.00"
"8295","JOSE CUERVO LIGHT MARGARITA MIX 1.75L","UNKNOWN","Inventory","0.00"
"8296","HO.HOUSE MANH.1L.","UNKNOWN","Inventory","0.00"
"8297","BOONES BLUE HAWAIIAN","CDI MERCH-D","Inventory","0.00"
"8298","TORRES RIOJA","NULL","Inventory","0.00"
"8300","JIM BEAM BOURBON 200ML","BRESCOME","Inventory","13.00"
"8301","TURNING LEAF PINOT GRIGIO","CDI MERCH-D","Inventory","0.00"
"8304","SPENCER TRAPPIST ALE","NULL","Inventory","0.00"
"8307","SINGLE CUT 16OZ","NULL","Inventory","0.00"
"8310","GRAVITY 4PK","UNKNOWN","Inventory","0.00"
"8311","SINGLE CUT WEIRD GILY","NULL","Inventory","0.00"
"8312","TEREMANA BLANCO TEQUILA 750 ML","BRESCOME","Inventory","16.00"
"8313","SONOMA MENTHOL 100BOX","MTC","Inventory","0.00"
"8314","GRAN RESERVA MERLOT","NULL","Inventory","0.00"
"8315","MURPHY'S  STOUT 4PK 16 OZ","DICHELLO","Inventory","0.00"
"8318","MEUKOW VANILLA 50ML #2","NULL","Inventory","0.00"
"8319","FLOR DE CANA 7 YR RUM 750ML","NULL","Inventory","0.00"
"8321","USA LT 100 BOX 40C OFF","MTC","Inventory","0.00"
"8323","REX GOLIATH MOSCATO 1.5 L","EDER BROS","Inventory","0.00"
"8324","CORBETT CANYON CHARDONNAY 3L","EDER BROS","Inventory","0.00"
"8326","DEKUYPER PUCKER SOUR APPLE 200ML","BRESCOME","Inventory","1.00"
"8327","HOOKER HAZY 16OZ","UNKNOWN","Inventory","0.00"
"8332","BORBA RED TINTO WINE 750ML","CDI","Inventory","0.00"
"8334","BEEFEATER GIN 750ML","NORTHEAST","Inventory","8.00"
"8336","JEREMIAH WEED LEM 12OZ","STAR","Inventory","0.00"
"8338","BISHOP CIDER VARIETY 15PK","NULL","Inventory","0.00"
"8339","MANISCHEWITZ CONCORD GRAPE 750ML","BRESCOME","Inventory","0.00"
"8340","YELLOW TAIL SAUVIGNON BLANC. 750ML","BRESCOME","Inventory","0.00"
"8344","B&J POMERRANATE RASP 4PK","CDI MERCH-D","Inventory","0.00"
"8345","MIGHTY SWELL","NULL","Inventory","0.00"
"8347","FUCK 2021 AS WELL","UNKNOWN","Inventory","0.00"
"8350","GREG NORMAN CALI PINOT NOIR","ALLAN S GOOD","Inventory","0.00"
"8354","HEINKEN 16OZ SGL. CAN.","DICHELLO","Inventory","0.00"
"8355","ESTANCIA CABERNET 750ML","BRESCOME","Inventory","0.00"
"8356","TAFT ST. SAU.BLANC 750ML","CDI","Inventory","0.00"
"8357","SEVEN DGHTRS PINOT NOIR 750ML","NULL","Inventory","0.00"
"8358","FOUNDERS CENTENNIAL IPA 12OZ CANS","A. GALLO","Inventory","6.00"
"8360","MACULAN MER-CAB. 750ML","UNKNOWN","Inventory","0.00"
"8364","EARLY TIMES 750ML","EDER BROS","Inventory","0.00"
"8365","COLLECTIVE ART MIMOSA","UNKNOWN","Inventory","0.00"
"8366","DEEP EDDY LIME VODKA 50ML","EDER BROS","Inventory","141.00"
"8368","SOUTHERN TIER 2X STOUT DOUBLE MILK STOUT 6 PK BOTTLE 12 OZ","NULL","Inventory","0.00"
"8369","BAILEYS SALTED CARAMEL 750ML","MARTIGNETTI ","Inventory","3.00"
"8370","ARROW CREME DE CACAO DARK-30","ALLAN S GOOD","Inventory","0.00"
"8371","GNARLY HEAD AUTHENTIC HARVEST RED","NULL","Inventory","0.00"
"8372","BALLAST POINT SCULPIN IPA 12 OZ","NULL","Inventory","0.00"
"8373","JACQUIN'S PEACH BRANDY PL","UNKNOWN","Inventory","0.00"
"8376","BLACK FOREST DEVIL 750ML","ACE DISTRIBUTING","Inventory","0.00"
"8378","DIET COKE BOTTLE 1.25 LT","UNKNOWN","Inventory","15.00"
"8379","SMUTTYNOSE FINESTKIND IPA","NULL","Inventory","0.00"
"8382","NIETO RES MALBEC 750ML","NULL","Inventory","0.00"
"8387","CASTELLO DI AMA 750ML","UNKNOWN","Inventory","0.00"
"8388","CHERRY SAISON 6PKS","NULL","Inventory","0.00"
"8389","SKYGAZER RASS 16OZ","UNKNOWN","Inventory","0.00"
"8391","SMITH AND FORGE 4PK 16OZ","NULL","Inventory","0.00"
"8392","ROBERT MONDAVI PRIVATE SELECTION MERLOT 1.5L","CDI","Inventory","0.00"
"8393","FIREBALL CINN WHISKEY 100ML","NORTHEAST","Inventory","0.00"
"8394","CVB INTO THE WOODS","NULL","Inventory","0.00"
"8395","POPOV VODKA 750ML","UNKNOWN","Inventory","0.00"
"8398","FIREFLY HOLLOW CITRA PERFECT","NULL","Inventory","0.00"
"8399","SINGLE CUT 4PKS","NULL","Inventory","0.00"
"8400","LINDEMANS BIN 45 CABERNET SAUVIGNON 1.5 LT","SLOCUM & SONS INC","Inventory","11.00"
"8401","WOODFORD RESERVE BOURBON CHERRIES 13.5OZ","EDER BROS","Inventory","1.00"
"8403","YELLOW TAIL SUPER CRISP CHARDONNAY 1.5 L","BRESCOME","Inventory","0.00"
"8406","ORGANIC CHARD","NULL","Inventory","0.00"
"8407","CRANKY IPA 16OZ 4PK CANS","UNKNOWN","Inventory","0.00"
"8408","JACK DANIELS TENNESSEE HONEY 750ML","EDER BROS","Inventory","15.00"
"8411","UNITA GOSE 6PKS","NULL","Inventory","0.00"
"8412","JACK'S ABBY MAIBOCK","NULL","Inventory","0.00"
"8413","BILA HAUT","UNKNOWN","Inventory","0.00"
"8415","CHAMPLAIN ORCHARDS FOXBORO ROSE CRANBERRY CIDER","NULL","Inventory","0.00"
"8416","QUADY ESSENSIA 375ML","UNKNOWN","Inventory","0.00"
"8417","NUVO 750ML","BRESCOME","Inventory","0.00"
"8419","FRANZIA CRISP WHITE 5L","EDER BROS","Inventory","0.00"
"8420","LIBERTY SCHOOL MERLOT 750ML","NULL","Inventory","0.00"
"8422","BOTA BOX DRY ROSE 3L","HP","Inventory","0.00"
"8424","BROOKLYN LAGER 12PKS","NULL","Inventory","0.00"
"8426","NORTON RIDGE CAB.SAUV","NULL","Inventory","0.00"
"8427","WOLFSCHMIDT 750 ML","UNKNOWN","Inventory","0.00"
"8428","PERRIER JOUET CHAMPAGNE W/G","CDI","Inventory","0.00"
"8429","LE RIME PINOT GRIGIO","NULL","Inventory","0.00"
"8430","CORRALEJO BLANCO TEQUILA 750ML","EDER BROS","Inventory","0.00"
"8431","QUASAR SAV.BLANC 1.5L","BRESCOME","Inventory","0.00"
"8433","BASIC LT 100 BOX","MTC","Inventory","0.00"
"8435","BBC HOOSAC TUNNEL 6PK","UNKNOWN","Inventory","0.00"
"8437","STERLING SVR RESERVE 750ML","EDER BROS","Inventory","0.00"
"8438","PACIFIC REDWOOD ORGANIC RED WINE 750 ML","OPICI","Inventory","15.00"
"8440","PARROT BAY STRAWBERRY 50 ML","HARTLEY PARKER","Inventory","0.00"
"8443","PERRIN RESERVE COTES DU RHONE ROGUE 750ML","BRESCOME","Inventory","26.00"
"8444","HOG RIVER LOCAL 35 IPA","NULL","Inventory","0.00"
"8446","OMMEGANG WHEAT ALE","NULL","Inventory","0.00"
"8448","GOTTARDO PINO GRIGIO 750ML","NULL","Inventory","0.00"
"8449","PARROT BAY PASSION FRUIT 50 ML","HARTLEY PARKER","Inventory","0.00"
"8452","BLACKSTONE RESERV MERLOT 750ML","HARTLEY PARKER","Inventory","0.00"
"8456","DAILY STRA.DAIQ.64OZ","UNKNOWN","Inventory","0.00"
"8457","TROEGS TROEGENATOR 6PK","NULL","Inventory","0.00"
"8459","GALLO OF SONOMA CABERNET","CDI MERCH-D","Inventory","0.00"
"8461","EXTREM CARAMEL VODKA 750ML","ACE DISTRIBUTING","Inventory","0.00"
"8464","FEVER TREE PREMIUM TONIC WATER LIGHT 4PK BOTTLE 200ML","A. GALLO","Inventory","6.00"
"8468","I AM RED BLAND 750ML","UNKNOWN","Inventory","0.00"
"8469","MACMURRAY PINOT NOIR CC 750ML","CDI MERCH-D","Inventory","0.00"
"8472","CHICHI VAN.MUDS.1.75L","UNKNOWN","Inventory","0.00"
"8475","WHITE CLAW MANGO 12PK CANS","A. GALLO","Inventory","3.00"
"8476","RELIC MAGE","NULL","Inventory","0.00"
"8477","BLUE RIVER PINOT NOIR 1.5L","SLOCUM & SONS INC","Inventory","0.00"
"8479","TROPICANA CRANBERRY 32 OZ","STAR","Inventory","0.00"
"8481","WATERMELON","NULL","Inventory","0.00"
"8484","HARBIN 22OZ BTL","DICHELLO","Inventory","0.00"
"8485","LANDSHARK LAGER 16OZ 4PK CANS","HDI","Inventory","0.00"
"8487","TILT BLUE GRAPE 24OZ CAN","DICHELLO","Inventory","0.00"
"8488","CITRA.CHARDONNAY 750ML","WORLD WIDE","Inventory","0.00"
"8489","AV G&T GOSE 6 PK 12 OZ","NULL","Inventory","0.00"
"8490","MICHELOB ULTRA PURE GOLD 2/12PK BOTTLE","HDI","Inventory","0.00"
"8491","CAPRICCIO SANGRIA 750ML","UNKNOWN","Inventory","0.00"
"8492","DEKUYPER PEACHTREE SCHNAPPS 200ML","BRESCOME","Inventory","0.00"
"8493","RAVENSWOOD CHARDONNAY VINTNERS 750ML","BRESCOME","Inventory","0.00"
"8494","EXCLUSIV VODKA 750ML","CDI MERCH-D","Inventory","0.00"
"8495","VYSKUSKE PIVO SGL. BTL.","UNKNOWN","Inventory","0.00"
"8496","LA VIEILLE FERME ROUGE 750ML","BRESCOME","Inventory","0.00"
"8497","PRAYERS OF SINNERS RED BLEND","NULL","Inventory","0.00"
"8498","WHITE OAK CAB.SAUV","NULL","Inventory","0.00"
"8502","DR PEPPER 20OZ","UNKNOWN","Inventory","0.00"
"8503","YAGO SANGRIA 1.5 L","UNKNOWN","Inventory","0.00"
"8504","ROGUE DEAD GUY ALE 6PK 12 OZ","NULL","Inventory","0.00"
"8505","HOG RIVER FUNK","NULL","Inventory","0.00"
"8506","ESTATE CELLARS MERLOT 750ML","BRESCOME","Inventory","0.00"
"8508","EVIL TWIN BLUE RASPB 4PK","NULL","Inventory","0.00"
"8510","ARTIC VODKA & PEACH 750ML","UNKNOWN","Inventory","0.00"
"8511","CLUB VODKA MARTINI 200ML","BRESCOME","Inventory","0.00"
"8512","TEQUILA ROSE STRAWBERRY 375ML","CDI","Inventory","0.00"
"8514","THE LITTLE PENGUIN CHARDONNAY 1.5LT","BRESCOME","Inventory","34.00"
"8515","BACKEAST ICE CREAM MAN IPA","HDI","Inventory","0.00"
"8516","UV VODKA RASPBERRY 750ML","SLOCUM & SONS INC","Inventory","0.00"
"8521","JAGERMEISTER COLD BREW 750ML","UNKNOWN","Inventory","0.00"
"8522","BACARDI SUPERIOR WHITE RUM 1.75L","EDER BROS","Inventory","15.00"
"8523","T.G.I.F.LONG ISLAND 200ML","EDER BROS","Inventory","0.00"
"8526","SOUTHERN TEAR 2XIPA 16OZ","NULL","Inventory","0.00"
"8528","SKYY  VODKA 1.75L","MARTIGNETTI ","Inventory","9.00"
"8529","FOUR ROSES SINGLE BARREL 750ML","SLOCUM & SONS INC","Inventory","2.00"
"8530","BBC PILSNER","UNKNOWN","Inventory","0.00"
"8531","NINJA","NULL","Inventory","0.00"
"8533","PATRON XO 375ML","CDI","Inventory","0.00"
"8534","ARROW CREME DE CACAO WHITE-30","UNKNOWN","Inventory","0.00"
"8535","BBC VARIETY 12PKS","NULL","Inventory","0.00"
"8538","QUADY ELECTRA MOSCATO","UNKNOWN","Inventory","0.00"
"8540","MR &  MRS T WHISKEY SOUR 1LTR","EDER BROS","Inventory","1.00"
"8542","CROWN ROYAL APPLE 375ML","CDI","Inventory","3.00"
"8545","JOSEPH CARR","NULL","Inventory","0.00"
"8548","CROWN ROYAL SALTED CARAMEL 750ML","CDI MERCH-D","Inventory","1.00"
"8549","CUTWATER MANGO MARGARITA RTD 12OZ 4PK CANS","NORTHEAST","Inventory","5.00"
"8551","RAMYRED BERRY 375ML","NULL","Inventory","0.00"
"8558","DEKUYPER RASPBERRY PUCKER","BRESCOME","Inventory","0.00"
"8561","OBERON CABERNET SAUVIGNON NAPA 750ML","MARTIGNETTI ","Inventory","18.00"
"8562","BLACK OPAL CAB-MER 1.5L","ALLAN S GOOD","Inventory","0.00"
"8563","UNCLE NEAREST 1884 SMALL BATCH WHISKEY 750ML","NULL","Inventory","0.00"
"8566","FINCH GALACTIC COYOTE","NULL","Inventory","0.00"
"8567","ESTATE CELLARS CHARD. 750ML","BRESCOME","Inventory","0.00"
"8569","ARBOR MIST STRAW - WT ZINFANDEL 1.5 L","BRESCOME","Inventory","0.00"
"8570","STOLLI 375ML","NULL","Inventory","0.00"
"8574","THE CLUB MUDSLIDE GLS. 200ML","BRESCOME","Inventory","0.00"
"8576","BBC","NULL","Inventory","0.00"
"8577","TARIQUET SAUV.BLANC","NULL","Inventory","0.00"
"8579","LIVINGSTON BLUSH CHABLIS 3L","NULL","Inventory","0.00"
"8583","DEKUYPER MELON LIQ 750ML","BRESCOME","Inventory","0.00"
"8586","NEWBURGH SOUR PALE ALE 6PKS","NULL","Inventory","0.00"
"8587","AGUA DE PIEDRA GRAN SELECCION MALBEC RED 750ML","TOUTON MONSIEUR TOUTON SELECTION LTD","Inventory","0.00"
"8589","CITIZEN CIDER THE DIRTY MAYOR GINGER CIDER 16OZ","A. GALLO","Inventory","0.00"
"8590","KEYSTONE LIGHT 30 PACK 12 OZ","G & G BEVERAGE DIST","Inventory","0.00"
"8594","CANADIAN MIST 1.75L","EDER BROS","Inventory","0.00"
"8597","SAINT LOIUS ROSE","SLOCUM & SONS INC","Inventory","0.00"
"8598","X RATED 375ML","HARTLEY PARKER","Inventory","0.00"
"8599","NUVO SPARKLING LIQUEUR 375ML","BRESCOME","Inventory","0.00"
"8601","SCHWEPPES CLUB SODA 1.0L","PEPSI","Inventory","0.00"
"8602","CHIVAS REGAL EXTRA 750ML","NULL","Inventory","0.00"
"8603","COLLECTIVE ART CHOCO POTER16OZ","NULL","Inventory","0.00"
"8604","BLACK BOX MALBEC 3L","CDI","Inventory","0.00"
"8605","JOSH RESERVE NORTH COAST CABERNET SAUVIGNON","BRESCOME","Inventory","11.00"
"8610","VINHO VERDE 750ML","NULL","Inventory","0.00"
"8611","TIGER 24OZ BTL","DICHELLO","Inventory","0.00"
"8619","PERGOLAS CRINZA 750ML","UNKNOWN","Inventory","0.00"
"8622","LABATT'S BLUE 12PK BLT. 12 OZ","FRANKLIN","Inventory","0.00"
"8623","APOTHIC CRUSH SMOOTH/SOFT  RED BLEND","CDI","Inventory","10.00"
"8624","BLUE CHAIR BAY BANANA RUM 120PK","NULL","Inventory","0.00"
"8626","OLE SMOKY MOONSHINE PICKLES 750ML","HP","Inventory","0.00"
"8627","TANQUERAY GIN 375ML","EDER BROS","Inventory","15.00"
"8628","HOUSE WINE (MAGNIFICENT RED)","OPICI","Inventory","0.00"
"8631","LA VILLA PINOT GRIGIO 1.5L","NULL","Inventory","0.00"
"8632","GREY GOOSE CITRON 750ML","BRESCOME","Inventory","1.00"
"8637","CAMEL BOX  2PACKS","NULL","Inventory","0.00"
"8638","NOLET'S DRY GIN SILVER 750ML","CDI","Inventory","1.00"
"8639","BENGALI TIGER","NULL","Inventory","0.00"
"8640","PENFOLDS KOON CHARDONNAY 750ML","NULL","Inventory","0.00"
"8643","VAN GOGH DUTCH CARAMEL 50 ML","EDER BROS","Inventory","0.00"
"8644","MCMANIS CABERNET SAUVIGNON 750ML","EDER BROS","Inventory","0.00"
"8645","NEW HOLLAND SPACE MACHIE","NULL","Inventory","0.00"
"8646","NEW ENG.GANDHIBOT IPA 4PK CANS","G & G BEVERAGE DIST","Inventory","0.00"
"8647","OLD CROW 200ML","BRESCOME","Inventory","0.00"
"8649","GASCON MALBEC 750ML","CDI MERCH-D","Inventory","0.00"
"8651","DEEP EDDY LEMON 375ML","EDER BROS","Inventory","3.00"
"8652","PEIRANO THE MISC RED","UNKNOWN","Inventory","0.00"
"8654","GOSLINGS GINGER BEER NON ALC12OZ CANS","BRESCOME","Inventory","311.00"
"8656","OLD MONK 7 YEARS 750ML","ACE DISTRIBUTING","Inventory","0.00"
"8657","COMPASS","NULL","Inventory","0.00"
"8662","RIGHT GIN","EDER BROS","Inventory","0.00"
"8663","DON JULIO REPOSADO 50ML","BRESCOME","Inventory","0.00"
"8665","MASSIMO SAUV.BLANC","NULL","Inventory","0.00"
"8666","XY ZINFANDEL 10YR VINES","BRESCOME","Inventory","0.00"
"8669","SAM WICKED HAZY 16 OZ 4 PK CAN","A. GALLO","Inventory","-5.00"
"8671","GLEN ELLEN CHARD. 3L","BRESCOME","Inventory","0.00"
"8674","GABBIANO PINOT GRIGIO 1.5 L","NULL","Inventory","0.00"
"8677","PESSIMIST RED BLEND 750ML","UNKNOWN","Inventory","0.00"
"8678","PUCKER CHERRY 50 ML","BRESCOME","Inventory","0.00"
"8679","MOUNT PISGAH IPA 4PK","UNKNOWN","Inventory","0.00"
"8680","BLACKSTONE CABERNET 1.5L","HARTLEY PARKER","Inventory","0.00"
"8684","SOBIESKI VODKA 1.75L","OPICI","Inventory","21.00"
"8685","19 CRIMES SHIRAZ 750ML","EDER BROS","Inventory","0.00"
"8686","LIVINGSTON CHABLIS BLANC 3L","CDI MERCH-D","Inventory","0.00"
"8687","HEFEWEIZEN WIDMER 6PK","DICHELLO","Inventory","0.00"
"8690","FIRST RUN CHARD 1.5L","HARTLEY PARKER","Inventory","0.00"
"8691","TOMBO","NULL","Inventory","0.00"
"8693","CASTILLO SPICED (P R)","CDI","Inventory","0.00"
"8694","MAGIC HAT VARIETY 12PC BOTTLES","G & G BEVERAGE DIST","Inventory","0.00"
"8696","SPACE MIST 4PK","UNKNOWN","Inventory","0.00"
"8698","STEEP COAST ZAPPA 4PK","UNKNOWN","Inventory","0.00"
"8701","AZUL RESPOSADO TEQUILA 1.75L","BRESCOME","Inventory","0.00"
"8704","WILD VINES BLACKBERRY MERLOT","CDI MERCH-D","Inventory","0.00"
"8708","KENTUCKY SEASONAL 4PK 12OZ","NULL","Inventory","0.00"
"8710","DREAMING TREE SAUVIGNON BLANC","NULL","Inventory","0.00"
"8711","NATURA CHARDONNAY ORGANIC","NULL","Inventory","0.00"
"8714","JOSE CUERVO STRAWBERRY MARGARITA 1.75L","NULL","Inventory","0.00"
"8715","CRUZAN ESTATE AGED DARK RUM 750ML","EDER BROS","Inventory","0.00"
"8716","GLENDRONACH REVIVAL 15YR 750ML","UNKNOWN","Inventory","0.00"
"8718","QREAM STRAWBERRY CREME 375ML","CDI","Inventory","0.00"
"8721","ESTANCIA CHARDONNAY  750ML","BRESCOME","Inventory","0.00"
"8722","ELYSIAN 12PKS","NULL","Inventory","0.00"
"8724","E&J BRANDY XO 375ML","CDI","Inventory","2.00"
"8725","TOMMY BAHAMA RUM 750ML","BRESCOME","Inventory","0.00"
"8729","STOLICHNAYA 80PF 1.75L","BRESCOME","Inventory","1.00"
"8730","SCHONAUER APFEL","NULL","Inventory","0.00"
"8731","BOUTISSE ST EMILION","NULL","Inventory","0.00"
"8733","BENMARCO CABERNET SAUVIGNON 13","NULL","Inventory","0.00"
"8738","BAXTER BOOTLEG","NULL","Inventory","0.00"
"8739","JACOBS CREEK SHIRAZ RESERVE","HARTLEY PARKER","Inventory","0.00"
"8740","ROSEMOUNT GRE.SHIRAZ 750ML","CDI","Inventory","0.00"
"8747","SATTORI PINOT GRIGIO","NULL","Inventory","0.00"
"8748","BEER SINGLE","NULL","Inventory","0.00"
"8749","PEAK ORGANIC MAPLE ALE 4PK","G & G BEVERAGE DIST","Inventory","0.00"
"8750","OKOCIM 6PK BTL","NULL","Inventory","0.00"
"8751","SPRING","NULL","Inventory","0.00"
"8755","ITHICA 4PK","UNKNOWN","Inventory","0.00"
"8756","KENT FALL","UNKNOWN","Inventory","0.00"
"8757","SINGLE CUT 4PKS","NULL","Inventory","0.00"
"8758","REDWOOD CREEK PINOT GRIGIO 1.5 L","CDI MERCH-D","Inventory","0.00"
"8759","BLUE CHAIR","NULL","Inventory","0.00"
"8761","EVAN WILLIAMS BLACK LABEL BOURBON 750ML","MARTIGNETTI ","Inventory","-46.00"
"8762","WOODBRIDGE  PINOT NOIR 1.5LT","MARTIGNETTI ","Inventory","9.00"
"8763","FICI MOSCATO SICILIA 750ML","NULL","Inventory","0.00"
"8764","TWO ROADS LIL HEAVEN CRUSHABLE IPA 12PK CANS","A. GALLO","Inventory","72.00"
"8766","ROGUE DEAD GUY ALE 12OZ CAN","NULL","Inventory","0.00"
"8768","STONE","NULL","Inventory","0.00"
"8769","MILWAUKEES ICE 30P","STAR","Inventory","0.00"
"8770","STARBOROUGH SAUVIGNON BLANC 750 ML","NULL","Inventory","0.00"
"8771","OLD MIL 16OZ 2FER","UNKNOWN","Inventory","0.00"
"8772","RIONDO PROSECCO","DICHELLO","Inventory","0.00"
"8773","FRANZISK WEISSEBIER 20/16.9 NR","NULL","Inventory","0.00"
"8774","G.DUBOEUF RES.MER. 750ML","SLOCUM & SONS INC","Inventory","0.00"
"8775","OCTAVE VINOH VERDE 750ML","DICHELLO","Inventory","0.00"
"8778","RYAN'S CREAM 1.75LT","NULL","Inventory","0.00"
"8780","JOHNNIE WALKER BLACK LABEL SCOTCH 50 ML","EDER BROS","Inventory","-24.00"
"8781","TRIPLE EIGHT","NULL","Inventory","0.00"
"8788","OTTER CREEK 12PK","NULL","Inventory","0.00"
"8790","OLD SMUGGLER 750 ML","UNKNOWN","Inventory","0.00"
"8793","WESTERN SON RUBY RED GRAPEFRUI","NULL","Inventory","0.00"
"8795","CABRINI MALBEC 750ML","NULL","Inventory","0.00"
"8796","CELLAR 8 PINOT NOIR 750ML","EDER BROS","Inventory","0.00"
"8797","MILAGRO REPOSADO 750ML","BRESCOME","Inventory","0.00"
"8798","BARTON & GUESTIER CABERNET SAUVIGNON 1.5L","CDI","Inventory","0.00"
"8800","ORANGE JUICE","NULL","Inventory","0.00"
"8805","WHALER'S VANILLE RUM","UNKNOWN","Inventory","0.00"
"8806","THE CLUB MANHATTAN 750ML","EDER BROS","Inventory","0.00"
"8809","THE IRISHMAN IRISH CREAM 750ML","NULL","Inventory","0.00"
"8813","DINKY DO SHIRAZ 1.5L","SLOCUM & SONS INC","Inventory","0.00"
"8815","BAREFOOT SAUVIGNON BLANC 1.5L","CDI","Inventory","15.00"
"8816","BOLLA  PINOT GRIGIO 1.5 L","EDER BROS","Inventory","0.00"
"8818","VENDANGE  CHARDONNAY 1.5 LT","BRESCOME","Inventory","17.00"
"8819","DUCKHORN THE DISCUSSION EST 6 PACK","NULL","Inventory","0.00"
"8820","MOLINARI","NULL","Inventory","0.00"
"8822","LYNCH CHEVALIER MUSCADET","NULL","Inventory","0.00"
"8823","WOODBRIDGE PINOT GRIGIO 4 PACK","HARTLEY PARKER","Inventory","0.00"
"8828","PINK PINO GRIGIO 750ML","SLOCUM & SONS INC","Inventory","0.00"
"8829","POPOV VODKA 200ML","BRESCOME","Inventory","0.00"
"8832","WINTER CASK ALE SGL BTL.","HDI","Inventory","0.00"
"8834","TRIGA","NULL","Inventory","0.00"
"8835","MOET & CHANDON NECTAR IMPERIAL ROSE 750ML","BRESCOME","Inventory","9.00"
"8836","GRGICH HILLS FUME BL 750ML","NULL","Inventory","0.00"
"8840","BEERS OF THE WORLD 8PK BTL","G & G BEVERAGE DIST","Inventory","0.00"
"8841","JOSE CUERVO  MARGARITA MIX 1.75L","EDER BROS","Inventory","0.00"
"8843","CARDHU GOLD RESERVE","NULL","Inventory","0.00"
"8845","HIGH NOON GRAPEFRUIT HARD SELTZER 4PK","CDI","Inventory","8.00"
"8846","MAGIC HAT #9 6PK 12 OZ","G & G BEVERAGE DIST","Inventory","0.00"
"8847","RED GUITAR 750ML","NULL","Inventory","0.00"
"8848","ABSOLUT VODKA 750ML","MARTIGNETTI ","Inventory","-3.00"
"8850","BACARDI SUPERIOR WHITE RUM 750ML","BRESCOME","Inventory","10.00"
"8852","JACOBS CREEK SHIRAZ 1.5LT","NULL","Inventory","0.00"
"8854","COORS LIGHT 12OZ CANS 24PK  SUITCASE","A. GALLO","Inventory","7.00"
"8855","WHITE CLAW BLACK CHERRY 16OZ CAN","A. GALLO","Inventory","19.00"
"8856","HATOZAKI SMALL BATCH JAPANESE WHISKEY 750ML","NULL","Inventory","0.00"
"8857","RED ROCK ALE SGL. BTL.","FRANKLIN","Inventory","0.00"
"8862","NIKE'S SELTZER LEMON WATER 12 OZ 12 PK CAN","UNKNOWN","Inventory","0.00"
"8864","FAIRBANKS SHERRY 1.5 L","CDI MERCH-D","Inventory","0.00"
"8866","PROSECCO","NULL","Inventory","0.00"
"8867","99 APPLE 50 ML","EDER BROS","Inventory","0.00"
"8868","BELLS DOUBLE TWO HEARTED 6PK","NULL","Inventory","0.00"
"8872","REDBANK SHI/CAB.SAU 750ML","UNKNOWN","Inventory","0.00"
"8874","TOPPLING GOLIATH POMPEII IPA","NULL","Inventory","0.00"
"8876","HOOKER WATERMELON 6PK BTL","DICHELLO","Inventory","0.00"
"8879","CARLO ROSSI SANGRIA 4L","CDI","Inventory","0.00"
"8881","LAAGNITAS","NULL","Inventory","0.00"
"8890","S8973336453","UNKNOWN","Inventory","0.00"
"8892","MARLOWE WAY I SEE IT 4PKS","NULL","Inventory","0.00"
"8893","GAZELA VINHO VERDE","CDI","Inventory","0.00"
"8895","TWO ROADS ROADS MARYS BABY PUMPKIN ALE 6PK BOTTLE 120Z","A. GALLO","Inventory","0.00"
"8896","ANCHOR STEAM 6PK 12 OZ","UNKNOWN","Inventory","0.00"
"8898","FOUR GRACES PINOT NOIR","NULL","Inventory","0.00"
"8900","ARBOR MIST EXOTIC FRUITS WHITE ZINFANDEL 1.5 L","BRESCOME","Inventory","0.00"
"8901","PRIVATE STOCK 22OZ BTL.","G & G BEVERAGE DIST","Inventory","0.00"
"8904","JACKED PUMKIN","NULL","Inventory","0.00"
"8905","FITVINE CABERNET SAUVIGNON 750ML","HP","Inventory","0.00"
"8907","LINDEMANS BIN 65 CHARDONNAY","SLOCUM & SONS INC","Inventory","0.00"
"8913","NEW HOLLAND DRAGON'S MILK RESERVE 4PK 12 OZ","UNKNOWN","Inventory","0.00"
"8914","NORBROOK IPA","UNKNOWN","Inventory","0.00"
"8917","BENZIGER CABERNET SAUVIGNON","NULL","Inventory","0.00"
"8919","SCRAG MOUNTAIN PILS 6PK","UNKNOWN","Inventory","0.00"
"8920","SORTH","NULL","Inventory","0.00"
"8921","WENTE CHARDONNAY MORNING FOG 750ML","CDI","Inventory","12.00"
"8922","GORDONS LONDON DRY GIN 1.75L","MARTIGNETTI ","Inventory","2.00"
"8923","PETER VELLA CABERNET SAUVIGNON 5 L","CDI","Inventory","0.00"
"8925","JOSEPH PHELPS CABERNET SAUVIGNON NAPA VALLEY","BRESCOME","Inventory","2.00"
"8927","FLIP FLOP MOSCATO 750ML","EDER BROS","Inventory","0.00"
"8928","VICTORY SEASONAL 12 OZ","NULL","Inventory","0.00"
"8930","SIX POINT LAGER 12PKS","NULL","Inventory","0.00"
"8931","ARBOR MIST EXOTIC FRUITS WHITE ZINFANDEL 750ML","BRESCOME","Inventory","0.00"
"8933","PURA","NULL","Inventory","0.00"
"8936","CAPPTAIN LAWRENCE 6PKS","A. GALLO","Inventory","0.00"
"8937","LIVINGSTON SANGRIA 1.5 L","CDI MERCH-D","Inventory","0.00"
"8938","SACHEM'S PICNIC RED 750ML","NULL","Inventory","0.00"
"8939","CRISPAN 12PK VARIETY","NULL","Inventory","0.00"
"8940","CACTI SELTZER 9PK","UNKNOWN","Inventory","0.00"
"8941","BUFFALO TRACE BOURBON 750ML","NORTHEAST","Inventory","14.00"
"8943","WYCLIFF BRUT CHAMPAGNE 750ML","CDI","Inventory","0.00"
"8944","SMIRNOFF KISSED CARAMEL 1LT","EDER BROS","Inventory","0.00"
"8946","STERLING  VC CHARDONNAY","EDER BROS","Inventory","0.00"
"8949","MURPHY'S IRISH STOUT CAN","NULL","Inventory","0.00"
"8951","LEROUX PEPPERMINT SCHNAPPS 100 PROOF 200ML","CDI","Inventory","97.00"
"8954","PATRON ANEJO TEQUILA 750ML","CDI","Inventory","1.00"
"8955","LIVING CELLAR RED ROSE","CDI MERCH-D","Inventory","0.00"
"8958","HOOKER NOR'EASTER","NULL","Inventory","0.00"
"8960","ROYAL BITCH MERLOT 750ML","HARTLEY PARKER","Inventory","0.00"
"8961","SAM REBEL","NULL","Inventory","0.00"
"8962","JOHNNIE GOLD LABEL 750ML","BRESCOME","Inventory","0.00"
"8964","BUDWEISER CHELADA 24OZ CANS","HDI","Inventory","8.00"
"8965","ARBOR MIST MAN STR MOS 750ML","BRESCOME","Inventory","0.00"
"8966","MODELO ESPECIAL 12 PK CAN 12 OZ","A. GALLO","Inventory","9.00"
"8967","SANGRE DE TORO GARNACHA 750ML","NULL","Inventory","0.00"
"8968","MICHTER'S US1 TOASTED BARREL FINISH LIMITED RELEASE BOURBON 750ML","BRESCOME","Inventory","0.00"
"8969","MICHELOB ULTRA 30PK CAN 12OZ","HDI","Inventory","0.00"
"8970","ANGRY ORCHARD CRISP APPLE 6PK 12 OZ","A. GALLO","Inventory","6.00"
"8971","EL CHARRO REPOSADO","BRESCOME","Inventory","0.00"
"8975","OMMEGANG ROSETTA","NULL","Inventory","0.00"
"8976","OMMERGANG THREE PHILOSOPHERSA","NULL","Inventory","0.00"
"8979","HERMIT SOUR ALE","NULL","Inventory","0.00"
"8980","MR.BOSTON CHERRY  375ML","BRESCOME","Inventory","0.00"
"8981","BELHAVEN  6PK","NULL","Inventory","0.00"
"8982","NAIA VERDEJO 750ML","NULL","Inventory","0.00"
"8983","WOODBRIDGE CABERNET MERLOT 1.5L","HARTLEY PARKER","Inventory","0.00"
"8984","KENTUCKY BENCHMARK BOURBON 1LT","NULL","Inventory","0.00"
"8985","FELIPE I I  BRANDY  750ML","BRESCOME","Inventory","0.00"
"8986","PALO VIEJO LIGHT RUM 200ML","BRESCOME","Inventory","0.00"
"8987","MILLER LITE 6PK BOTTLES 12OZ","A. GALLO","Inventory","7.00"
"8988","BALLAST POINT PALE ALE","NULL","Inventory","0.00"
"8989","JUICE BOMB IPA 6PK","UNKNOWN","Inventory","0.00"
"8990","GROTH NAPA CHARDONNAY","ALLAN S GOOD","Inventory","0.00"
"8992","SIMI SAUVIGNON BLANC 750ML","EDER BROS","Inventory","0.00"
"8994","LARRY 85","NULL","Inventory","0.00"
"8995","NEW BELGIUM VOODOO RANGER IMPERIAL IPA 19.2OZ CAN","NORTHEAST","Inventory","20.00"
"8996","KOOL MENT 100 B1G1","MANCHESTER T","Inventory","0.00"
"8999","SMUTTYNOSE ROBUST PORTER 12OZ","NULL","Inventory","0.00"
"9001","MAIN MULE RUM GINGER 4PK","UNKNOWN","Inventory","0.00"
"9004","SINGLE CUT IPA","NULL","Inventory","0.00"
"9005","RUMPLE MINZE 1L","HARTLEY PARKER","Inventory","0.00"
"9006","ERNEST &JULIO ZIN- 187ML","CDI","Inventory","0.00"
"9007","KEYSTONE ICE 30 PACK 12 OZ","G & G BEVERAGE DIST","Inventory","0.00"
"9008","REGATTA GINGER ALE 7.5FL OZ 6PK CAN","DRINX UNLIMITED","Inventory","29.00"
"9009","LUIS FELIPE BLANC 750ML","UNKNOWN","Inventory","0.00"
"9010","THE GLENLIVET 12 YEAR 1.75L","BRESCOME","Inventory","0.00"
"9011","BLACKSTONE SYRAH 7","HARTLEY PARKER","Inventory","0.00"
"9014","DEK.SOLE GIN 1L","CDI","Inventory","0.00"
"9017","PERL","NULL","Inventory","0.00"
"9021","SIX POINT PILZ","UNKNOWN","Inventory","0.00"
"9023","STARCUT PULSAR DRY CIDER","NULL","Inventory","0.00"
"9026","RH PUMKIN","NULL","Inventory","0.00"
"9027","COINTREAU LIQUEUR 375ML","BRESCOME","Inventory","3.00"
"9028","RAEBURN CHARDONNAY 750ML","UNKNOWN","Inventory","0.00"
"9029","BODEGAS MUGA RIOJA RESERVA 750ML","SLOCUM & SONS INC","Inventory","0.00"
"9031","MAN CAB.SAUV 750ML","NULL","Inventory","0.00"
"9032","TILT BLUE RAS. 24OZ CAN","DICHELLO","Inventory","0.00"
"9033","FEVER TREE PREMIUM TONIC WATER 4PK BOTTLE 200ML","A. GALLO","Inventory","7.00"
"9034","HOOKER NO FILTER","NULL","Inventory","0.00"
"9036","BEACH HOUSE SAUVIGNON BLANC","NULL","Inventory","0.00"
"9038","HOB NOB PINOT NOIR 750ML","BRESCOME","Inventory","0.00"
"9040","FANTA  2L","NULL","Inventory","0.00"
"9041","COLLECTIVE","NULL","Inventory","0.00"
"9042","ELYSIAN SEASONAL 12 OZ","NULL","Inventory","0.00"
"9044","MOMOKAWA","NULL","Inventory","0.00"
"9045","HIRAM ANISETTE 200ML","BRESCOME","Inventory","0.00"
"9047","HOOKER VARIETY 12PK BTL","NULL","Inventory","0.00"
"9048","RELIC VIENNA 4PK","NULL","Inventory","0.00"
"9050","STRAWBERRY SKY 6PK","UNKNOWN","Inventory","0.00"
"9052","JACK'S AABBY 6PKS","NULL","Inventory","0.00"
"9053","PEAK ORG. NUT BROWN 6PK","G & G BEVERAGE DIST","Inventory","0.00"
"9054","DUNNEWOOD  MERLOT 1.5L","UNKNOWN","Inventory","0.00"
"9055","CASAL GARCIA VINHO VERDE 750ML","MARTIGNETTI ","Inventory","-17.00"
"9056","GEO DUBOEUF CHARD.750ML","SLOCUM & SONS INC","Inventory","0.00"
"9057","SPARTICO 750ML","NULL","Inventory","0.00"
"9058","SMIRNOFF VANILLA TWIST VODKA 50 ML","EDER BROS","Inventory","0.00"
"9060","THE BALVENIE SG. MALT 3PK 50ML","NULL","Inventory","0.00"
"9061","LINDEMANS CHARD-RIES 1.5 L","SLOCUM & SONS INC","Inventory","0.00"
"9062","CASTILLO GOLD RUM 1 L","BRESCOME","Inventory","1.00"
"9063","ICEHOUSE 24OZ CAN","STAR","Inventory","0.00"
"9064","FOSTERS BLUE LAGER 25OZ CAN","A. GALLO","Inventory","17.00"
"9065","MODELO NEGRA 6PK BOTTLE","A. GALLO","Inventory","6.00"
"9070","PALO VIEJO WHITE RUM 1.75L","HARTLEY PARKER","Inventory","0.00"
"9073","EVERFRESH ORANGE JUICE 32 OZ","NULL","Inventory","0.00"
"9074","WINDY TRAIL PINOT NOIR","NULL","Inventory","0.00"
"9075","CORTIJO RIOJA 750ML","NULL","Inventory","0.00"
"9077","TREASURE ISLAND SPIC RUM1.75L","ACE DISTRIBUTING","Inventory","0.00"
"9078","OSKAR BLUES CANUNDRUM 12 OZ","NULL","Inventory","0.00"
"9080","DROUHIN ROSEROCK CHARDONNAY 6 PACK","NULL","Inventory","0.00"
"9083","CITRADELIC 6 PCK CANS","UNKNOWN","Inventory","0.00"
"9084","BOULEVARD PORTER","NULL","Inventory","0.00"
"9085","MARQUES DE CACERES RIOJA ROSE","BRESCOME","Inventory","0.00"
"9086","BH MRK","NULL","Inventory","0.00"
"9089","THIMBLE ISLAND","NULL","Inventory","0.00"
"9091","CAMEL MENTHOL SILVER 1$ OFF","MTC","Inventory","0.00"
"9093","KETEL ONE ORANJE VODKA 750ML","BRESCOME","Inventory","3.00"
"9094","VERDI  PEACH 750ML","EDER BROS","Inventory","0.00"
"9097","PRAIRIE ORGANIC VODKA 1.75LT","EDER BROS","Inventory","19.00"
"9099","GALLO CABERNET SAUVIGNON 1.5 L","CDI MERCH-D","Inventory","0.00"
"9100","WILD BLACK LAGER 6PK BTL.","DICHELLO","Inventory","0.00"
"9101","BURNETTS BLUEBERRY 750ML","HARTLEY PARKER","Inventory","0.00"
"9104","CADE","UNKNOWN","Inventory","0.00"
"9106","LICOR 43 CUARENTA Y TRES 62 PROOF 750ML","BRESCOME","Inventory","-7.00"
"9108","DYNAMITE CABERNET SAUVIGNON 750ML","UNKNOWN","Inventory","0.00"
"9109","UV APPLE","SLOCUM & SONS INC","Inventory","0.00"
"9112","CLAY STATN VIOGNER WINE 750ML","UNKNOWN","Inventory","0.00"
"9115","CHAMP ORIGINAL 4PKS","NULL","Inventory","0.00"
"9116","DON Q PASSION RUM 1.75L","HARTLEY PARKER","Inventory","0.00"
"9119","BEAULIEU VINEYARD COASTAL CABERNET SAUVIGNON 750ML","EDER BROS","Inventory","0.00"
"9120","GODIVA WHITE CHOCOLATE 50ML","CDI","Inventory","0.00"
"9122","AUSTIN VALE MERLOT 1.5L","NULL","Inventory","0.00"
"9127","SIXPOINT RESIN DOUBLE IPA 6PK","NULL","Inventory","0.00"
"9128","TIKI RITA MANGO MARGARITA","UNKNOWN","Inventory","0.00"
"9129","STONEY CREEK JOE 6 PK","NULL","Inventory","0.00"
"9130","BURNETTS LIME VODKA 750","HARTLEY PARKER","Inventory","0.00"
"9131","PARROT BAY 90 COCONUT RUM 50ML","BRESCOME","Inventory","92.00"
"9133","IPSWICH ALE 6PACK","NULL","Inventory","0.00"
"9134","BUD LIGHT LIME 25 OZ CAN","HDI","Inventory","0.00"
"9135","KAHKUA SNGL.TOSTED ALMOND","ALLAN S GOOD","Inventory","0.00"
"9137","VOBIS TUA 750ML","UNKNOWN","Inventory","0.00"
"9139","BUEHLER NAPA VAL CABERNET SAUVIGNON 15","NULL","Inventory","0.00"
"9142","SUNSEEKER ROSE 750 ML","NULL","Inventory","0.00"
"9143","CONCANNON PINOT NOIR SELECT VINEYARD","EDER BROS","Inventory","0.00"
"9144","TWO OCEANS SAUVIGNON BLANC 1.5L","OPICI","Inventory","8.00"
"9145","TRES OJOS GARNACHA 750ML","UNKNOWN","Inventory","0.00"
"9148","BAREFOOT SAU BLANC 750ML","CDI","Inventory","0.00"
"9151","GEORGE T STAGG 135PROOF 750ML","NORTHEAST","Inventory","0.00"
"9152","SWEETBITCH PINOT GRIGIO 750ML","HARTLEY PARKER","Inventory","0.00"
"9153","ARROW BLUE CURACAO-30","BRESCOME","Inventory","0.00"
"9154","BV COASTAL CHARD.  1.5L","EDER BROS","Inventory","0.00"
"9155","JOHNNIE WALKER RED 750ML","BRESCOME","Inventory","10.00"
"9159","BANROCK STATION CHARD. 1.5L","HARTLEY PARKER","Inventory","0.00"
"9160","LIGHTER","NULL","Inventory","0.00"
"9161","TWO OCEANS SHIRAZ 1.5L","NULL","Inventory","0.00"
"9164","THE NAKED GRAPE MOSCATO 750ML","CDI MERCH-D","Inventory","0.00"
"9166","CHOCOVINE CHOCOLATE WINE 750ML","ACE DISTRIBUTING","Inventory","0.00"
"9168","SANTA MARINA PINOT GRIGIO 1.5L","BRESCOME","Inventory","6.00"
"9169","TANQUERAY SEVILLA ORANGE GIN","BRESCOME","Inventory","0.00"
"9170","OPICI HOMEMADE BARBERONE BIANCO1.5L","OPICI","Inventory","2.00"
"9173","ARROW BLUE CURACAO-30","ALLAN S GOOD","Inventory","0.00"
"9174","TIN ROOF CHARD. 750ML","CDI","Inventory","0.00"
"9175","I PINI RENZO MASI 750ML","UNKNOWN","Inventory","0.00"
"9180","CAPRICCIO SANGRIA WHITE 750ML","UNKNOWN","Inventory","0.00"
"9181","DOLE CRANBERRY COCKT 15.OZ","UNKNOWN","Inventory","0.00"
"9182","GALLO FAMILY MERLO","UNKNOWN","Inventory","0.00"
"9183","AVERY IPA","NULL","Inventory","0.00"
"9184","NANDO FRAGOLINO 750ML","ACE DISTRIBUTING","Inventory","0.00"
"9190","TALUS PINOT NOIR 750ML","BRESCOME","Inventory","0.00"
"9193","CAN.CLUB 100 PROOF 200ML","NULL","Inventory","0.00"
"9194","COLT 45 B-BRY 24OZ","STAR","Inventory","0.00"
"9196","LA PIAZZA MERLOT 750ML","NULL","Inventory","0.00"
"9197","BEER","NULL","Inventory","0.00"
"9199","DIRTY PENNY ALE 4PKS","NULL","Inventory","0.00"
"9200","CODORNIU CAVA 187ML","BRESCOME","Inventory","0.00"
"9203","KENT FALLS SUPER SPARKLE IPA","UNKNOWN","Inventory","0.00"
"9204","JACK'S ABBY","NULL","Inventory","0.00"
"9205","SMOKING LOON SYRAH","BRESCOME","Inventory","0.00"
"9210","FEVER TREE PREMIUM CLUB SODA 4PK BOTTLE 200ML","A. GALLO","Inventory","6.00"
"9211","MR.BOSTON WILD CHERRRY 1.75L","BRESCOME","Inventory","0.00"
"9213","FRE CAB.SAUV 750ML","UNKNOWN","Inventory","0.00"
"9217","PROSPACT WORK","NULL","Inventory","0.00"
"9218","JACK DANIELS TENNESSEE HONEY WHISKEY 200ML","EDER BROS","Inventory","11.00"
"9219","DROUHIN ROSEROCK PINOT NOIR 6 PACK","NULL","Inventory","0.00"
"9220","THREE OLIVES  CHERRY VODKA 750ML","BRESCOME","Inventory","0.00"
"9222","ITHICA FLOWER POWER","UNKNOWN","Inventory","0.00"
"9223","STOLICHNAYA OHRANJ (ORANGE) FLAVORED VODKA)  750ML","BRESCOME","Inventory","0.00"
"9224","TWISTED CABERNET SAUVIGNON 1.5LT","HARTLEY PARKER","Inventory","0.00"
"9226","MAST LANDING IPA","NULL","Inventory","0.00"
"9227","BBC 6PK","NULL","Inventory","0.00"
"9228","WILD VINES FRUT-ORC-CHARD 1.5L","CDI MERCH-D","Inventory","0.00"
"9231","JIM BEAM KENTUCKY BOURBON AGED 4 YEAR 80 1.75LT","BRESCOME","Inventory","9.00"
"9232","B.S.SHIRAZ&CAB.1.5L","UNKNOWN","Inventory","0.00"
"9233","HOPKINS SILVER SPARKLING","UNKNOWN","Inventory","0.00"
"9235","CEDAR","UNKNOWN","Inventory","0.00"
"9236","BARD'S SARGHUM GLUTEN FREE BOTTLE 6PK 12 OZ","NULL","Inventory","0.00"
"9237","GPC LT BOX","UNKNOWN","Inventory","0.00"
"9238","DEEP EDDY SWEET TEA VODKA 750ML","NULL","Inventory","0.00"
"9239","LOBSTER REEF PINOT NOIR","NULL","Inventory","0.00"
"9241","SANTA RITA RESERVA CAB.SAUV","NULL","Inventory","0.00"
"9243","GALLO RED MOSCATO 1.5L","CDI MERCH-D","Inventory","0.00"
"9244","CITIZEN CIDER DIRTY MAYOR","NULL","Inventory","0.00"
"9245","RESERVE PRIEURE ST FLAURENT BORDEAUX 750ML","TOUTON MONSIEUR TOUTON SELECTION LTD","Inventory","0.00"
"9246","BROOKLYN BLACK CHOC STOUT 12 OZ","G & G BEVERAGE DIST","Inventory","0.00"
"9247","CUERVO ORANJO 50ML","ALLAN S GOOD","Inventory","0.00"
"9248","ST. FRANCIS CABERNET SAUVIGNON SONOMA COUNTY","BRESCOME","Inventory","0.00"
"9250","TISDALE PINOT NOIR","CDI MERCH-D","Inventory","0.00"
"9253","PROVENCE ROSE 3L","NULL","Inventory","0.00"
"9254","HOBO LIFE 16OZ 4 PK","UNKNOWN","Inventory","0.00"
"9255","THE CLUB PINA COLADA 750ML","EDER BROS","Inventory","0.00"
"9256","LONG DRINK TRADITIONAL CITRUS 12OZ 6PK CAN","CDI","Inventory","4.00"
"9257","Q CLUB SODA 500ML","UNKNOWN","Inventory","0.00"
"9259","DEKUYPER CREME DE MENTHE GREEN 375ML","BRESCOME","Inventory","0.00"
"9260","BUDWEISER CAN 2/12PK 12 OZ","HDI","Inventory","12.00"
"9261","FORTTUNA ULT LT BOX 100","MTC","Inventory","0.00"
"9262","X-RATED 50ML","HARTLEY PARKER","Inventory","0.00"
"9263","SZAMBELAN VODKA 80 1L","UNKNOWN","Inventory","0.00"
"9264","EQUILIBRIUM WAVELENGTH IPA","UNKNOWN","Inventory","0.00"
"9265","BENROMACH SPAYSIDE  SINGLE","NULL","Inventory","0.00"
"9266","BILLETTE","NULL","Inventory","0.00"
"9268","STOLICHNAYA RAZBERI (RASPBERRY) FLAVORED VODKA 750ML","BRESCOME","Inventory","-5.00"
"9269","HOOKER 6PKS","NULL","Inventory","0.00"
"9270","STUHLMULLER VINEYARD CHARD","NULL","Inventory","0.00"
"9271","IMPERIAL AMERICAN WHISKEY BLEND 1.75L","ALLAN S GOOD","Inventory","0.00"
"9272","COLLECTIVE ART 4PK","UNKNOWN","Inventory","0.00"
"9274","MOTHER'S MILK  6PK BTL","STAR","Inventory","0.00"
"9276","ROLLAN DE BY","UNKNOWN","Inventory","0.00"
"9278","BOTTICELLI CAPPUCCINO 750ML","SLOCUM & SONS INC","Inventory","0.00"
"9279","CROOK","NULL","Inventory","0.00"
"9280","MCGUIGAN MERLOT 750ML","UNKNOWN","Inventory","0.00"
"9286","DEEP EDDY PEACH VODKA 750ML","EDER BROS","Inventory","14.00"
"9287","HPNOTIQ 750ML","HARTLEY PARKER","Inventory","0.00"
"9288","RED DIAMOND RED BLEND","NULL","Inventory","0.00"
"9289","CAROLANS IRISH CREAM 1.75L","NULL","Inventory","0.00"
"9290","MICHTER'S US 1 SMALL BATCH UNBLENDED AMERICAN WHISKEY 750ML","BRESCOME","Inventory","3.00"
"9294","PARROT BAY ORANGE 750ML","HARTLEY PARKER","Inventory","0.00"
"9296","SOUTHERN TEAR LIVE","NULL","Inventory","0.00"
"9297","RELIC DAY OF SERP 4PK","NULL","Inventory","0.00"
"9298","DOUBLE DECKER PINOT GRIGIO (TAMAS)","NULL","Inventory","0.00"
"9301","WATER","NULL","Inventory","0.00"
"9303","RELIC","NULL","Inventory","0.00"
"9304","GLENROTHES 750ML","EDER BROS","Inventory","0.00"
"9305","CRABBIE'S","NULL","Inventory","0.00"
"9306","MOUNTAIN DEW 12PK","UNKNOWN","Inventory","0.00"
"9308","MOSAIC HOP","UNKNOWN","Inventory","0.00"
"9310","LARCENY BOURBON 750ML","UNKNOWN","Inventory","0.00"
"9311","LITNUS TEST","NULL","Inventory","0.00"
"9312","LA CADALORA PIN.GIO.","UNKNOWN","Inventory","0.00"
"9315","EXCELSIOR CABERNET SAUVIGNON","BRESCOME","Inventory","0.00"
"9316","LA CARDONNE  ME.750ML","UNKNOWN","Inventory","0.00"
"9320","RATTI DOLCETTO D'ALBA 750ML","NULL","Inventory","0.00"
"9321","GUINNESS EXTRA STOUT 12PK BTL 12OZ","A. GALLO","Inventory","3.00"
"9323","ATLAS PEAK CAB.SAUV","NULL","Inventory","0.00"
"9324","DEK. PUCKER SWEET&SO 50ML","CDI","Inventory","0.00"
"9325","MILWA.BEST ICE 6PK CAN","STAR","Inventory","0.00"
"9326","MR.BOSTON COFFEE 750ML","BRESCOME","Inventory","0.00"
"9328","MCPHERSON SHIRAZ  750ML","UNKNOWN","Inventory","0.00"
"9329","MAGIC SEASONAL 12PK","G & G BEVERAGE DIST","Inventory","0.00"
"9330","LIME JUICE","NULL","Inventory","0.00"
"9331","GILBEY'S GIN 375ML","CDI","Inventory","0.00"
"9332","CHERRY JACK 750ML","None","Inventory","0.00"
"9333","WHITE CLAW RASPBERRY 6 PACK CAN","A. GALLO","Inventory","2.00"
"9334","VINA ROBLES PITTIE SIRAH 750ML","UNKNOWN","Inventory","0.00"
"9336","CRUZAN LIGHT 1 L","HARTLEY PARKER","Inventory","0.00"
"9337","OLE SMOKY BANANA PUDDING 50ML","MARTIGNETTI ","Inventory","27.00"
"9339","OCEAN ORANGE 60OZ","NULL","Inventory","0.00"
"9340","KENTUCKY BOURBON BARREL COFFEE STOUT 4PK","NULL","Inventory","0.00"
"9341","HONEY BROWN","ROGO","Inventory","0.00"
"9344","ELECTRIC PEEL  BOTTLE 4/6 12Z","NULL","Inventory","0.00"
"9345","MAIN CIDER","NULL","Inventory","0.00"
"9347","SMIRNOFF PINEAPPLE VODKA 1LT","EDER BROS","Inventory","0.00"
"9348","ELIJAH CRAIG BOURBON 375ML","NULL","Inventory","0.00"
"9349","PARROT BAY MAJITO CITRUS 750ML","HARTLEY PARKER","Inventory","0.00"
"9350","VICTORY KIRSCH GOSE 12 OZ","UNKNOWN","Inventory","0.00"
"9351","TROPICANA GRAPE 16OZ","MTC","Inventory","0.00"
"9352","EGERVIN BU.B.750ML","UNKNOWN","Inventory","0.00"
"9355","OLD PULTENEY 12YR SGL MALT 750ML","UNKNOWN","Inventory","0.00"
"9357","PUCKER LEMONADE 750ML","BRESCOME","Inventory","0.00"
"9358","TWO VINES CABERNET SAUVIGNON 1.5LT","BRESCOME","Inventory","0.00"
"9359","TERRA OAK CASK MALBEC 750ML","ACE DISTRIBUTING","Inventory","0.00"
"9360","LEGITIMUS STOUT","UNKNOWN","Inventory","0.00"
"9361","QREAM STRAWBERRY 750ML","CDI","Inventory","0.00"
"9365","FINLANDIA VODKA 1L","BRESCOME","Inventory","0.00"
"9367","KAMORA 1 L","NULL","Inventory","0.00"
"9368","TOMERO MALBEC 18 L","NULL","Inventory","0.00"
"9369","JACQ ROCK&RYE 375ML","UNKNOWN","Inventory","0.00"
"9370","SPICKED SALZER","UNKNOWN","Inventory","0.00"
"9373","E&J BRANDY VS 1.75LT","CDI MERCH-D","Inventory","3.00"
"9374","VISCONTI","BRESCOME","Inventory","0.00"
"9377","GLENROTHES 25YR","NULL","Inventory","0.00"
"9378","CRANKY IPA 6PKS","NULL","Inventory","0.00"
"9379","GODIVA CARAMEL 50 ML","CDI","Inventory","0.00"
"9380","GODIVA CHOCOLATE RASPBERRY VODKA 50ML","NULL","Inventory","0.00"
"9383","VICTORY KICK BACK 15PK VARIETY","NULL","Inventory","0.00"
"9384","SOUTHERN COMFORT 100 375ML","EDER BROS","Inventory","1.00"
"9385","CONJURE COGNAC 750ML","HARTLEY PARKER","Inventory","0.00"
"9388","ARBOR MIST SANGRIA ZINFANDEL","BRESCOME","Inventory","0.00"
"9389","ARIEL CHARDONNAY PREMIUM DEALCHOLIZED WINE 750ML","BRESCOME","Inventory","0.00"
"9390","BEITZ CELLAR","NULL","Inventory","0.00"
"9391","ARROW STRAWBERRY 1L","HARTLEY PARKER","Inventory","0.00"
"9393","RELIC 6PKS","NULL","Inventory","0.00"
"9394","TH DOBBLE","NULL","Inventory","0.00"
"9395","DEKUPER STRAWBERRY PASSION 750ML","CDI","Inventory","0.00"
"9396","SANTA MARGHERITA  PINOT GRIGIO 750ML","BRESCOME","Inventory","13.00"
"9398","HANGING HILLS IPA","NULL","Inventory","0.00"
"9399","ROSEMOUNT CHARD. 1.5L","CDI","Inventory","0.00"
"9400","ROSEMOUNT CHARDONNAY 750ML","CDI","Inventory","0.00"
"9402","STIRRINGS DIRTY MARTINI 12OZ","BRESCOME","Inventory","3.00"
"9403","E & J XO 100","NULL","Inventory","0.00"
"9405","FREIXENET SPARKLING WINE 187ML","UNKNOWN","Inventory","0.00"
"9408","CK MONDAVI CHARDONNAY 1.5LT","CDI","Inventory","0.00"
"9409","ORANGE WHIPPED CREAM 375ML","HARTLEY PARKER","Inventory","0.00"
"9410","LUC BELAIRE ROSE (BLACK BOTTLE) 750ML","SLOCUM & SONS INC","Inventory","0.00"
"9411","DOW'S FINE TAWNY PORTO 750ML","MARTIGNETTI ","Inventory","1.00"
"9412","HURRICAN","NULL","Inventory","0.00"
"9416","MINIMALISTA MALBEC 750ML","UNKNOWN","Inventory","0.00"
"9417","CRANE LAKE WHITE ZINF. 1.5L","BRESCOME","Inventory","0.00"
"9418","SUMMER SHANDY","NULL","Inventory","0.00"
"9422","MANGO JUICE","UNKNOWN","Inventory","0.00"
"9424","WESTERN SON PRICKLY PEAR","NULL","Inventory","0.00"
"9427","EDMEADES MENDOCINO ZINFANDEL 750ML","UNKNOWN","Inventory","0.00"
"9432","CONCHA Y TORO CASILLERO CABERNET SAUVIGNON 750ML","BRESCOME","Inventory","0.00"
"9433","LEROUX POLISH BLACKBERRY BRANDY 50ML","CDI","Inventory","1560.00"
"9434","GLENDALOUGH POT STILL 750ML","NULL","Inventory","0.00"
"9435","J & B RARE BLENDED SCOTCH WHISKEY 1.75L","MARTIGNETTI ","Inventory","-1.00"
"9437","CHATEAU MICHEL DE VERT RED LUSSAC SAINT-EMILION","TOUTON MONSIEUR TOUTON SELECTION LTD","Inventory","13.00"
"9438","PAMOLA XTRA PALE ALE 6PKS","NULL","Inventory","0.00"
"9440","SIX POINT BAJA JAMMER","NULL","Inventory","0.00"
"9442","THE GLENLIVET 14YR 750ML","BRESCOME","Inventory","1.00"
"9443","RM 1999 RESERVE CAB.SAU","HARTLEY PARKER","Inventory","0.00"
"9444","CUPCAKE PINOT NOIR 750ML","EDER BROS","Inventory","11.00"
"9447","KAMORA COFFEE LIQUER   750ML","BRESCOME","Inventory","0.00"
"9448","CAN O BLISS IPA 12 FL OZ","NULL","Inventory","0.00"
"9449","PILSNER","UNKNOWN","Inventory","0.00"
"9452","HORNITOS PLATA BLANCO 750ML","BRESCOME","Inventory","8.00"
"9453","SPIKED SELTZER CRANBERRY 12 OZ CAN","NULL","Inventory","0.00"
"9455","MYERS'S DARK RUM 375ML","BRESCOME","Inventory","1.00"
"9460","GREEN TRUCK PETITE SIRAH 750ML","SLOCUM & SONS INC","Inventory","0.00"
"9463","INVER HOUSE SCOTCH 1.75L","UNKNOWN","Inventory","0.00"
"9464","JACQ C BRANDY 200ML","UNKNOWN","Inventory","0.00"
"9465","TROPICANA APPLE JUICE 16 OZ","MTC","Inventory","0.00"
"9466","CROP EARTH HARVEST ORGANIC CUCUMBER VODKA 750ML","BRESCOME","Inventory","0.00"
"9471","LITCHFIELD BATCHERS BOURBON 750ML","SLOCUM & SONS INC","Inventory","2.00"
"9472","ARNALDORIVERA BOROLO 2013","NULL","Inventory","0.00"
"9473","COLUMBIA CREST TWO VINES CAB","BRESCOME","Inventory","0.00"
"9475","MERIDIAN CHARDONNAY 1.5 L","EDER BROS","Inventory","0.00"
"9477","GROTH OAKVILLE CABERNET SAUVIGNON 12/13","NULL","Inventory","0.00"
"9478","DEKUY. PEACH PUCKER 375ML","BRESCOME","Inventory","0.00"
"9479","FLIP FLOP CABERNET 750ML","EDER BROS","Inventory","3.00"
"9480","PEPI CHARDONNAY","UNKNOWN","Inventory","0.00"
"9482","PARROT BAY MUDOLIDE RUM 750 ML","NULL","Inventory","0.00"
"9483","CONN CREEK CABERNET SAUVIGNON 13/14","NULL","Inventory","0.00"
"9484","RELIC","NULL","Inventory","0.00"
"9487","HEY YALL HARD ICE TEA","UNKNOWN","Inventory","0.00"
"9488","CAPRICCIO BUBBLY PASSION FRUIT SANGRIA 750ML","UNKNOWN","Inventory","0.00"
"9489","PROTOCOLO TINTO 750ML","SLOCUM & SONS INC","Inventory","0.00"
"9492","LA VILLA VENETO MERLOT 1.5L","UNKNOWN","Inventory","0.00"
"9493","BV COASTAL MOSCATO","NULL","Inventory","0.00"
"9498","SINGLE CUT 16OZ","NULL","Inventory","0.00"
"9501","RUMPLE MINZE PEPPERMINT 50ML","MARTIGNETTI ","Inventory","160.00"
"9505","RM LUCE 1997","UNKNOWN","Inventory","0.00"
"9506","PRINCIPATO CAB.MERLOT 1.5L","NULL","Inventory","0.00"
"9507","GLENDALOUGH DOUBLE BARREL 750ML","NULL","Inventory","0.00"
"9508","VILLA JOLANDA VINO SPUMANTE 750ML","NULL","Inventory","0.00"
"9512","COOLER 30 QT","UNKNOWN","Inventory","0.00"
"9515","CLUB VODKA MARTINI","NULL","Inventory","0.00"
"9516","DISENO MALBEC 750ML","NULL","Inventory","0.00"
"9517","CAPRICCIO ROSE SANGRIA 750ML","NULL","Inventory","0.00"
"9518","TWO ROADS CRUISE CONTROL","A. GALLO","Inventory","0.00"
"9521","YUKON JACK 100 PROOF 375ML","BRESCOME","Inventory","10.00"
"9523","HAZYISH IPA","NULL","Inventory","0.00"
"9525","MONTI GUIDI","NULL","Inventory","0.00"
"9526","LIGHTER","UNKNOWN","Inventory","0.00"
"9527","MAYNARD'S","NULL","Inventory","0.00"
"9531","CHETEAU MYLOARD BORDEAUX","NULL","Inventory","0.00"
"9534","FLEISCHMANN'S PREFERRED AMERICAN WHISKEY 1.75LT","BRESCOME","Inventory","3.00"
"9535","CRUZAN GOLD RUM 50ML","UNKNOWN","Inventory","0.00"
"9536","SONOMA FULL FLAVOR BOX 25C OFF","MTC","Inventory","0.00"
"9537","E & J CHOCOLATE TEMPT.  750ML","CDI MERCH-D","Inventory","0.00"
"9538","HACIENDA MERLOT 1.5L","BRESCOME","Inventory","0.00"
"9539","ROGUE YELLOW SNOW 12OZ","NULL","Inventory","0.00"
"9540","THE CLUB GIN MARTINI GLS 200ML","BRESCOME","Inventory","0.00"
"9541","BUKOFF VODKA 1.75L","HARTLEY PARKER","Inventory","0.00"
"9542","BV CABERNET RUTHERFORD 750ML","BRESCOME","Inventory","0.00"
"9543","HO.HOUSES.&S.1L.","UNKNOWN","Inventory","0.00"
"9544","BEER SINGLE","NULL","Inventory","0.00"
"9545","VILA MASSA LIMONCELLO 750ML","UNKNOWN","Inventory","0.00"
"9547","RELIC LEAF STROM","NULL","Inventory","0.00"
"9548","MAYNARDS VINTAGE 2016","UNKNOWN","Inventory","0.00"
"9550","BORNE OF FIRE CAB 750ML","UNKNOWN","Inventory","0.00"
"9551","CHATUE LAUJAC MDC","NULL","Inventory","0.00"
"9552","HAHN SLH CHARD","NULL","Inventory","0.00"
"9554","TERRAZAS RESERVE CABERNET SAUVIGNON","NULL","Inventory","0.00"
"9555","GODIVA DARK CHOCOLATE 375ML","CDI","Inventory","0.00"
"9557","SUR DE ANDES MALBAC CAB","NULL","Inventory","0.00"
"9558","LARRESSINGLE VSOP ARMAGNAC","NULL","Inventory","0.00"
"9559","BOX STAR CAB-SAU. 3L","HARTLEY PARKER","Inventory","0.00"
"9560","BLACKSTONE CHARDONNAY","HARTLEY PARKER","Inventory","0.00"
"9561","NEBCO SCHNITZENGIGGLES OCTOBERFEST BEET 6PK CANS","A. GALLO","Inventory","0.00"
"9566","GLENFIDDICH 15YR SOLERA RESERVE SCOTCH WHISKEY 750ML","BRESCOME","Inventory","2.00"
"9568","YELLOW TAIL JAMMY RED ROO (SWEET RED) 1.5 LT","BRESCOME","Inventory","6.00"
"9569","JAC GINGER 200ML","UNKNOWN","Inventory","0.00"
"9571","PINOT EVIL VIN DE PAYS PINOT NOIR","NULL","Inventory","0.00"
"9572","MACJAC 16OZ","NULL","Inventory","0.00"
"9576","SOPLICA 750ML","ACE DISTRIBUTING","Inventory","0.00"
"9577","MAKERS MARK 50 ML","CDI","Inventory","-46.00"
"9578","CLAUSTHALER NON-ALC BEER 6PK 12 OZ BTL","A. GALLO","Inventory","6.00"
"9579","CARLSBERG 1L","NULL","Inventory","0.00"
"9581","JACC.D.CO. BROWN 750","UNKNOWN","Inventory","0.00"
"9583","FOLEY BROTHERS","NULL","Inventory","0.00"
"9586","JULIUS ECHTER","NULL","Inventory","0.00"
"9587","JACQUINS PEPPERMINT SCHNAPP PL","UNKNOWN","Inventory","0.00"
"9588","CISCO DOBBLE IPA","NULL","Inventory","0.00"
"9590","HUDSON NORTH STANDARD","NULL","Inventory","0.00"
"9591","VIRGINIA SLIM MENTHOL","MTC","Inventory","0.00"
"9594","BLAKE'S STRAWBERRY LEMONADE 12OZ  6PK","UNKNOWN","Inventory","0.00"
"9595","BAREFOOT WHITE ZINFANDEL 1.5L","CDI","Inventory","0.00"
"9600","TAYLOR LAKE COUNTRY RED","NULL","Inventory","0.00"
"9602","FOPPIANO LOT 96 PETITE SIRAH","NULL","Inventory","0.00"
"9603","THE SHINOBU WHISKY 750ML","UNKNOWN","Inventory","0.00"
"9604","SMIRNOFF 50ML STRAWBERRY TWIST","EDER BROS","Inventory","-507.00"
"9605","BLACK SWAN SHIRAZ 750ML","CDI MERCH-D","Inventory","0.00"
"9607","G.DUBOEUF CHARD. 1.5L","SLOCUM & SONS INC","Inventory","0.00"
"9610","OTTER CREEK ALE 12PK BTL","G & G BEVERAGE DIST","Inventory","0.00"
"9611","SIMI REBEL CASK RED BLEND 750ML","NULL","Inventory","0.00"
"9613","MICHTER'S US1 SINGLE BARREL RYE WHISKEY 750ML","BRESCOME","Inventory","3.00"
"9615","SINGLECUT","NULL","Inventory","0.00"
"9616","SINGLE CUT IPA","NULL","Inventory","0.00"
"9618","TWO ROADS TWO CONN EASY ALE","A. GALLO","Inventory","0.00"
"9619","NEWBURGH JUICE BOSS 16OZ","NULL","Inventory","0.00"
"9622","SIX POINT 15 PK","UNKNOWN","Inventory","0.00"
"9623","ARBORITA STRAWBERRY MARGARITA","NULL","Inventory","0.00"
"9624","BOULEVARD 6PKS","NULL","Inventory","0.00"
"9626","KRUG GRANDE CUVEE","UNKNOWN","Inventory","0.00"
"9627","JOSE CUERVO TRADICIONAL 1.75L","ALLAN S GOOD","Inventory","0.00"
"9629","GLUTINY PALE ALE  BOTTLE 4/6 12Z","NULL","Inventory","0.00"
"9633","ICEHOUSE CAN 30 PK 12 OZ","STAR","Inventory","0.00"
"9634","CRISPIN HONEY CRISP 22 OZ","NULL","Inventory","0.00"
"9635","CASTELLO POG MOSCATO 750ML","SLOCUM & SONS INC","Inventory","0.00"
"9636","CONFETTI  ROSE 750ML","UNKNOWN","Inventory","0.00"
"9639","LINDEMANS BIN70 CHAR.RIS.750ML","SLOCUM & SONS INC","Inventory","0.00"
"9640","SINGLE","NULL","Inventory","0.00"
"9641","MAMMA'S RED 750ML","NULL","Inventory","0.00"
"9644","SPIKED SELTZER LEMON 12OZ CAN","NULL","Inventory","0.00"
"9646","COLUMBIA CREST CABERNET SAUVIGNON","BRESCOME","Inventory","0.00"
"9649","WEST SLOPE CHARD. 750ML","UNKNOWN","Inventory","0.00"
"9650","JOSE CUERV0 RESERVEA PLT 750ML","EDER BROS","Inventory","0.00"
"9651","LIBERTY CREEK PINOT NOIR 1.5 L","CDI","Inventory","5.00"
"9652","DEK 60 PROOF PEPPERMINT 200ML","CDI","Inventory","0.00"
"9653","USA LT 100 BOX","MTC","Inventory","0.00"
"9654","TOP SHELF","NULL","Inventory","0.00"
"9655","LUNE BLANCHE","NULL","Inventory","0.00"
"9657","SOBIESKI  VODKA 750ML","ACE DISTRIBUTING","Inventory","0.00"
"9658","SUTTER HOME MERLOT 4PK 187ML","CDI","Inventory","221.00"
"9659","PINEAPPLE JUICE","UNKNOWN","Inventory","0.00"
"9660","OLD MILWAUKEE CAN 30PK 12 OZ","UNKNOWN","Inventory","0.00"
"9665","SILVER OAK CABERNET SAUVIGNON ALEXANDER VALLEY","BRESCOME","Inventory","0.00"
"9667","ONYX MOONSHINE 750ML","EDER BROS","Inventory","0.00"
"9668","LUIS FELI. MALBEC 750ML","UNKNOWN","Inventory","0.00"
"9669","SKYGAZER BLUEBERRY 16OZ","UNKNOWN","Inventory","0.00"
"9670","MACON LUGNY LES CHARMES 750ML","UNKNOWN","Inventory","0.00"
"9671","PATRON 3 PACK 50ML","CDI","Inventory","0.00"
"9672","TEMPLETON RYE-4 YR","UNKNOWN","Inventory","0.00"
"9673","K.J COLLAGE CAB.SHIRAZ 750ML","CDI","Inventory","0.00"
"9674","DON Q GOLD 750ML","HARTLEY PARKER","Inventory","0.00"
"9675","KIRRALAA BUSHVINE SHIR. 750ML","UNKNOWN","Inventory","0.00"
"9677","BOONES SNOW CREEK BERRY","NULL","Inventory","0.00"
"9679","PETRA ZINGARI TOSCANA IGT RED 750ML","MONSIEUR T","Inventory","12.00"
"9680","FOLLY BROTHER 22OZ","NULL","Inventory","0.00"
"9684","THE FAMOUS GROUSE BLENDED SCOTCH WHISKEY 1.75L","CDI","Inventory","0.00"
"9687","THOMAS HOOKER IPA","DICHELLO","Inventory","0.00"
"9688","SCHMITT SOHNE RIESLING AUSLESE 750ML","HP","Inventory","0.00"
"9690","GREY GOOSE VODKA 200ML","CDI","Inventory","6.00"
"9692","TRAGO SILVER TEQUILA 750ML","EDER BROS","Inventory","0.00"
"9693","MOTHER EARTH","NULL","Inventory","0.00"
"9694","MASTER OF MIXES MARGARITA MIX 1 L","CDI","Inventory","0.00"
"9695","GRAY SAIL JENNY","NULL","Inventory","0.00"
"9698","ARIEL CABERNET SAUVIGNON DEALCOHOLIZED WINE 750ML","BRESCOME","Inventory","0.00"
"9699","NEWCASTLE 6PK 12 OZ","A. GALLO","Inventory","6.00"
"9701","BUENA VISTA CARNEROS CHARDONNAY","NULL","Inventory","0.00"
"9702","WILD HOP LAGER SGL. BTL.","NULL","Inventory","0.00"
"9703","CAPTAIN MORGAN 100 PROOF 750ML","EDER BROS","Inventory","1.00"
"9704","DEKUYPER CACTUS JUICE","NULL","Inventory","0.00"
"9707","VERMOUTH DI ROSSO","NULL","Inventory","0.00"
"9708","GORDON'S VODKA 200ML","HARTLEY PARKER","Inventory","0.00"
"9709","TROGS MAD ELF HOLIDAY ALE","NULL","Inventory","0.00"
"9711","SCHILLING CIDER","NULL","Inventory","0.00"
"9712","NORBROOK HAND PICKD 4PK","NULL","Inventory","0.00"
"9713","BLUE BUBBLER 4PK","UNKNOWN","Inventory","0.00"
"9716","TURNING LEAF RESERVE MERLOT","CDI MERCH-D","Inventory","0.00"
"9717","ROSEMOUNT SHIRAZ  1.5L","CDI","Inventory","0.00"
"9718","JACK DANIEL'S GENTLEMAN JACK 200ML","EDER BROS","Inventory","0.00"
"9721","BORGIANNI","NULL","Inventory","0.00"
"9723","HARDY MERLOT WINE 3L","HARTLEY PARKER","Inventory","0.00"
"9724","COINTREAU LIQUEUR 750ML","BRESCOME","Inventory","6.00"
"9725","CONCHA Y TORO CASILLERO CARMENERE 750ML","UNKNOWN","Inventory","0.00"
"9726","CHE GAUCHO MALBEC/MERLOT","CDI","Inventory","0.00"
"9728","RUSKOVA RUSSIAN VODKA 750ML","HARTLEY PARKER","Inventory","0.00"
"9732","MARLOBORO MEN.LT 3PK PRICE","MANCHESTER T","Inventory","0.00"
"9735","HEINEKEN 6PK BOTTLE 12OZ","HDI","Inventory","24.00"
"9738","MERIT","NULL","Inventory","0.00"
"9739","FREIXENET EX DRY CORDON NEGRO 750ML","ALLAN S GOOD","Inventory","0.00"
"9740","DEEP EDDY VODKA SODA LEMON 4PK","UNKNOWN","Inventory","0.00"
"9744","SMUTTY","NULL","Inventory","0.00"
"9746","GUINNESS BALTIMORE BLONDE  6PK BOTTLE 12 OZ","A. GALLO","Inventory","0.00"
"9748","KILBEGGAN SINGLE GRAIN","NULL","Inventory","0.00"
"9751","PEELS & BLOSSOMS 4PK","UNKNOWN","Inventory","0.00"
"9753","SKYGAZER TITAN ONE 4PK","NULL","Inventory","0.00"
"9754","BASS SGL BTL.","ROGO","Inventory","0.00"
"9757","CIROC VODKA 1L","BRESCOME","Inventory","0.00"
"9758","ST IDES PASSION FRUIT 24 OZ","STAR","Inventory","0.00"
"9761","RETSINA BOUTARI 750ML","BRESCOME","Inventory","0.00"
"9763","CRAGGANMORE SCOTCH 12YR 750ML","BRESCOME","Inventory","0.00"
"9764","LONE PINE","NULL","Inventory","0.00"
"9765","JAC ANISETTE 750ML","UNKNOWN","Inventory","0.00"
"9767","SUTTER  HOME PINOT GRIGIO 1.5LT","CDI","Inventory","0.00"
"9768","RELIC DBL WHIM 4PK","NULL","Inventory","0.00"
"9769","ROCK ANGEL 750ML","UNKNOWN","Inventory","0.00"
"9773","PLANAT COGNAC 750ML","MONSIEUR T","Inventory","0.00"
"9774","TROPICANA RUBY RED GRAPEFRUIT 16 OZ","NULL","Inventory","0.00"
"9775","MAYNARD'S 10YR OLD WHITE","NULL","Inventory","0.00"
"9776","STONECAP CHARDONNAY","NULL","Inventory","0.00"
"9777","CABO WABO REPOSADO 750ML","HP","Inventory","0.00"
"9778","CAMEL MENTHOL  2PK","MTC","Inventory","0.00"
"9780","KETEL ONE BOTANICAL PEACH & ORANGE BLOSSOM VODKA SPRITZ 4PK CANS","BRESCOME","Inventory","8.00"
"9782","FAIRBANKS CREAM SHERRY 1.5 L","BRESCOME","Inventory","5.00"
"9784","JOSE GOLDEN MARGARITA 750ML (OLD)","EDER BROS","Inventory","0.00"
"9785","CAPTAIN MORGAN ORIGINAL SPICED RUM 375ML","NORTHEAST","Inventory","11.00"
"9786","SOBBI BLACK CHERRY","NULL","Inventory","0.00"
"9787","NIGHT SHIFT","NULL","Inventory","0.00"
"9788","SINGLE CUT 16OZ","NULL","Inventory","0.00"
"9791","NEIRANO PROSECCO 750ML","CDI","Inventory","0.00"
"9792","SANTA MARVISTA CAB.1.5L","HARTLEY PARKER","Inventory","0.00"
"9793","JACK'S ABBY SESSION IPA","NULL","Inventory","0.00"
"9794","BLUE CHAIR BAY BANANA RUM CREA","NULL","Inventory","0.00"
"9796","JOHNNIE WALKER RED 200ML","EDER BROS","Inventory","1.00"
"9797","MULTI VITAMIN","UNKNOWN","Inventory","0.00"
"9798","SANTA RITA 120 CABERNET 750ML","WORLD WIDE","Inventory","0.00"
"9799","GUNNER'S DAUGHTER MILK STOUT","NULL","Inventory","0.00"
"9800","FLORA SPRINGS MERLOT NAPA","WORLD WIDE","Inventory","0.00"
"9807","SINGLETON 12YR 750ML","CDI","Inventory","0.00"
"9808","BACARDI GOLD RUM 375ML","BRESCOME","Inventory","20.00"
"9809","VERAMONTE RED BLEND","NULL","Inventory","0.00"
"9810","CVB I'M","NULL","Inventory","0.00"
"9811","ESTATE CELLARS WHT.ZINF. 750ML","BRESCOME","Inventory","0.00"
"9813","ARROW CREME DE CACAO DARK-30","HARTLEY PARKER","Inventory","0.00"
"9816","KAJMIR VANILLA 50ML","BRESCOME","Inventory","0.00"
"9817","FLEUR DU CAP CHARDONNAY","WORLD WIDE","Inventory","0.00"
"9818","BALDUZZI CARMENERE","NULL","Inventory","0.00"
"9819","NEW AMSTERDAM VODKA 200ML","CDI","Inventory","3.00"
"9820","RUMPLE MINZE 750ML","MARTIGNETTI ","Inventory","0.00"
"9821","BLAST WATERMELON 24 OZ","STAR","Inventory","0.00"
"9822","REDWOOD CREEK PINOT NOIR","CDI MERCH-D","Inventory","0.00"
"9828","LUNETTA PROSECCO 750ML","NULL","Inventory","0.00"
"9829","SUN JUICE","NULL","Inventory","0.00"
"9832","SAILOR JERRY SPICED RUM 92 PROOF 1.75LT","BRESCOME","Inventory","4.00"
"9833","BLACKSTONE CABERNET SAUVIGNON 750ML","HARTLEY PARKER","Inventory","0.00"
"9834","MACON VILLAGES","NULL","Inventory","-1.00"
"9835","STEW. O.CREAM.4PK","UNKNOWN","Inventory","0.00"
"9837","MONGRANA 2014","NULL","Inventory","0.00"
"9839","SMIRNOFF VODKA 80 PROOF 200ML","EDER BROS","Inventory","41.00"
"9840","HANGAR ONE CITRON 750ML","HARTLEY PARKER","Inventory","0.00"
"9841","STAGG JR 750ML","NULL","Inventory","0.00"
"9842","ERISTOFF RED VODKA 750ML","BRESCOME","Inventory","0.00"
"9843","DOMINUS 1996","UNKNOWN","Inventory","0.00"
"9845","REGATTA TONIC 6PK","UNKNOWN","Inventory","0.00"
"9847","BOTTEGAVINAIA PINOT GRIGIO","UNKNOWN","Inventory","0.00"
"9848","LAN RIOJA CRIANZA RED","TOUTON MONSIEUR TOUTON SELECTION LTD","Inventory","3.00"
"9850","EMERILS WHITE WINE 750ML","BRESCOME","Inventory","0.00"
"9853","NEW HOLLAND MAD HATTER IPA 6PK 12 OZ","NULL","Inventory","0.00"
"9855","BLACK BOX CABERNET SAUVIGNON 3L","CDI","Inventory","8.00"
"9856","ST MICH ROSE","NULL","Inventory","0.00"
"9862","SORTILEGE","NULL","Inventory","0.00"
"9863","OSKAR TEN FIDY IMPERIAL STOUT 4PK 12 OZ","NULL","Inventory","0.00"
"9864","THE FAANCY 16OZ","NULL","Inventory","0.00"
"9865","SALMON CREEK CHARD. 1.5L","ALLAN S GOOD","Inventory","0.00"
"9866","P.I.N.K. 750ML","ALLAN S GOOD","Inventory","0.00"
"9867","HOWLER HEAD 50ML","UNKNOWN","Inventory","0.00"
"9870","GRAND MARNIER LIQUEUR 200ML","BRESCOME","Inventory","1.00"
"9871","SVEDKA VODKA 50 ML","EDER BROS","Inventory","120.00"
"9872","LITTLE BOOMEY SHI-CAB. 1.5L","CDI","Inventory","0.00"
"9873","FEUERHEED'S PORT","NULL","Inventory","0.00"
"9874","LEGENDE BORDEAUX BLANC","BRESCOME","Inventory","0.00"
"9877","COSMIC CIRCUS 6PK","NULL","Inventory","0.00"
"9878","PRESID. RUBY PORTO 750ML","BRESCOME","Inventory","0.00"
"9879","WESTWIND 750ML","NULL","Inventory","0.00"
"9880","99 BANANAS 50ML LIQUOR","EDER BROS","Inventory","0.00"
"9881","NEW HOLLAND BRAWING","NULL","Inventory","0.00"
"9882","SOMRUS INDIAN CREAM LIQUEUR","NULL","Inventory","0.00"
"9883","VICTORY MONKEY MYSTICAL VARIETY 12PK","NULL","Inventory","0.00"
"9884","SARANAC POMEG-WHEAT 6PK BTL.","STAR","Inventory","0.00"
"9885","BALLAST POINT 6PKS","NULL","Inventory","0.00"
"9886","TWO ROADS ROAD 2 RUIN DOUBLE IPA 12OZ 6PK BOTTLES","A. GALLO","Inventory","5.00"
"9888","VINITERRA RES. PINOT NOI 750ML","ACE DISTRIBUTING","Inventory","0.00"
"9889","BAYOU SILVER 50 ML","NULL","Inventory","0.00"
"9893","YELLOW TAIL CABERNET MERLOT 1.5 L","BRESCOME","Inventory","0.00"
"9894","TRULY BERRY VARIETY 12PK CAN 12 OZ","A. GALLO","Inventory","2.00"
"9896","LOUR LOKO","NULL","Inventory","0.00"
"9898","LTD 1.75L","UNKNOWN","Inventory","0.00"
"9900","STONEHAVEN CHARD. 750ML","UNKNOWN","Inventory","0.00"
"9901","CRUZAN  LIGHT DRY RUM 750ML","HARTLEY PARKER","Inventory","0.00"
"9902","P JOUET GRAND BRUT 750 ML","NULL","Inventory","0.00"
"9904","CHAMOLAIN","NULL","Inventory","0.00"
"9906","HACIENDA VIEJA REPOSADO 750ML","ACE DISTRIBUTING","Inventory","0.00"
"9907","AZUL PORTUGAL RED 750ML","NULL","Inventory","0.00"
"9909","LOVE CHILED","UNKNOWN","Inventory","0.00"
"9912","LIVING CELLAR BLUSH CHABLIS","CDI MERCH-D","Inventory","0.00"
"9913","BEER SINGLE","UNKNOWN","Inventory","0.00"
"9914","LUZON JUMILLA 2013","NULL","Inventory","0.00"
"9915","BRUICHLADDICH SCOTT BARLEY","NULL","Inventory","0.00"
"9916","BB BLOOD ORANGE IPA","NULL","Inventory","0.00"
"9919","KAHLUA RUM & COFFEE LIQUEUR1.75L","EDER BROS","Inventory","3.00"
"9921","OLD NEW ENG EGG NOG 750ML","NULL","Inventory","0.00"
"9922","SOL","NULL","Inventory","0.00"
"9924","EDGE CAB SAUV","NULL","Inventory","0.00"
"9925","SAM SEASONAL 12OZ SGL. BTL","FRANKLIN","Inventory","0.00"
"9926","DRYSACK SHERRY 750ML","UNKNOWN","Inventory","0.00"
"9927","STERLING VC PINOT NOIR 750ML","EDER BROS","Inventory","0.00"
"9929","ROBERT MONDAVI PRIVATE SELECTION CHARDONNAY 1.5 L","CDI","Inventory","14.00"
"9934","COSMO MARTINIS 750 ML","UNKNOWN","Inventory","0.00"
"9935","ARROW CREME DE STRAW. 1L","UNKNOWN","Inventory","0.00"
"9937","SMITH AND FORGE 12PK CAN 12 OZ","UNKNOWN","Inventory","0.00"
"9939","VAN GOGH ESPRESSO 750ML","EDER BROS","Inventory","0.00"
"9940","FULL MOONSHINE PETES MAPLE 750ML","NULL","Inventory","0.00"
"9941","TRIBUNO EXTRA DRY VERMOUTH 750ML","EDER BROS","Inventory","10.00"
"9943","TAVERNELLO VINO ROSSO 750ML","DICHELLO","Inventory","0.00"
"9945","FLOWER CHILD","NULL","Inventory","0.00"
"9946","MALIBU PINEAPPLE RUM 750ML","CDI","Inventory","0.00"
"9947","REGATTA CLUB SODA 6PK","UNKNOWN","Inventory","0.00"
"9948","SAPPORO PREMIUM BEER 22OZ CAN","A. GALLO","Inventory","20.00"
"9950","STEW.ROOT BEER 12OZ","UNKNOWN","Inventory","0.00"
"9951","WALNUT CREST MERLOT 750ML","BRESCOME","Inventory","0.00"
"9952","JOSE CUERVO TRADICIONAL REPOSADO TEQUILA 750ML","EDER BROS","Inventory","0.00"
"9953","MAY FLOWER PALE ALE 6PKS","NULL","Inventory","0.00"
"9954","SUBLIME RASPB. 6PK  BTL.","ROGO","Inventory","0.00"
"9957","KRAKEN BLACK SPICED RUM 750ML","BRESCOME","Inventory","1.00"
"9959","USA LT BOX 40C OFF","MTC","Inventory","0.00"
"9960","DETOUR IPA","NULL","Inventory","0.00"
"9961","STERLING VC MERITAGE 750ML","EDER BROS","Inventory","0.00"
"9962","WACHUSET LERRY","NULL","Inventory","0.00"
"9965","LA VILLA VENTO PIN GRI.1.5L","HARTLEY PARKER","Inventory","0.00"
"9966","BATTLE CRY","NULL","Inventory","0.00"
"9967","TAYLOR SHERRY DRY 750ML","CDI","Inventory","2.00"
"9970","MARTINI & ROSSI SWEET VERMOUTH 750ML","BRESCOME","Inventory","5.00"
"9971","CORONA EXTRA 12PK CAN 12 OZ","A. GALLO","Inventory","0.00"
"9974","PBR SING CAN","NULL","Inventory","0.00"
"9975","AVERNA AMARO SICILIANO 750ML","BRESCOME","Inventory","5.00"
"9976","NOROIS TROIS POM. 375ML","UNKNOWN","Inventory","0.00"
"9977","BBC  LOST SILOR I.P.A 64 OZ","NULL","Inventory","0.00"
"9978","LORD HOBO","NULL","Inventory","0.00"
"9981","BAXTER 4PKS","NULL","Inventory","0.00"
"9982","BROTTE LES HAUTS DE BARVILLE CHATEAUNEUF_DU_PAPE RED 750ML","TOUTON MONSIEUR TOUTON SELECTION LTD","Inventory","9.00"
"9985","BLACK LAB 1LITER","NULL","Inventory","0.00"
"9987","BLACKSTON RES.PINOT NOIR 750ML","HARTLEY PARKER","Inventory","0.00"
"9988","PEPPERWOOD GROVE PINOT NIOR 750ML","HARTLEY PARKER","Inventory","0.00"
"9989","LA VILLA PROSEECCO 750ML","NULL","Inventory","0.00"
"9991","HENRIOT BLANC DE BLANC","NULL","Inventory","0.00"
"9992","MALIBU RUM MELON 750ML","CDI","Inventory","0.00"
"9993","CONEY ISLAND 12PKS","NULL","Inventory","0.00"
"9994","19 CRIMES THE BANISHED DARK RED WINE 750ML","EDER BROS","Inventory","6.00"
"9996","EXCLUSIV RED BERRY 1.75L","CDI MERCH-D","Inventory","0.00"
"10000","MACMURRAY PINOT NOIR CC 750ML","CDI MERCH-D","Inventory","0.00"
"10001","CORONA PREMIER  6PK BOTTLE","A. GALLO","Inventory","0.00"
"10002","TWO RANGE RED BLAND","NULL","Inventory","0.00"
"10003","MIDORI MELON LIQUEUR 750ML","BRESCOME","Inventory","0.00"
"10006","BASIL HAYDEN 8 YRS BOURBON WHISKEY 750ML","BRESCOME","Inventory","4.00"
"10007","MON FRERE CHARDONNAY","BRESCOME","Inventory","0.00"
"10009","PELIGROSO ANEJO 750ML","NULL","Inventory","0.00"
"10015","STONE","NULL","Inventory","0.00"
"10017","JOOSE JUNGLE JOOSE MALT 24OZ","STAR","Inventory","0.00"
"10018","ARBOR MIST STRAW - WHITE ZINFANDEL POUCH 10 OZ","BRESCOME","Inventory","0.00"
"10020","LA PINTA POMEGRANATE TEQUILA","NULL","Inventory","0.00"
"10021","BAREFOOT SPRITZER CRISP WHITE 250ML 4PK CAN","CDI","Inventory","20.00"
"10022","BEER SINGLE","NULL","Inventory","0.00"
"10024","SMUTTYNOSE IPA 6PK","NULL","Inventory","0.00"
"10027","SEAN MINOR 4B PINOT NOIR 750ML","NULL","Inventory","0.00"
"10030","ENV FEES 10NIPS","NULL","Inventory","0.00"
"10031","WELLSLEY SELTZER 1L","UNKNOWN","Inventory","0.00"
"10032","CHRISTAIN BROS EGG NOG","HARTLEY PARKER","Inventory","0.00"
"10033","IMAGERY PINOT NOIR","NULL","Inventory","0.00"
"10034","MILAGRO SILVER 1.75L","UNKNOWN","Inventory","0.00"
"10035","SANTIAGO QUEIROLO MALBEC 750ML","NULL","Inventory","0.00"
"10036","BB","NULL","Inventory","0.00"
"10037","COLLECTIVE ART","NULL","Inventory","0.00"
"10038","EVERFRESH PINEAPPLE JUICE 16 OZ","MTC","Inventory","0.00"
"10040","CRUZAN  BLACK CHERRY RUM 750ML","NULL","Inventory","0.00"
"10042","POPOV CHERRY VODKA 1.75L","BRESCOME","Inventory","0.00"
"10043","MIKES HARDER STRAWBERRY PINEAPPLE 24OZ","A. GALLO","Inventory","14.00"
"10044","MILLER LITE CAN 12PK 12 OZ","A. GALLO","Inventory","15.00"
"10046","TUSCANY FULL FLAVOR 100S","MANCHESTER T","Inventory","0.00"
"10047","RELIC THE WHIM","NULL","Inventory","0.00"
"10051","CK MONDAVI SAUVIGNON BLANC 1.5LT","CDI","Inventory","0.00"
"10053","LIFE ON MAAZEN 6PK","UNKNOWN","Inventory","0.00"
"10054","BERINGER MAIN & VINE WHITE ZINFANDEL 1.5LT","EDER BROS","Inventory","8.00"
"10055","PIMIJUICE ENERGY DRINK","NORTHEAST","Inventory","0.00"
"10056","NOILLY PRAT SWEET VERMOUTH ROUGE 750ML","BRESCOME","Inventory","0.00"
"10057","H.HOUSE DAIQ 1L.","UNKNOWN","Inventory","0.00"
"10058","ATTECA GARNACHA","NULL","Inventory","0.00"
"10059","SHOCK TOP BELGIAN WHITE 12PK 25 OZ","NULL","Inventory","0.00"
"10062","DREAMING TREE CABERNET SAUVIGNON","NULL","Inventory","0.00"
"10063","WINE OPENER WRAP A ART","NULL","Inventory","-1.00"
"10065","MR.BOSTON COFFEE FLAVOURED BRANDY 1.75LT","BRESCOME","Inventory","0.00"
"10067","HARMITTHURSH","NULL","Inventory","0.00"
"10070","JOSH PINOT GRIGIO 750ML","CDI","Inventory","12.00"
"10071","SUBSIDIO RED BLEND 750ML","NULL","Inventory","0.00"
"10072","MONARCH MENTHOL 100","MTC","Inventory","0.00"
"10073","SOUTHERN TIER 12PK","NULL","Inventory","0.00"
"10075","ST GERMAIN ELDERFLOWER LIQUER 375ML","CDI","Inventory","1.00"
"10076","BLUE PO.BLUEBERRY ALE 6PK BTL.","DICHELLO","Inventory","0.00"
"10077","MAIPE MALBEC","NULL","Inventory","0.00"
"10078","SHIELD 100BOX","MTC","Inventory","0.00"
"10080","SHOCK","NULL","Inventory","0.00"
"10082","CHAT. TRONOUOY LALANDE 750ML","MONSIEUR T","Inventory","0.00"
"10084","BALLAST POINT PINEAPPLE SCULPIN 12 OZ","NULL","Inventory","0.00"
"10088","FRESH STRAWBERRY ROSE","UNKNOWN","Inventory","0.00"
"10089","INKARRI","UNKNOWN","Inventory","0.00"
"10090","GRAND  MARNIER 50ML","MARTIGNETTI ","Inventory","2.00"
"10092","RELIC","NULL","Inventory","0.00"
"10095","B.HOG SINGLE GOSE","NULL","Inventory","0.00"
"10097","BV COASTAL SHIRAZ WINE 750ML","BRESCOME","Inventory","0.00"
"10100","CAPTAIN MORGAN SPICED RUM 1.75L","NORTHEAST","Inventory","16.00"
"10103","ROUND HILL CABERNET","EDER BROS","Inventory","0.00"
"10104","SAM ADAMS CHERRY 6 PK BOTTLE","A. GALLO","Inventory","6.00"
"10107","SANTA RITA CHARDONNAY 750ML","UNKNOWN","Inventory","0.00"
"10110","SUNDIAL MERLOT 1.5L","ALLAN S GOOD","Inventory","0.00"
"10111","KWV CHARD 750ML","NULL","Inventory","0.00"
"10112","MONGRANA 2009","NULL","Inventory","0.00"
"10114","ANISETTE MATHILDE 375ML","UNKNOWN","Inventory","0.00"
"10116","BR COHN SILVER SONOMA PINOT NOIR","NULL","Inventory","0.00"
"10117","TINTO NEGRO MALBAC","NULL","Inventory","0.00"
"10118","BAXTER","NULL","Inventory","0.00"
"10120","BROOKLYN LAGER 12PKS","NULL","Inventory","0.00"
"10121","TWISTED TEA PEACH 12 0Z 6 PK BOTTLE","A. GALLO","Inventory","1.00"
"10125","SMUTTYNOSE PALE ALE 6PKS","NULL","Inventory","0.00"
"10126","OLD FORESTER 1920 PROHIBITION STYLE 115 PROOF BOURBON WHISKEY 750ML","EDER BROS","Inventory","2.00"
"10127","GALLO CAFE ZINFANDEL 750ML","CDI MERCH-D","Inventory","0.00"
"10128","BARCELO BLANCO","SLOCUM & SONS INC","Inventory","0.00"
"10132","FREI BROTHERS PINOT NIOR 750ML","NULL","Inventory","0.00"
"10136","DEPOSIT    60 CENTS","UNKNOWN","Inventory","0.00"
"10138","MENAGE A TROIS SILK SOFT RED WINE BLEND","CDI","Inventory","0.00"
"10139","FUNK STOUT","UNKNOWN","Inventory","0.00"
"10141","ABSOLUT VODKA 375ML","MARTIGNETTI ","Inventory","20.00"
"10143","SUNTORY HIBIKI 750ML","HP","Inventory","18.00"
"10144","BUKOFF VODKA 750ML","HARTLEY PARKER","Inventory","0.00"
"10145","HIGH WEST RENDEZVOUS RYE WHISKEY 750ML","EDER BROS","Inventory","1.00"
"10146","PENDERYN MALT 92PROOF  750ML","BRESCOME","Inventory","0.00"
"10149","OZEKI SAKE HANA-AWAKA SPARK 12PK","HARTLEY PARKER","Inventory","0.00"
"10151","EVERFRESH CRANBERRY 64OZ","UNKNOWN","Inventory","0.00"
"10152","TISDALE SHIRAZ","CDI MERCH-D","Inventory","0.00"
"10157","HOP NOSH 6PKS","NULL","Inventory","0.00"
"10161","BEER SINGLE","NULL","Inventory","0.00"
"10162","CHIVAS REGAL SCOTCH WHISKEY 12YR 1.75LT","CDI","Inventory","4.00"
"10163","THOMAS HOOKER DOUBLE CHILL STRAWBERRY LEMONADE CBD SELTZER  16OZ 4PK CANS","HDI","Inventory","0.00"
"10165","MALIBU ORANGE FLOAT","NULL","Inventory","0.00"
"10167","TOM GORE CHARDONNAY 750 ML","NULL","Inventory","0.00"
"10170","KENT FALL","UNKNOWN","Inventory","0.00"
"10171","MARQUES DE CACERES RIOJA  CRIANZA RED 750ML","BRESCOME","Inventory","17.00"
"10173","HOOKER PULPED 4PK","NULL","Inventory","0.00"
"10176","JOSEPH CARR CABERNET SAUVIGNON PASO ROBLES","NULL","Inventory","0.00"
"10177","THIMBLE ISLAND GHOST ISLAND DBL IPA 6PK BEER","NORTHEAST","Inventory","0.00"
"10178","NORBROOK FARM BIRTHDAY IPA","NULL","Inventory","0.00"
"10179","CALINA MERLOT 750ML","CDI","Inventory","0.00"
"10182","RELIC","NULL","Inventory","0.00"
"10184","RELIC IMPIRIAL STOUT","NULL","Inventory","0.00"
"10185","BAREFOOT CABERNET SAUVIGNON 750ML","CDI","Inventory","13.00"
"10186","MAKERS MARK BOURBON 200ML","BRESCOME","Inventory","3.00"
"10188","PEAK SOUR CHERRY","NULL","Inventory","0.00"
"10190","TROPICANA ORANGE JUICE 32 OZ","STAR","Inventory","0.00"
"10191","FALESCO MONTIANO 750ML","UNKNOWN","Inventory","0.00"
"10195","MOUNTAIN DEW BOTTLE 20 OZ","UNKNOWN","Inventory","0.00"
"10196","CANTINA ZACCAGNINI ROSE","UNKNOWN","Inventory","0.00"
"10198","BROOKLYN","NULL","Inventory","0.00"
"10199","SINGLE CUT 4PK","NULL","Inventory","0.00"
"10200","SOUTHERN TEAR 2XIPA","NULL","Inventory","0.00"
"10204","TURNING LEAF CHARDONNAY 1.5L","NULL","Inventory","0.00"
"10207","TALUS MERLOT 1.5L","BRESCOME","Inventory","0.00"
"10208","COORS LIGHT CAN 12PK 12 OZ","A. GALLO","Inventory","21.00"
"10209","METAXA OUZO 750ML","UNKNOWN","Inventory","1.00"
"10210","ODOULS NON ALCHOLIC BEER 6PK BOTTLES","HDI","Inventory","0.00"
"10211","LIMBO IPA 6PKS","NULL","Inventory","0.00"
"10212","COLLECTIVE ART NO 7","NULL","Inventory","0.00"
"10213","HIRAM WALKER PEPPERMINT SCHNAPPS 750ML","EDER BROS","Inventory","2.00"
"10215","KANGAROO RIDGE SHIRAZ 750ML","NULL","Inventory","0.00"
"10216","SOUR GREEN APPLE  CAN 12/23.5Z","STAR","Inventory","0.00"
"10217","FRESCOBALDI REMOLE 750ML","NULL","Inventory","0.00"
"10219","CARMAL WHIPPED CREAM 375ML","HARTLEY PARKER","Inventory","0.00"
"10220","LAYA  RED BLEND ALMANSA 750ML","SLOCUM & SONS INC","Inventory","0.00"
"10221","BARON HERZOG 750ML","NULL","Inventory","0.00"
"10222","WILD MOON LIME","UNKNOWN","Inventory","0.00"
"10223","STERLING  VC CAB 750ML","EDER BROS","Inventory","0.00"
"10226","NARROGANSETT LIGHT 6PKS","UNKNOWN","Inventory","0.00"
"10227","ESTRELLA RIVER CABERNET SAUVIGNON 1.5LT","MARTIGNETTI ","Inventory","6.00"
"10228","HAHN ESTATE CABERNET SAUVIGNON 750ML","OPICI","Inventory","0.00"
"10229","POINT 6PKS","NULL","Inventory","0.00"
"10230","YELLOW TAIL SHIRAZ 750ML","BRESCOME","Inventory","10.00"
"10231","LE FAT BASTARD CHARDONNAY 1.5L","Winebow, Inc.","Inventory","-4.00"
"10232","SMOKING LOON CABERNET SAUVIGNON","BRESCOME","Inventory","0.00"
"10233","NOBLE VINES 446 CHARDONNAY 750ML","HARTLEY PARKER","Inventory","0.00"
"10234","UNKNOWN ITEM WITH CODE 089540190143","NULL","Inventory","0.00"
"10235","IL POGGIONE ROSSO DI MONTALCINO","NULL","Inventory","0.00"
"10237","ROKK VODKA 50ML","CDI","Inventory","0.00"
"10239","TECATE LAGER 12PK 12 OZ CANS","NORTHEAST","Inventory","0.00"
"10242","MAN VINTNERS CHARDONNAY 750ML","NULL","Inventory","0.00"
"10243","BAGUERI SAU.BLANC 750ML","UNKNOWN","Inventory","0.00"
"10244","CHATEAU STE MICHELLE CHARDONNAY 750ML","EDER BROS","Inventory","0.00"
"10245","GIRARD CABERNET SAUVIGNON 13/14/15","UNKNOWN","Inventory","0.00"
"10246","ROOT BEER","NULL","Inventory","0.00"
"10247","REGALEALI ROSSO 750ML","UNKNOWN","Inventory","0.00"
"10248","HONEY BROWN BOTTLE 12PK BOTTLE 12 OZ","G & G BEVERAGE DIST","Inventory","0.00"
"10249","NAMMY NAMMY 160Z","NULL","Inventory","0.00"
"10250","BOGLE SAUVIGNON BLANC 750ML","CDI","Inventory","14.00"
"10256","MARIE BRI P.W.750ML","UNKNOWN","Inventory","0.00"
"10261","GALLO  SWEET RED 1.5 L","CDI MERCH-D","Inventory","0.00"
"10264","CLOVELY CHARDONNAY 750ML","UNKNOWN","Inventory","0.00"
"10265","COLLECTIVE ART GOSE","NULL","Inventory","0.00"
"10271","EVIL TWIN LEMON MER 4PK","NULL","Inventory","0.00"
"10274","ARBOR MIST MIXED BERRY P NOIR 1.5 L","BRESCOME","Inventory","0.00"
"10275","MDW EARTHQUAKE CABERNET SAUVIGNON 750ML","CDI","Inventory","0.00"
"10278","NORBROOK BIKER QUINN 4PK","NULL","Inventory","0.00"
"10280","OMMEGANG","NULL","Inventory","0.00"
"10281","MONTAGNY 1 CRU 750ML","UNKNOWN","Inventory","0.00"
"10284","CIROC RED BERRY","BRESCOME","Inventory","0.00"
"10288","SHOCK TOP BELGIAN WHITE 6PK 12 OZ","HDI","Inventory","-3.00"
"10291","MYERS RUM 1.75L","NULL","Inventory","1.00"
"10292","SMIRNOFF 50ML PINEAPPLE","EDER BROS","Inventory","0.00"
"10295","FINLANDIA VODKA 50 ML","EDER BROS","Inventory","0.00"
"10297","JOOSE J FRUIT PUNCH 12/23.5","NULL","Inventory","0.00"
"10300","HEALDSB. CAB.SAU.750ML","UNKNOWN","Inventory","0.00"
"10303","ROOT 1 PINOT NOIR","NULL","Inventory","0.00"
"10305","PUCELA TEMPR. CAU-SAU. 750ML","MONSIEUR T","Inventory","0.00"
"10306","PENFOLDS CABERNET SAUVIGNON 750ML","NULL","Inventory","0.00"
"10309","NEWBURGH JUICE BOSS","NULL","Inventory","0.00"
"10310","GORDON'S LONDON DRY GIN 375ML","MARTIGNETTI ","Inventory","4.00"
"10311","CRUZAN ESTATE LIGHT 750ML","NULL","Inventory","0.00"
"10315","BARTENDERS KICK-ASS MUDSLIDE 12PK","HARTLEY PARKER","Inventory","0.00"
"10316","MARGRITA","NULL","Inventory","0.00"
"10317","DEPOSIT   5 CENT","UNKNOWN","Inventory","0.00"
"10318","LAYER CAKE BOURBON BARREL CABERNET SAUVIGNON","CDI","Inventory","9.00"
"10319","SOLO","NULL","Inventory","0.00"
"10320","DEKU.RASPBE.PUCKER 200ML","BRESCOME","Inventory","0.00"
"10321","TITOS VODKA 1L","MARTIGNETTI ","Inventory","27.00"
"10322","PEAK ORGANIC AUTUMN IPA 6PK","G & G BEVERAGE DIST","Inventory","0.00"
"10323","BRICCOTONDO","NULL","Inventory","0.00"
"10325","SOUTHERN TIER PUMKING ALE 4PK","NULL","Inventory","0.00"
"10326","CALINA CAB.SAU. 750ML","CDI","Inventory","0.00"
"10330","JIM BEAM DOUBLE OAK 750ML","NULL","Inventory","0.00"
"10331","MARGARITAVILLE LEMONADE 6PK","DICHELLO","Inventory","0.00"
"10332","GRIMBERGEN DOUBLE 6PKS","NULL","Inventory","0.00"
"10333","J & B SCOTCH 375ML","MARTIGNETTI ","Inventory","0.00"
"10334","HAMLET OF HEATHENS 4PK","UNKNOWN","Inventory","0.00"
"10335","SOBIESKI BLACK CHERRY 1LITER","NULL","Inventory","0.00"
"10336","CANDONI CHIANTI 1.5 L","MARTIGNETTI ","Inventory","-6.00"
"10337","EVERFRESH CRANBERRY 16 OZ","MTC","Inventory","0.00"
"10338","VINEDAS DE ORIGEN 750ML","NULL","Inventory","0.00"
"10339","KALI BERRY 16OZ","UNKNOWN","Inventory","0.00"
"10341","BLACKSTONE CHARD. 1.5L","HARTLEY PARKER","Inventory","0.00"
"10347","VIZZY 24OZ","UNKNOWN","Inventory","0.00"
"10348","GERARD BERTRAND SAUVIGNON BLANC PERLES","NULL","Inventory","0.00"
"10349","CYT GRAN RESERVA CARMENERE 6PK","NULL","Inventory","0.00"
"10350","RAMOS PINTO PORTO TAWNY 750ML","UNKNOWN","Inventory","0.00"
"10351","FANTA ORANGE 12 OZ CAN","NULL","Inventory","0.00"
"10352","TRULY TROPICAL 12PK 12 OZ","A. GALLO","Inventory","0.00"
"10353","HIRAM WALKER CREME DE MENTHE WHITE 750ML","EDER BROS","Inventory","1.00"
"10354","JACOB'S CREEK CAB.SAUV1.5L","NULL","Inventory","0.00"
"10355","E & J CASK & CREAM CARAMEL 375","CDI MERCH-D","Inventory","0.00"
"10357","DOMAINE BOUSQUET MALBEC ORGANIC WINE 750ML","CDI","Inventory","18.00"
"10358","CAMEL BLUE LIGHT BOX","MANCHESTER T","Inventory","22.00"
"10360","LB NOVAL PORTO 750ML","UNKNOWN","Inventory","0.00"
"10361","ARBOR MIST ISLAND FRUITS PINOT GRIGIO 1.5L","BRESCOME","Inventory","0.00"
"10362","BROCKMANS GIN 750ML","NULL","Inventory","0.00"
"10363","HEAVY SEAS SUNKEN SAMPLER 12 OZ","STAR","Inventory","0.00"
"10364","TANQUERAY GIN 200ML","BRESCOME","Inventory","2.00"
"10366","BLACK SWAN CAB-SAU.750ML","CDI MERCH-D","Inventory","0.00"
"10367","BRECKENRIDGE PX CASK FINISH 750ML","ALLAN S GOOD","Inventory","0.00"
"10368","MULE VARIETY","UNKNOWN","Inventory","0.00"
"10371","SEAGRAMS 7 CROWN 50 ML","CDI","Inventory","0.00"
"10372","ABERFELDY 12YR SCOTCH 750ML","CDI","Inventory","2.00"
"10374","WEYERBACHER BLITHERING IDIOT 12 OZ","NULL","Inventory","0.00"
"10376","CANADIAN CLUB 50 ML","BRESCOME","Inventory","5.00"
"10377","BACARDI SUPERIOR WHITE RUM 200ML","EDER BROS","Inventory","4.00"
"10378","SIXPOINT PARTY POPPERS","NULL","Inventory","0.00"
"10379","LIONS HEAD","NULL","Inventory","0.00"
"10380","ARUMA MALBAC","NULL","Inventory","0.00"
"10381","CHLOE PROSECCO 750ML","NULL","Inventory","0.00"
"10384","ARTIC VODKA &STRA.FRU.750ML","UNKNOWN","Inventory","0.00"
"10387","THE LITTLE PENGUIN SHIRAZ 1.5 L","CDI","Inventory","0.00"
"10389","GNARLY HEAD 1924 RED BLEND","NULL","Inventory","0.00"
"10390","CITRA PINOT NOIR 1.5L","WORLD WIDE","Inventory","0.00"
"10391","STEW.ROOT BEER 4PK","UNKNOWN","Inventory","0.00"
"10392","TROGS 6PKS","NULL","Inventory","0.00"
"10393","JACQUINS.W.C.750ML","UNKNOWN","Inventory","0.00"
"10394","MGD 12OZ 18PK CAN","ROGO","Inventory","0.00"
"10396","HOWLER HEAD BANANA BOURBON 750ML","UNKNOWN","Inventory","0.00"
"10397","REBEL YELL 1.75L","ALLAN S GOOD","Inventory","0.00"
"10400","TOMMY BAHAMA GOLDEN RUM 750ML","BRESCOME","Inventory","0.00"
"10401","GLENFIDDICH 12YR  SINGLE MALT SCOTCH WHISKEY 750ML","CDI","Inventory","1.00"
"10402","B&J THE ORIGINAL 4PK","CDI MERCH-D","Inventory","0.00"
"10406","JACQUINS CHERRY 750 ML","UNKNOWN","Inventory","0.00"
"10407","CHRISTIAN BROTHERS BRANDY 1.75L","EDER BROS","Inventory","6.00"
"10409","ROLING R 12OZ SGL. BTL","FRANKLIN","Inventory","0.00"
"10411","MUMM NAPA CUVEE M 750ML","CDI","Inventory","0.00"
"10412","CELLAR 8 MERLOT 750ML","EDER BROS","Inventory","0.00"
"10415","ARNOLD PALMER SPIKED HALF & HALF 12 OZ 12 PK CAN","A. GALLO","Inventory","0.00"
"10418","FOREST GLEN CAB SAUV","BRESCOME","Inventory","0.00"
"10419","JOSE CUERVO RESERVA DE LA FAMILIA 750ML","UNKNOWN","Inventory","0.00"
"10420","CORONITA EXTRA 24 PK 7 OZ","STAR","Inventory","0.00"
"10423","N&N BRANDING IRON CABERNET SAUVIGNON 14 6PK","NULL","Inventory","0.00"
"10426","MONGRANA","NULL","Inventory","0.00"
"10428","SALZER VARIETY","NULL","Inventory","0.00"
"10430","SCUOLA TOSCANA 2006","NULL","Inventory","0.00"
"10431","FUNKY BOW 6PKS","NULL","Inventory","0.00"
"10432","SLOW&RYE","NULL","Inventory","0.00"
"10434","STONY CREEK KOI BIRD","NULL","Inventory","0.00"
"10436","TAVERNELLO PINOT GRIGIO 1.5L","DICHELLO","Inventory","0.00"
"10437","GUIGAL CHATE.DU.PAP. 750ML","MONSIEUR T","Inventory","0.00"
"10438","PIEDRA AZUL REPOSADO 750ML","NULL","Inventory","0.00"
"10439","PADDY OLD IRISH WHISKEY 750ML","NULL","Inventory","0.00"
"10440","BALLAST POINT SCULPIN CAN 12 OZ","NULL","Inventory","0.00"
"10442","CIROC SUMMER  WATERMELON VODKA 750ML","NULL","Inventory","0.00"
"10443","STARBUCKS COFFEE LIQUER 750","CDI","Inventory","0.00"
"10444","OMMEGANG 6PKS IPA","NULL","Inventory","0.00"
"10445","SCHLITZ 40OZ BTL","G & G BEVERAGE DIST","Inventory","0.00"
"10446","LE PINOT NOIR DE LATOUR 750ML","MONSIEUR T","Inventory","0.00"
"10447","BUD LIGHT CAN 2/12PK 12 OZ","HDI","Inventory","13.00"
"10451","CABRITO REPOSADO 1.75","HARTLEY PARKER","Inventory","0.00"
"10452","AVALON LODI CABERNET SAUVIGNON 750ML","BRESCOME","Inventory","2.00"
"10456","HESS SELECT CABERNET SAUVIGNON 750ML","CDI","Inventory","32.00"
"10459","TROUT RIVER CHOCLATE 6PK BTL.","ARKO LLC","Inventory","0.00"
"10460","ORPHAN BARREL FABLE AND FOLLY 14YR WHISKEY 750ML","UNKNOWN","Inventory","0.00"
"10462","HARTLEY BRANDY 375ML","NULL","Inventory","0.00"
"10463","CUPCAKE SAUVIGNON BLANC 750ML","EDER BROS","Inventory","27.00"
"10464","Q TONIC","NULL","Inventory","0.00"
"10465","DEKUYPER CR DE BANANA 750ML","BRESCOME","Inventory","0.00"
"10466","UNKNOWN ITEM WITH CODE 8585970102","BRESCOME","Inventory","0.00"
"10469","THIMBLE ISLAND RUBY TART BLONDE ALE","NULL","Inventory","0.00"
"10471","LULU B.PINOT GRIGIO 750ML","EDER BROS","Inventory","0.00"
"10472","BULLY BOY OLD FASHIONED 750ML","NULL","Inventory","0.00"
"10476","SINGLE CUT","NULL","Inventory","0.00"
"10477","MIDNIGHT MOON STRAWBERRY 750ML","CDI","Inventory","0.00"
"10479","DUVEL","NULL","Inventory","0.00"
"10487","LIGHTER","UNKNOWN","Inventory","0.00"
"10490","THE DEN","NULL","Inventory","0.00"
"10491","BERBERANA DRAG. 750ML","UNKNOWN","Inventory","0.00"
"10492","DISARONNO AMARETTO 375ML","BRESCOME","Inventory","2.00"
"10493","ORLEANS HILL 750ML","NEW ENGLAND","Inventory","0.00"
"10494","SALMON CREEK MERLOT 1.5L","ALLAN S GOOD","Inventory","0.00"
"10495","S6005700163","UNKNOWN","Inventory","0.00"
"10496","TUNNEL VISION","UNKNOWN","Inventory","0.00"
"10499","TAYLOR PORT 3L","UNKNOWN","Inventory","0.00"
"10500","GUNISS LAGER","NULL","Inventory","0.00"
"10501","EL ZARCO SILVER","BRESCOME","Inventory","0.00"
"10502","MIRVAL ROSE","NULL","Inventory","0.00"
"10507","YUENGLING LAGER 24OZ CAN","A. GALLO","Inventory","14.00"
"10508","BAROSSASPIRES SHIRAZ750ML","HARTLEY PARKER","Inventory","0.00"
"10510","HOP RUITER","NULL","Inventory","0.00"
"10516","WOLAVER'S OATMEAL STOUT 6PK BT","G & G BEVERAGE DIST","Inventory","0.00"
"10517","TITOS VODKA 750ML","MARTIGNETTI ","Inventory","23.00"
"10521","LOBSTER REEF SAU.BLANC","NULL","Inventory","0.00"
"10522","ED HARDY RED SANGRIA 750 ML","OPICI","Inventory","0.00"
"10523","BLUE POINT SAMPLER","NULL","Inventory","0.00"
"10526","MENDOZA MALBEC","UNKNOWN","Inventory","0.00"
"10527","RASCAL PINOT NOIR","NULL","Inventory","0.00"
"10528","TRIVENTO GOLDEN RESERVE MALBEC 14/15  6 PACK","NULL","Inventory","0.00"
"10529","VERAMONTE CABERNET SAUVIGNON","BRESCOME","Inventory","0.00"
"10531","DEEN CHARDONNAY  750ML","UNKNOWN","Inventory","0.00"
"10534","B.R. COHN CABERNET SAUVIGNON 750","NULL","Inventory","0.00"
"10536","BLACK & MILD JAZZ SINGLE","NULL","Inventory","0.00"
"10537","BALLAST POINT GRAPEFRUIT SCULPIN 12 OZ","NULL","Inventory","0.00"
"10538","ARROW SUPER PPRMNT SCHNAPPS PL","BRESCOME","Inventory","0.00"
"10539","SMALL 471 BATCH","NULL","Inventory","0.00"
"10540","E&J BRANDY XO 750ML","CDI","Inventory","1.00"
"10541","HALF FULL BRIGHT BLONDE ALE 6PK CAN","A. GALLO","Inventory","3.00"
"10542","GIFT CARD","UNKNOWN","Inventory","0.00"
"10543","DEKUYPER BUTTERSHOT 50ML","BRESCOME","Inventory","0.00"
"10546","SUTTERHOME PINOT GRIGIO TETRA PACK 500ML BOX","CDI","Inventory","0.00"
"10547","YOUNG BRUTE BLAND","NULL","Inventory","0.00"
"10549","COORS LIGHT CAN 30PK 12 OZ","A. GALLO","Inventory","342.00"
"10551","VAN GOGH DUTCH CARAMEL 750ML","EDER BROS","Inventory","0.00"
"10552","LEROUX PEPPERMINT SCHNAPPS 100 PROOF 375ML","CDI","Inventory","24.00"
"10553","STEENBERG SAUVIGNONBLANC 750ML","MONSIEUR T","Inventory","0.00"
"10555","EVERFRESH PINEAPPLE 32OZ","NULL","Inventory","0.00"
"10558","CALICO JACK MANGO RUM 1.75L","NULL","Inventory","0.00"
"10561","REVISION CITRA CITY","NULL","Inventory","0.00"
"10563","BRECKENRIDGE OATMEAL STOUT","NULL","Inventory","0.00"
"10564","RUBY RED GREAPFRUIT JUICE","UNKNOWN","Inventory","0.00"
"10567","DEKUYPER PUCKER GRAPE 750ML","BRESCOME","Inventory","0.00"
"10568","LIVINGSTON RHINE 3L","CDI MERCH-D","Inventory","0.00"
"10572","PINCH 15YR SCOTCH 1.75L","BRESCOME","Inventory","0.00"
"10574","DUET WHITE DRY WINE 750ML","NULL","Inventory","0.00"
"10577","RAVENSWOOD CABERNET SAUVIGNON VINT 750ML","BRESCOME","Inventory","0.00"
"10578","OMEGANG NEON RAINBOWS","UNKNOWN","Inventory","0.00"
"10579","COLLECTIVE ART GOSE","NULL","Inventory","0.00"
"10580","CORN HEAD IPA 6PK","UNKNOWN","Inventory","0.00"
"10581","ORACLE SAU.BLANC 750ML","MONSIEUR T","Inventory","0.00"
"10582","RASBERRY ICED TEA","UNKNOWN","Inventory","0.00"
"10585","KENWOOD CHARDONNAY 750ML","CDI","Inventory","0.00"
"10586","NATHANSON CREEK 750ML","NULL","Inventory","0.00"
"10588","ARROW TRIPLE SEC","ALLAN S GOOD","Inventory","0.00"
"10589","BLACK OPAL CHARDONNAY 750ML","HARTLEY PARKER","Inventory","0.00"
"10590","WOODFORD RESERVE BOURBON 200ML","EDER BROS","Inventory","40.00"
"10591","BEER SINGLE","NULL","Inventory","0.00"
"10592","KOOL 2PK BOX","MANCHESTER T","Inventory","0.00"
"10593","GREAT NORTH 6PKS","NULL","Inventory","0.00"
"10594","GUNISS","NULL","Inventory","0.00"
"10596","BEER SINGLE","NULL","Inventory","0.00"
"10597","ITHICA","UNKNOWN","Inventory","0.00"
"10598","HIRAM WALKER TRIPLE SEC 60PROOF 750ML","EDER BROS","Inventory","3.00"
"10601","KOONUNGA HILL CAB.SAUV 750ML","NULL","Inventory","0.00"
"10602","GREEN TRUCK CHARDONNAY","UNKNOWN","Inventory","0.00"
"10603","DEKUYPER PEACHTREE SCHNAPPS 750ML","BRESCOME","Inventory","4.00"
"10607","DOMAIN CATON CAB.SAU. 1.5L","MONSIEUR T","Inventory","0.00"
"10611","JOHNNIE WALKER BLACK 375ML","EDER BROS","Inventory","2.00"
"10615","UNDURRAGA MERLOT 750ML","UNKNOWN","Inventory","0.00"
"10616","KETEL ONE CITROEN VODKA 750ML","BRESCOME","Inventory","3.00"
"10618","OSKAR BLUES GUBNA IMPERIAL IPA 4PK CAN 12 OZ","NULL","Inventory","0.00"
"10620","SWEET WATER","NULL","Inventory","0.00"
"10621","STONNY VARIETY 12PK","UNKNOWN","Inventory","0.00"
"10622","LUCENTE TOSCANA","NULL","Inventory","0.00"
"10625","LATOUR CHARD  750ML","MONSIEUR T","Inventory","0.00"
"10626","LORD CALVERT CANADIAN WHISKY 200ML","HARTLEY PARKER","Inventory","0.00"
"10628","RELIC LEE SHORE IPA","NULL","Inventory","0.00"
"10629","COORS BANQUET 12 OZ 6 PK BOTTLE","A. GALLO","Inventory","10.00"
"10630","HOOF HEARTED BREWING 16OZ","UNKNOWN","Inventory","0.00"
"10631","REFUND   30 CENTS","UNKNOWN","Inventory","0.00"
"10633","KORBEL  BRUT CHAMPAGNE 750ML","EDER BROS","Inventory","14.00"
"10634","E & J CASK & CREAM  1.75 ML","CDI MERCH-D","Inventory","0.00"
"10635","CUERVO SILVER TEQUILA 375ML","EDER BROS","Inventory","0.00"
"10636","VICTORY GOLDEN MONKEY 6PK","NULL","Inventory","0.00"
"10637","MARK WEST PINOT NOIR 1.5L","BRESCOME","Inventory","0.00"
"10639","NORTHERN LIGHT CANADIAN 1.75L","EDER BROS","Inventory","0.00"
"10640","IDIPA","NULL","Inventory","0.00"
"10642","JUAN GIL RED","NULL","Inventory","0.00"
"10645","THIMBERLAND COFFE STOUT","NULL","Inventory","0.00"
"10647","ARROGANT BASTARD ALE 6PKS","NULL","Inventory","0.00"
"10650","DR5 PEPPER 12OZ","UNKNOWN","Inventory","0.00"
"10651","CALDERA 6PKS","NULL","Inventory","0.00"
"10652","GLORIOUS LORD HOBO 4PKS","NULL","Inventory","0.00"
"10656","BAREFOOT MALBEC 1.5 L","CDI","Inventory","0.00"
"10659","LONGBOARD RED 750ML","NULL","Inventory","0.00"
"10660","DEKUYPER ANISSETTE LIQUEUR 750ML","BRESCOME","Inventory","1.00"
"10664","LES HAUT BRION","NULL","Inventory","0.00"
"10665","DEWAR'S WHITE LABEL 50 ML","BRESCOME","Inventory","-72.00"
"10667","FOUNDERS BREAKFAST STOUT 4PK BOTTLE 120Z","A. GALLO","Inventory","0.00"
"10668","CIROC PEACH 375ML","BRESCOME","Inventory","0.00"
"10669","VIN VAULT CABERNET SAUVIGNON 6PK","NULL","Inventory","0.00"
"10670","MAGIC HAT 15PKS CANS","NULL","Inventory","0.00"
"10671","EVIL TWIN MODERN HIP 4PK","NULL","Inventory","0.00"
"10672","CLUB MUDSLIDE","NULL","Inventory","0.00"
"10673","EL TESORO PARADISO 6PK","CDI","Inventory","0.00"
"10675","LEXINGTON BOURBON 750ML","NULL","Inventory","0.00"
"10676","JUGGERNAUT HILLSIDE CABERNET SAUVIGNON 750ML","CDI","Inventory","6.00"
"10679","DUBOEF POULLY FUISSE750ML","UNKNOWN","Inventory","0.00"
"10681","SWEETWATER G13 IPA 12PK CAN","NULL","Inventory","0.00"
"10683","SINGLE","NULL","Inventory","0.00"
"10684","SINGLECUT 4PK","NULL","Inventory","0.00"
"10685","EL CHARRO SILVER","BRESCOME","Inventory","0.00"
"10686","APPLE JUICE","UNKNOWN","Inventory","0.00"
"10687","TRADICIONAL SILVER 750ML","NULL","Inventory","0.00"
"10688","INFANTO TAWNY PORT","NULL","Inventory","0.00"
"10689","CARTA BLANC QT.","UNKNOWN","Inventory","0.00"
"10693","WALKER TRIPLE SEC","NULL","Inventory","0.00"
"10694","LEAF VODKA ALASKAN GLACIAL","NULL","Inventory","0.00"
"10700","SAPLING MAPLE LIQUEUR 750ML","NULL","Inventory","0.00"
"10702","WILLM PINOT GRIS 750ML","MONSIEUR T","Inventory","0.00"
"10704","GALLO PINK MOSCATO 1.5L","CDI MERCH-D","Inventory","0.00"
"10708","SAM ADAMS BOSTON LAGER 6PK 12OZ BOTTLE","A. GALLO","Inventory","18.00"
"10711","BOULEVARD GOLDEN BOCK 12 OZ","NULL","Inventory","0.00"
"10713","FIRST RUN MERLOT 1.5L","NULL","Inventory","0.00"
"10718","VALLEY OF THE ZIN.750ML","UNKNOWN","Inventory","0.00"
"10719","SAN GIUSEPPE PINOTGRIGIO 750ML","HARTLEY PARKER","Inventory","0.00"
"10720","AVRY SOUR ALE 6PKS","NULL","Inventory","0.00"
"10721","SOUTHERN COMFORT 100 PROOF 200ML","EDER BROS","Inventory","6.00"
"10723","MCKENZIE'S PUMPKIN JACK","NULL","Inventory","0.00"
"10724","BUCHANAN'S SCOTCH MASTER 15YRS 750ML","BRESCOME","Inventory","0.00"
"10725","ONDA TEQUILA SELTZER PARADISE VARIETY 8PK CANS","CDI","Inventory","0.00"
"10728","BELVEDERE PURE ORGANIC VODKA 750","CDI","Inventory","34.00"
"10729","HILL OF GOLD CHRD.750ML","UNKNOWN","Inventory","0.00"
"10730","BLUE POINT RAZZLE DAZ 4PK","NULL","Inventory","0.00"
"10731","SMIRNOFF ORANGE TWIST 1 L","EDER BROS","Inventory","0.00"
"10732","MR &  MRS T MARGARITA MIX 1 L","ALLAN S GOOD","Inventory","0.00"
"10733","BANROCK STATION SHIRAZ 6PK","HARTLEY PARKER","Inventory","0.00"
"10735","ROKK ORANG VODKA 50ML","CDI","Inventory","0.00"
"10737","BLUE POINT 16OZ","NULL","Inventory","0.00"
"10738","SONOMA MENTHOL SOFT 100S","UNKNOWN","Inventory","0.00"
"10739","HEINEKEN BOTTLE 2/12PK 12 OZ","HDI","Inventory","8.00"
"10740","GEORGES DUBOEUF BEAUJOLAIS NOUVEAU 750ML","BRESCOME","Inventory","-12.00"
"10741","VINA ZACO RIOJA 750ML","HARTLEY PARKER","Inventory","0.00"
"10743","JIM BEAM APPLE 750ML","BRESCOME","Inventory","1.00"
"10745","MASTER MIX STRAWBERRY DAIQUIRI I 1.75L","NULL","Inventory","0.00"
"10747","HARMITHURSH","NULL","Inventory","0.00"
"10748","TIPPY COW CHOCOLATE PL","NULL","Inventory","0.00"
"10749","J DANIELS WATERMELON SPIKE 350ML","ALLAN S GOOD","Inventory","0.00"
"10750","FAIRBANKS PORT 1.5 L","BRESCOME","Inventory","2.00"
"10751","CAMEL WIDES BOX","MTC","Inventory","0.00"
"10754","KENWOOD PINOT NIOR 750ML","CDI","Inventory","0.00"
"10755","COTTRELL","NULL","Inventory","0.00"
"10756","NANDO FIOR DI PESCO 750ML","ACE DISTRIBUTING","Inventory","0.00"
"10757","RODNEY STRONG CHARDONNAY SONOMA COUNTY","HP","Inventory","0.00"
"10758","EXCELSIOR CHARDONNAY","WORLD WIDE","Inventory","0.00"
"10759","NATHANSON CRE. MERLOT 1.5L","BRESCOME","Inventory","0.00"
"10764","BLANTON'S BOURBON 750ML","NORTHEAST","Inventory","26.00"
"10765","CRUZAN 137PF","NULL","Inventory","0.00"
"10766","WOOD CHUCK CHOCOLATE","NULL","Inventory","0.00"
"10771","RED TRUCK PINOT NOIR 750ML","SLOCUM & SONS INC","Inventory","0.00"
"10773","RON BARCELO DORADO 750ML","SLOCUM & SONS INC","Inventory","0.00"
"10774","GREEN FLASH WEST COAST IPA 12 OZ","NULL","Inventory","0.00"
"10775","SUTTER HOME PINOT GRIGIO 4PK 187ML","CDI","Inventory","343.00"
"10776","COASTAL RIDGE CHARDONNAY 1.5L","ALLAN S GOOD","Inventory","0.00"
"10778","BONTERRA CABERNET 750ML","NULL","Inventory","0.00"
"10779","SKYGAZER WATERCLR CREAMEE 4PK","NULL","Inventory","0.00"
"10780","CLINE OLD VINE ZINFANDEL","SLOCUM & SONS INC","Inventory","0.00"
"10782","MAN VINTNERS PINOTAGE","NULL","Inventory","0.00"
"10783","LINDEMAN SHIRAZ BIN 50 750ML","SLOCUM & SONS INC","Inventory","0.00"
"10785","19 CRIMES CALI ROSE","EDER BROS","Inventory","0.00"
"10786","WRAY AND NEPHEW OVERPROOF RUM 375ML","NULL","Inventory","0.00"
"10788","SEAGRAM'S EXTRA DRY GIN 200ML","CDI","Inventory","-3.00"
"10789","LUA CHEIA RED 750ML","NULL","Inventory","0.00"
"10791","JOSH LEGACY RED BLEND","BRESCOME","Inventory","18.00"
"10792","CRUZAN BLACK CHERRY PL","NULL","Inventory","0.00"
"10793","MIGHTY SWELL TROP 12K","NULL","Inventory","0.00"
"10794","RUPERT & ROTHSCHILD RED 750ML","NULL","Inventory","0.00"
"10796","INDABA MOSAIC CAPE","NULL","Inventory","0.00"
"10800","CRUZAN  LIGHT DRY RUM 750ML","HARTLEY PARKER","Inventory","0.00"
"10801","POPOV 80 PL","NULL","Inventory","0.00"
"10802","RUSSIAN STANDARD ORIGINAL 750ML","BRESCOME","Inventory","0.00"
"10803","AQU. WATER 16OZ BTL","UNKNOWN","Inventory","0.00"
"10807","RED TRUCK P NOIR","UNKNOWN","Inventory","0.00"
"10809","SHOCK TOP HONEY BOURBON CASK 12 OZ","NULL","Inventory","0.00"
"10811","GORDON'S VODKA 375ML","HARTLEY PARKER","Inventory","0.00"
"10812","BARTENDERS KICK-ASS MUDSLIDE 6PK","HARTLEY PARKER","Inventory","0.00"
"10814","GARRIDO 750ML","NULL","Inventory","0.00"
"10815","JOSE CUERVO STRAWBERRY MARGARITA MIX 1L","EDER BROS","Inventory","0.00"
"10818","BRUNI BORDEAUX","NULL","Inventory","0.00"
"10819","BRONX IPA","NULL","Inventory","0.00"
"10823","HONORO VERA RED JUMILLA ORGANIC MONASTRELL WINE 750ML","EDER BROS","Inventory","0.00"
"10825","APEROL APERITIVO LIQUEUR 750ML","BRESCOME","Inventory","-27.00"
"10826","MERRYS WHITE CHOC. 750ML","UNKNOWN","Inventory","0.00"
"10828","JACOB'S CREEK MERLOT 750ML","HARTLEY PARKER","Inventory","0.00"
"10829","DETOUR UNITA","NULL","Inventory","0.00"
"10831","PAPPY VAN WINKLE 12YR","NULL","Inventory","0.00"
"10832","CYCLES GLAD CABERNET SAUVIGNON 750ML","NULL","Inventory","0.00"
"10834","VERAM RITUAL PINOT NOIR 750ML","NULL","Inventory","0.00"
"10835","FARMHOUSE IPA","NULL","Inventory","0.00"
"10836","CALDERA IPA 6PKS","NULL","Inventory","0.00"
"10839","JEREMIAH WEED SPICED 50 ML","NULL","Inventory","0.00"
"10843","STERLING VINTNER'S S BLANC","EDER BROS","Inventory","0.00"
"10844","GLENDRONACH ORIGINAL 12YR 750ML","NULL","Inventory","0.00"
"10850","LIVINGSTON MERLOT 3L","NULL","Inventory","0.00"
"10851","EVIL TWIN ORANGE 4PK","NULL","Inventory","0.00"
"10852","DON Q GOLD","NULL","Inventory","0.00"
"10855","TORRESELLA PINOT GRIGIO 750ML","UNKNOWN","Inventory","0.00"
"10857","E&J BRANDY VSOP 750ML","CDI MERCH-D","Inventory","0.00"
"10858","KENTUCKY  OWL RYE 11 YR 750ML","NULL","Inventory","0.00"
"10860","SEBEKA CAB-PINOTAGE 750ML","CDI MERCH-D","Inventory","0.00"
"10861","KAPALI 750ML","BRESCOME","Inventory","0.00"
"10862","BLUE POINT TOASTED LARGER 6PK","NULL","Inventory","0.00"
"10863","CUERVO CITRICO TEQUILA 750ML","ALLAN S GOOD","Inventory","0.00"
"10865","EVIL TWIN ROOT BEER","NULL","Inventory","0.00"
"10866","BASS 12 PK","G & G BEVERAGE DIST","Inventory","0.00"
"10869","CHIBLIS","NULL","Inventory","0.00"
"10873","OLD TUB BOURBON 750ML","UNKNOWN","Inventory","0.00"
"10874","CROOK","NULL","Inventory","0.00"
"10878","JEFFERSON'S OCEAN AGED AT SEA BOURBON VERY SMALL BATCH 750ML","MARTIGNETTI ","Inventory","2.00"
"10879","J LOHR CABERNET SAUVIGNON 750ML","CDI","Inventory","10.00"
"10881","PLATFORM ROSELLINI","NULL","Inventory","0.00"
"10882","WHITE CLAW VARIETY PACK NO.2 12 OZ 12 PK CANS","A. GALLO","Inventory","9.00"
"10887","STRETTONS DRY GIN 750ML","ACE DISTRIBUTING","Inventory","0.00"
"10889","DIPLOMATICO RESERVA EXCLUSIVA RUM 750ML","EDER BROS","Inventory","4.00"
"10890","SILVER OAK CABERNET SAUVIGNON NAPA VALLEY","BRESCOME","Inventory","4.00"
"10892","FLIP FLOP CABERNET SAUVIGNON 1.5LT","EDER BROS","Inventory","0.00"
"10893","LION TAMER CAB.SAUV","UNKNOWN","Inventory","0.00"
"10894","JOCKEY'S","NULL","Inventory","0.00"
"10895","PARROT BAY WAVE RUN. 6PK BTL.","STAR","Inventory","0.00"
"10898","HEINEKEN CAN 2/12PK 12 OZ","HDI","Inventory","11.00"
"10899","GUINNESS EXTRA STOUT 6PK BOTTLES","A. GALLO","Inventory","7.00"
"10900","DANESE  MERLOT 1.5L","UNKNOWN","Inventory","0.00"
"10902","BBC","NULL","Inventory","0.00"
"10903","GLORIOUS PALE ALE","NULL","Inventory","0.00"
"10904","LIVING CELLAR PINOT GRIGIO","CDI MERCH-D","Inventory","0.00"
"10905","ROKK RASPBERRY VODKA 50ML","CDI","Inventory","0.00"
"10906","THE LITTLE SHEEP OF FRANCE SAUVIGNON BLANC 750ML","TOUTON MONSIEUR TOUTON SELECTION LTD","Inventory","2.00"
"10907","B&J MOJITO MALT 187ML","CDI MERCH-D","Inventory","0.00"
"10908","CRUZAN RASPBERRY RUM 750ML","NULL","Inventory","0.00"
"10912","MATHILDE FRAMBOISE 375ML","NULL","Inventory","0.00"
"10913","STOLICHNAYA BLUEBERRY VODKA 750ML","BRESCOME","Inventory","-3.00"
"10916","PATRON CITRONGE LIQUEUR 375ML","CDI","Inventory","0.00"
"10918","DOLIN DRY VERMOUTH DE CHAMBERY  BLANC 750ML","SLOCUM & SONS INC","Inventory","2.00"
"10919","SINGLE BEER","NULL","Inventory","0.00"
"10921","ORDA SINGLE","NULL","Inventory","0.00"
"10923","BARACCHI","NULL","Inventory","0.00"
"10924","SOBIESKI VODKA 50 ML","ACE DISTRIBUTING","Inventory","0.00"
"10925","LITCHFIELD BATCHERS GIN 750ML","SLOCUM & SONS INC","Inventory","2.00"
"10927","THREE PEARS PINOT GRIGIO","CDI","Inventory","-12.00"
"10928","BALDUZZI CHARD","NULL","Inventory","0.00"
"10929","DAILYS STRAWBERRY DAIQUIRI POUCH 10 OZ","MARTIGNETTI ","Inventory","-24.00"
"10930","SMOKING LOON MERLOT 750ML","BRESCOME","Inventory","0.00"
"10931","FORTANT CAB.SAU. 1.5L","UNKNOWN","Inventory","0.00"
"10932","B&J PINA COLADA 12 OZ","CDI MERCH-D","Inventory","0.00"
"10933","BITE HARD APPLE CIDER 160Z","NULL","Inventory","0.00"
"10935","CARMEN RES. MERLOT 750ML","UNKNOWN","Inventory","0.00"
"10936","MADRIA SANGRIA MOSCATO 1.5 L","CDI MERCH-D","Inventory","0.00"
"10937","WALNUT CREST CHARDONNAY","BRESCOME","Inventory","0.00"
"10938","SMIRNOFF SMASH SCREWDRIVER 24 OZ CAN","A. GALLO","Inventory","12.00"
"10939","PIELS","UNKNOWN","Inventory","0.00"
"10940","COMPASS BOX OAK CROSS","NULL","Inventory","0.00"
"10941","BAYOU RUM SILVER","UNKNOWN","Inventory","0.00"
"10944","HIRAM WALKER ANISETTE 750ML","EDER BROS","Inventory","2.00"
"10945","MILWAUKEE'S BEST 24OZ","NULL","Inventory","0.00"
"10948","BREAD & BUTTER CHARDONNAY 750ML","OPICI","Inventory","8.00"
"10950","CIGAR CITY BREWING JAI ALAI IPA 6PK","NORTHEAST","Inventory","0.00"
"10952","PENFOLDS KO SHIRAZ/CAB 750ML","NULL","Inventory","0.00"
"10953","NICKEL & NICKEL CHARDONNAY TRUCHARD NAPA VALLEY 750ML","BRESCOME","Inventory","1.00"
"10954","SMIRNOFF RASPBERRY 50ML","EDER BROS","Inventory","75.00"
"10955","BRONX","NULL","Inventory","0.00"
"10956","ROBERT MONDAVI PS CABERNET SAUVIGNON 750ML","HARTLEY PARKER","Inventory","0.00"
"10957","EL TESORO ANEJO 750ML","CDI","Inventory","0.00"
"10958","BUSCH LIGHT CAN 2/12PK 12 OZ","HDI","Inventory","20.00"
"10959","SOUTHERN COM.LIME  375ML","EDER BROS","Inventory","0.00"
"10960","TABASCO BLOODY MARY MIX QT 32 OZ","HARTLEY PARKER","Inventory","0.00"
"10966","LEMON VODKA SODA","UNKNOWN","Inventory","0.00"
"10967","DUCKHORN CHARDONNAY NAPA","NULL","Inventory","0.00"
"10968","MCCORMICK SILVER RUM PL","CDI","Inventory","0.00"
"10969","EVIL TWIN ONCE YOU LABEL 4PK","NULL","Inventory","0.00"
"10972","FAUSTINO VII RIOJA 750ML","NULL","Inventory","0.00"
"10973","WOODBRIDGE ROSE 1.5L","UNKNOWN","Inventory","0.00"
"10974","AO VODKA 6PK","NULL","Inventory","0.00"
"10975","OBAN 14YR SINGLE MALT SCOTCH WHISKEY 750ML","BRESCOME","Inventory","9.00"
"10976","STOLICHNAYA 80PF 750 ML","BRESCOME","Inventory","0.00"
"10977","NEW AMSTERDAM PINK WHITNEY VODKA 50 ML","CDI","Inventory","1438.00"
"10978","WHITE CLAW GRAPEFRUIT 6PK CAN","A. GALLO","Inventory","0.00"
"10979","BOOKERS BOURBON 2024-02 BEAM HOUSE BATCH 124.6 PROOF 750ML","BRESCOME","Inventory","4.00"
"10980","PEARVODKA 1.75L","UNKNOWN","Inventory","0.00"
"10982","CANADIAN MIST 200ML","NULL","Inventory","0.00"
"10985","BENRIACH CURIOSITAS-10YR","NULL","Inventory","0.00"
"10988","ORDA SINGLE","NULL","Inventory","0.00"
"10990","KEYSTONE ICE 24 OZ","G & G BEVERAGE DIST","Inventory","0.00"
"10992","SCOTTS BRUI-SC- SIG-MALT 750ML","UNKNOWN","Inventory","0.00"
"10995","NEW CITY GINGER BEER","NULL","Inventory","0.00"
"10996","MUMM NAPA 750ML","NULL","Inventory","0.00"
"10997","ABSOLUT PEPPER VODKA 750ML","CDI","Inventory","0.00"
"10998","OLD ENGLISH HIGH GRA 40OZ BTL.","STAR","Inventory","0.00"
"10999","THIMBLE ISLAND","NULL","Inventory","0.00"
"11003","SHOCK TOP BELGIAN WHITE 12PK 12 OZ","DICHELLO","Inventory","0.00"
"11006","PUMKIN HEAD SALZER","UNKNOWN","Inventory","0.00"
"11008","NIGHT SHIFT LAGER","NULL","Inventory","0.00"
"11009","THE GROTTO 4PKS IPA","NULL","Inventory","0.00"
"11010","BECKS 12OZ BOTTLE 12PK","A. GALLO","Inventory","9.00"
"11012","ORLEANS HILL WHITE ORGANIC","NEW ENGLAND","Inventory","0.00"
"11014","APPLE MOONSHINE 50ML","NULL","Inventory","0.00"
"11016","AMERICANO","NULL","Inventory","0.00"
"11017","MER SOLEIL RESERVE CHARDONNAY 750ML","SLOCUM & SONS INC","Inventory","9.00"
"11018","O'DOUL'S N/A BOTTLE 6PK 12 OZ","HDI","Inventory","0.00"
"11019","REFUND   40 CENTS","UNKNOWN","Inventory","0.00"
"11021","DISENO RED BLEND","NULL","Inventory","0.00"
"11024","ANCHOR CHRISTMAS BEER 6PK","FRANKLIN","Inventory","0.00"
"11027","CITRA.MERLOT 750ML","WORLD WIDE","Inventory","0.00"
"11029","ROCCHE VENDEMMIA","UNKNOWN","Inventory","0.00"
"11031","NEW BELGIUM VOODOO RANGER JUICE FORCE IPA 19.2 FL OZ CAN","NORTHEAST","Inventory","4.00"
"11032","QUINTA PORTO","NULL","Inventory","0.00"
"11033","NINO FRANCO 'RUSTICO'","BRESCOME","Inventory","0.00"
"11034","MONTES MALBEC 750ML","CDI","Inventory","0.00"
"11035","AMARETTO DI AMORE 375ML","BRESCOME","Inventory","0.00"
"11038","CAMEL SIGN-ROBUST B1G1","MTC","Inventory","0.00"
"11039","B&J STRW-MARGARITA 4PK","CDI MERCH-D","Inventory","0.00"
"11040","TWELVE PERCENT VALLEY 4PK","NULL","Inventory","0.00"
"11043","NEWTON UNFIL CHARDONNAY 750ML","NULL","Inventory","0.00"
"11044","STONE SEASONAL 22 OZ","NULL","Inventory","0.00"
"11047","FRESH CATCH","NULL","Inventory","0.00"
"11048","JUSTIN CABERNET SAUVIGNON PASO BOBLES 750ML","MARTIGNETTI ","Inventory","-4.00"
"11049","CINZANO 1757 VERMOUTH 1 L","NULL","Inventory","0.00"
"11051","FIREBALL CINNAMON WHISKY 750ML","NORTHEAST","Inventory","14.00"
"11052","BALLAST POINT MANGO EVEN KEEL CAN 12 OZ","NULL","Inventory","0.00"
"11053","LOMBARDO DRY MARSALA 750ML","NULL","Inventory","0.00"
"11054","RH. PHILLIPS MERLOT 1.5L","CDI","Inventory","0.00"
"11055","TURNING LEAF WHITE ZINFANDEL 1.5 L","CDI MERCH-D","Inventory","0.00"
"11058","BALLAST POINT","NULL","Inventory","0.00"
"11062","TRIBUNO SWT. VERMOUTH 375ML","UNKNOWN","Inventory","0.00"
"11063","USA GOLD MENT- LIGHT","MTC","Inventory","0.00"
"11067","NAKED TURTLE WHITE RUM 1.75L","UNKNOWN","Inventory","0.00"
"11069","OLE SMOKY WHITE CHOCOLATE STRAWBERRY CREAM 50ML","MARTIGNETTI ","Inventory","0.00"
"11070","SEVEN FALLS CABERNET SAUVIGNON","NULL","Inventory","0.00"
"11072","MARTIN RAY P.NOIR 12PK","UNKNOWN","Inventory","0.00"
"11073","PALO VIEJO GOLD RUM 375ML","HARTLEY PARKER","Inventory","0.00"
"11074","MUDSHAKE CAPPUCCINO 4PK","ACE DISTRIBUTING","Inventory","0.00"
"11075","STILL HILL","NULL","Inventory","0.00"
"11076","CYT GRAN RESERVA CABERNET 6PK","NULL","Inventory","0.00"
"11078","LAN RESERVA","NULL","Inventory","0.00"
"11079","SPEYSIDE SI-MALT 12Y 750ML","UNKNOWN","Inventory","0.00"
"11081","OPICI RED SANGRIA 1.5L","OPICI","Inventory","0.00"
"11084","BASIC NON FILTER","MTC","Inventory","0.00"
"11091","SALZER 12OZ","NULL","Inventory","0.00"
"11092","SMUTTYNOSE 6PKS","NULL","Inventory","0.00"
"11093","DEK PUCKER RASPBERRY 750ML","CDI","Inventory","0.00"
"11094","STERLING NAPA SAUVIGNON BLANC 15","ALLAN S GOOD","Inventory","0.00"
"11096","OLD ENGLISH HEN","NULL","Inventory","0.00"
"11101","CT VALLEY 16OZ","NULL","Inventory","0.00"
"11102","J ROGET SPUMANTE 750ML","BRESCOME","Inventory","0.00"
"11104","KLINKER BRICK OLD ZINFANDEL 750ML","NULL","Inventory","0.00"
"11107","BB IPA 6PKS","NULL","Inventory","0.00"
"11109","OMMEGANG WHITE ALE 6PKS BOTTLES","BRESCOME","Inventory","0.00"
"11111","TOX DBL APARITION 4PK","NULL","Inventory","0.00"
"11112","FRONTERA CHARDONNAY 1.5 LT","BRESCOME","Inventory","0.00"
"11113","CHAPELLE-ST-ARNOUX","NULL","Inventory","0.00"
"11115","LEFFE BLONDE BELGIAN BEER 6PK BOTTLES","HDI","Inventory","0.00"
"11116","CHAMP CIDER 4PKS","NULL","Inventory","0.00"
"11117","SAKI","NULL","Inventory","0.00"
"11118","BBC PILSNER 12PKS","NULL","Inventory","0.00"
"11120","FOX BROOK CABERNET SAUVIGNON 1.5 L","ALLAN S GOOD","Inventory","0.00"
"11121","E&J APPLE BRANDY 750ML","CDI","Inventory","3.00"
"11122","LEMON VODKA SODA 4PK","UNKNOWN","Inventory","0.00"
"11125","COTTRELL DOBBLE IPA 6PKS","NULL","Inventory","0.00"
"11126","DAILYS FROZEN LEMONADE POUCH 10 OZ","HARTLEY PARKER","Inventory","0.00"
"11127","CK MONDAVI RED BLEND 1.5LT","CDI","Inventory","1.00"
"11129","SO.SORR.750ML","BRESCOME","Inventory","0.00"
"11130","SPIKED SALZER 12OZ","NULL","Inventory","0.00"
"11133","BANROCK STATION CHARDONNAY 6PK","HARTLEY PARKER","Inventory","0.00"
"11136","OKOCIM 12PK 11.2OZ BTL.","ARKO LLC","Inventory","0.00"
"11137","CAVIT PINOT NOIR 4PK 187ML","BRESCOME","Inventory","1.00"
"11138","WAVE BLUE RASPBERRY PL","NORTHEAST","Inventory","0.00"
"11139","POPOV GRAPE VODKA 80 750ML","BRESCOME","Inventory","0.00"
"11140","HEINEKEN LIGHT 6 PK","HDI","Inventory","0.00"
"11142","RUSSIAN DIAMOND 750ML","NULL","Inventory","0.00"
"11145","STONE DELICIOUS 12 OZ","NULL","Inventory","0.00"
"11149","COLLIE CARPITO","NULL","Inventory","0.00"
"11152","RAY'S STATION CABERNET","CDI","Inventory","0.00"
"11153","GENTLEMANS COLLECT RED 750 ML","NULL","Inventory","0.00"
"11155","EVERCLEAR 375ML","NULL","Inventory","0.00"
"11156","TRIPLE EIGHT BLUEBERRY","NULL","Inventory","0.00"
"11159","SONOMA LIGHTS 100 BOX 25C OFF","MTC","Inventory","0.00"
"11160","CASAMIGOS REPOSADO TEQUILA 750ML","BRESCOME","Inventory","10.00"
"11161","CHERRY KIJAFA 750ML","BRESCOME","Inventory","0.00"
"11164","TISDALE CHARDONNAY","CDI MERCH-D","Inventory","0.00"
"11168","SEBEKA CHARDONNAY 750ML","CDI MERCH-D","Inventory","0.00"
"11169","FINEST MOJITO MIX 1L","UNKNOWN","Inventory","0.00"
"11170","NEW BELGIUM JUICE FORCE 6PK CANS","NORTHEAST","Inventory","0.00"
"11174","LAZZARONI LIMONCELLO 750ML","NULL","Inventory","0.00"
"11175","CRANBERRY JUICE","UNKNOWN","Inventory","0.00"
"11177","BOULEVARD TANK 7 FARMHOUSE 12 OZ","NULL","Inventory","0.00"
"11178","DUUL TRIPLE HOP","NULL","Inventory","0.00"
"11180","TEELING SINGLE GRAIN IRISH WHISKEY FINISHED IN WINE CASK 750ML","BRESCOME","Inventory","1.00"
"11181","JACQ APRICOT 200ML","UNKNOWN","Inventory","0.00"
"11182","ST MICH COLD CREEK CABERNET 6 PACK","ALLAN S GOOD","Inventory","0.00"
"11186","SANDEMAN FOUNDERS RESERVE (RUBY PORTO) 750ML","BRESCOME","Inventory","2.00"
"11188","MARLBORO SPEC. BL. LT  BOX","MTC","Inventory","0.00"
"11190","GREAT FALLS TADPOLE 4PK","NULL","Inventory","0.00"
"11191","TRUELY POMEGRANATE 12 OZ","UNKNOWN","Inventory","0.00"
"11193","TERRAZAS RESERVE MALBEC 750ML","BRESCOME","Inventory","0.00"
"11194","INGLENOOK MERLOT 3L","BRESCOME","Inventory","0.00"
"11195","CASTILLO SPICED (P R)","CDI","Inventory","0.00"
"11196","GIRARD SAUV BLANC","NULL","Inventory","0.00"
"11197","JAC TRIPLE SEC 750ML","UNKNOWN","Inventory","0.00"
"11198","CIROC RED BERRY VODKA 750ML","BRESCOME","Inventory","0.00"
"11199","DURANGO TEQUILA GOLD 1L","STAR","Inventory","0.00"
"11200","LIVINGSTON SANGRIA 3L","CDI MERCH-D","Inventory","0.00"
"11201","MOUNT GAY ECLIPSE RUM 750ML","EDER BROS","Inventory","5.00"
"11202","BAREFOOT BUBBLY BRUT CUVEE 750ML","CDI","Inventory","10.00"
"11207","BUKOFF VODKA 375ML","HARTLEY PARKER","Inventory","0.00"
"11209","TROGS JOYOUS 6PK","NULL","Inventory","0.00"
"11211","LALUCA PROSECCO 750ML","NULL","Inventory","0.00"
"11212","RES.ST.MARTIN CAB.SAU.1.5L","UNKNOWN","Inventory","0.00"
"11213","PARTIDA ANEJO TEQUILA 750ML","EDER BROS","Inventory","2.00"
"11215","USA GOLD 100 BOX","MTC","Inventory","0.00"
"11217","ORANGE JUICE","UNKNOWN","Inventory","0.00"
"11219","LODOLA NUOVA RU.750ML","UNKNOWN","Inventory","0.00"
"11220","EFFEN BLACK CHERRY 375ML","UNKNOWN","Inventory","0.00"
"11222","RELIC","UNKNOWN","Inventory","0.00"
"11223","MUDSHAKE CHOCOLATE 4PK","ACE DISTRIBUTING","Inventory","0.00"
"11226","MIRASSOU CHARDONNAY 750ML","CDI MERCH-D","Inventory","0.00"
"11227","HOOKER","NULL","Inventory","0.00"
"11230","JEFFERSON'S RESERVE BOURBON 750ML","MARTIGNETTI ","Inventory","10.00"
"11233","VAN GOGH DBL ESPRESSO 750 ML","NULL","Inventory","0.00"
"11236","SWEET BITCH MERLOT 1.5L","NULL","Inventory","0.00"
"11237","SKREWBALL PEANUT BUTTER WHISKEY 50ML","CDI","Inventory","-67.00"
"11238","WILD FIGHTER CAB.SAUV","UNKNOWN","Inventory","0.00"
"11240","EXP SYRAH 750ML","CDI","Inventory","0.00"
"11241","MARK WEST","NULL","Inventory","0.00"
"11244","ANGRY ORCHARD GREEN APPLE 6PK 12 OZ","A. GALLO","Inventory","6.00"
"11245","NITE LITE 6PK","UNKNOWN","Inventory","0.00"
"11246","ABSOLUT VODKA 200ML","HP","Inventory","40.00"
"11247","YELLOW TAIL PINOT NOIR 1.5L","BRESCOME","Inventory","12.00"
"11249","POPOV VODKA 80PROOF 1LT","EDER BROS","Inventory","0.00"
"11252","SINGLE CUT 6PKS","NULL","Inventory","0.00"
"11253","VERMONT APPLE CREAM 750ML","NULL","Inventory","0.00"
"11254","WOODBRIDGE PINOT GRIGIO 1.5LT","MARTIGNETTI ","Inventory","15.00"
"11256","ROUGH RIDER 750ML","NULL","Inventory","0.00"
"11258","RATAFIA 750ML","NULL","Inventory","0.00"
"11261","VICTORY SOUR MONKEY CAN 12OZ","UNKNOWN","Inventory","0.00"
"11262","POPOV 100 PROOF VODKA 375ML","ALLAN S GOOD","Inventory","0.00"
"11263","GROLSCH 16OZ BOTTLE","A. GALLO","Inventory","0.00"
"11264","ALMADEN CABERNET SAUVIGNON 5LT BOX","EDER BROS","Inventory","0.00"
"11265","GALLO FAMILY PINOT GRIGIO 1.5L","CDI MERCH-D","Inventory","0.00"
"11266","CHESTERFIELD","UNKNOWN","Inventory","0.00"
"11267","FIVE CHURCHES COOL SIDE OF THE PILSNER","UNKNOWN","Inventory","0.00"
"11268","KUJIRA 20YR 750ML","NULL","Inventory","0.00"
"11271","MOUNTAIN DEW 24OZ","UNKNOWN","Inventory","0.00"
"11272","CLUB MANHATTAN 200ML CAN","BRESCOME","Inventory","0.00"
"11273","MISTY MOUNTAIN IPA 6PKS","NULL","Inventory","0.00"
"11278","BLACK SWAN CHARD. 1.5L","CDI MERCH-D","Inventory","0.00"
"11280","SCHUG SONOMA CHARDONNAY","NULL","Inventory","0.00"
"11281","SEAGRAMS VO 750ML","CDI","Inventory","0.00"
"11284","BALLAST POINT SEASONAL 22 OZ","NULL","Inventory","0.00"
"11285","CARLSBERG","UNKNOWN","Inventory","0.00"
"11286","OSKAR BLUES OLD CHUB ALE 12 OZ","NULL","Inventory","0.00"
"11291","HANGAR ONE LIME 750ML","BRESCOME","Inventory","0.00"
"11292","SPATEN PREMIUM LAGER 6PK BOTTLE","A. GALLO","Inventory","4.00"
"11294","TROP  ORG JUICE 64OZ","UNKNOWN","Inventory","0.00"
"11295","KENT FALLSWEAT PANTS 16OZ","UNKNOWN","Inventory","0.00"
"11296","CROWN ROYAL 375ML","CDI","Inventory","2.00"
"11299","CROWN ROYAL CASK 16 750ML","BRESCOME","Inventory","0.00"
"11301","HPNOTIQ HARMONIE 750ML","HARTLEY PARKER","Inventory","0.00"
"11302","CAHORS MALBAC","NULL","Inventory","0.00"
"11305","JACP.MINTSNAP750ML","UNKNOWN","Inventory","0.00"
"11307","SANTA RITA 120 CHARDONNAY 750ML","NULL","Inventory","0.00"
"11308","NEWBURGH BROWN ALE 4PKS","NULL","Inventory","0.00"
"11309","MUDSHAKE CHOC-VODKA SGL.","NULL","Inventory","0.00"
"11312","UV CAKE 50ML","SLOCUM & SONS INC","Inventory","0.00"
"11313","MASTROBUONI PINOT GRI. 1.5L","DICHELLO","Inventory","0.00"
"11315","RIFF PINOT GRIGIO 750ML","EDER BROS","Inventory","-43.00"
"11316","MONACO SINGLE","NULL","Inventory","0.00"
"11317","NATURDAYS 6 PK 12 OZ","NULL","Inventory","0.00"
"11319","CHI CHI'S COSMOPOLITAN PL","UNKNOWN","Inventory","0.00"
"11321","FREY CABERNET SAUVIGNON ORGANIC WINE 750ML","OPICI","Inventory","0.00"
"11322","OCEAN S.CRANBERRY 48OZ","UNKNOWN","Inventory","0.00"
"11323","GLEN ELLEN RES CHARD","BRESCOME","Inventory","0.00"
"11325","RIONDO PROSECCO 750ML","NULL","Inventory","0.00"
"11330","ITHICA FLOWER","UNKNOWN","Inventory","0.00"
"11331","USA 100 ULTRA LT. BOX","MTC","Inventory","0.00"
"11332","MK LIGHTER","NULL","Inventory","0.00"
"11333","MITOLO JESTER SHIRAZ","NULL","Inventory","0.00"
"11335","PENFOLDS SHIRAZ CABARNET 750ML","NULL","Inventory","0.00"
"11337","QUADY WINERY ELYSIUM N/V","UNKNOWN","Inventory","0.00"
"11338","KARMIC DAARU CIT CHAK 4PK","UNKNOWN","Inventory","0.00"
"11339","SEAGRAMS 7 CROWN BLENDED WHISKEY 1.75L","BRESCOME","Inventory","1.00"
"11342","TROG","NULL","Inventory","0.00"
"11343","TISDALE MERLOT","CDI MERCH-D","Inventory","0.00"
"11346","TWELVE PERC WHO THE F 4PK","NULL","Inventory","0.00"
"11348","CASK & CREAM CHOC. 375ML","CDI MERCH-D","Inventory","0.00"
"11349","ARBOR MIST CRAN/WHITE MERLOT 1.5 L","BRESCOME","Inventory","0.00"
"11353","BOLLA PINOT NOIR 750ML","ALLAN S GOOD","Inventory","0.00"
"11354","DEFROST 50 ML","ACE DISTRIBUTING","Inventory","0.00"
"11356","ARBOR MIST ORCHA FRUITS CHARDO WINE","BRESCOME","Inventory","0.00"
"11357","THOMAS OCTOBERFEST","DICHELLO","Inventory","0.00"
"11358","DEKUYPER BLUE CURACAO 1L","CDI","Inventory","0.00"
"11360","ARTIC VOD. & MELON 750ML","UNKNOWN","Inventory","0.00"
"11363","WHITE OAK CAB","NULL","Inventory","0.00"
"11365","BIG HOUSE CHARDONNAY 6 PACK","NULL","Inventory","0.00"
"11367","SKYGAZER FIRE COLORS 16OZ","UNKNOWN","Inventory","0.00"
"11369","LAKE SONOMA CAB.SAV 750ML","CDI","Inventory","0.00"
"11370","RELAX RIESLING 750ML","MARTIGNETTI ","Inventory","0.00"
"11371","CRUZAN LIGHT RUM 50 ML","UNKNOWN","Inventory","0.00"
"11372","RELIC","NULL","Inventory","0.00"
"11374","PAMA LIQUEUR 750ML","HARTLEY PARKER","Inventory","0.00"
"11375","TROPICANA PINEAPPLE-ORANGE JUICE 16 OZ","MTC","Inventory","0.00"
"11377","POWERS GOLD LABEL IRISH WHISKEY 1LTR","EDER BROS","Inventory","0.00"
"11380","HOBO LIFE 12OZ","NULL","Inventory","0.00"
"11384","PYRAT XO RESERVE RUM 750ML","CDI","Inventory","0.00"
"11385","WOODBRIDGE CHARDONNAY 3LT","MARTIGNETTI ","Inventory","-7.00"
"11387","PUCKER SOUR APPLE 50 ML","BRESCOME","Inventory","0.00"
"11388","MONTE ALBAN MEZCAL 750ML","EDER BROS","Inventory","1.00"
"11389","ANGELS ENVY STRAIGHT BOURBON WHISKEY 750ML","CDI","Inventory","10.00"
"11390","APOTHIC DARK RED BLEND","CDI","Inventory","0.00"
"11392","LOST VINEYARDS MALBEC","ACE DISTRIBUTING","Inventory","0.00"
"11393","PRISONER RED WINE 750ML","SLOCUM & SONS INC","Inventory","0.00"
"11394","MALIBU PINA COLADA MIX 750ML","ALLAN S GOOD","Inventory","0.00"
"11395","SAINT ESTEPHE RED","NULL","Inventory","0.00"
"11396","MCMANIS MERLOT 750ML","EDER BROS","Inventory","16.00"
"11397","SIX POINT 4PKS","NULL","Inventory","0.00"
"11398","SARANAC TRAIL MIX 12PK BTL","STAR","Inventory","0.00"
"11399","CHRISTIAN BROTHERS BRANDY 750ML","EDER BROS","Inventory","8.00"
"11400","BOMBAY DRY GIN ORIGINAL 750ML","CDI","Inventory","15.00"
"11401","RODNEY STRONG RESERVE CABERNET SAUVIGNON 750ML","MARTIGNETTI ","Inventory","0.00"
"11402","INTIPALKA SAUV.BLANC","NULL","Inventory","0.00"
"11407","VEUVE CLICQUOT BRUT 750ML","EDER BROS","Inventory","-4.00"
"11408","BURNETTS PINK LEMONADE VODKA 750ML","HP","Inventory","0.00"
"11409","DELLE VENEZIE PINO GRIGIO750ML","NULL","Inventory","0.00"
"11410","HOPZILLA DOUBLE IPA 4PK","UNKNOWN","Inventory","0.00"
"11411","DI AMORE RASPBERRY 750","BRESCOME","Inventory","0.00"
"11417","WATERCOLORS 4PK","NULL","Inventory","0.00"
"11418","DEWAR'S WHITE LABEL SCOTCH WHISKEY 750ML","BRESCOME","Inventory","11.00"
"11419","NORBROOK BECKLEY FURNACE ALE","UNKNOWN","Inventory","0.00"
"11420","SILVERADO CABERNET SOLO 6 PACK","NULL","Inventory","0.00"
"11421","TROPICAL BITCH IPA","NULL","Inventory","0.00"
"11422","WRAY & NEPHEW RUM 375ML","ALLAN S GOOD","Inventory","0.00"
"11425","DONA HELENA","NULL","Inventory","0.00"
"11427","SAVORY & JAMES CREAM  SHERRY 750ML","MARTIGNETTI ","Inventory","-5.00"
"11428","COCKBURNS FINE RUBY PORT 750ML","NULL","Inventory","0.00"
"11430","BLACK VELVET BLENDED CANADIAN WHISKEY 375ML","EDER BROS","Inventory","0.00"
"11431","SINGLECUT SOUR LAGER","NULL","Inventory","0.00"
"11433","BILA-HAUT ROSE","UNKNOWN","Inventory","0.00"
"11434","MARTINI & ROSSI EXTRA DRY VERMOUTH 1.5 LT","BRESCOME","Inventory","3.00"
"11435","TEDESCHI AMARONE 750ML","NULL","Inventory","0.00"
"11437","CHALK HILL SONOMA COAST","NULL","Inventory","0.00"
"11438","STERLING VC MERLOT 750ML","EDER BROS","Inventory","0.00"
"11440","MANCINI'S CHO.MARTINI 750ML","HARTLEY PARKER","Inventory","0.00"
"11441","CROWN ROYAL BLACK 1.75L","BRESCOME","Inventory","0.00"
"11442","HINE VSOP COGNAC 750ML","SLOCUM & SONS INC","Inventory","0.00"
"11443","SPACE JUICE 160Z","NULL","Inventory","0.00"
"11444","SILVERADO CHARDONNAY LOS CARNEROS NAPA VALLEY 750ML","BRESCOME","Inventory","2.00"
"11447","PALE ALE 6PKS","NULL","Inventory","0.00"
"11450","JELU MALBEC","NULL","Inventory","0.00"
"11452","BOONES WILD CHERRY 750ML","CDI MERCH-D","Inventory","0.00"
"11453","UV VODKA 50 ML","SLOCUM & SONS INC","Inventory","0.00"
"11455","SIX POINT","NULL","Inventory","0.00"
"11463","LEGITIMUS COLLINSVILLE PILSNER","UNKNOWN","Inventory","0.00"
"11465","SHOCK TOP 22 OZ","DICHELLO","Inventory","0.00"
"11467","DAILY'S","NULL","Inventory","0.00"
"11468","SMIRNOFF GREEN APPLE 50ML","BRESCOME","Inventory","0.00"
"11471","L&M","NULL","Inventory","0.00"
"11472","1792 SMALL BATCH RIDGEMONT RESERVE BOURBON 750ML","BRESCOME","Inventory","1.00"
"11474","MOTTO BACKBONE CAB","UNKNOWN","Inventory","0.00"
"11475","LIVINGSTON WT ZINFANDEL 3L","CDI MERCH-D","Inventory","0.00"
"11476","CROWN ROYAL MINI PLASTIC BOTTLE 50 ML","BRESCOME","Inventory","81.00"
"11478","SMUTTY","NULL","Inventory","0.00"
"11480","J ROGET BRUT 750ML","BRESCOME","Inventory","0.00"
"11481","JL COLOMBO COTE BLEUE ROSE","NULL","Inventory","0.00"
"11482","KE KE BEACH KEY LIME 750ML","CDI","Inventory","0.00"
"11483","UV PINK LEMONADE","SLOCUM & SONS INC","Inventory","0.00"
"11484","BENRIACH 10YR 750ML","NULL","Inventory","0.00"
"11488","DEKUYPER PUCKER SOUR APPLE PUCKER 50ML","CDI","Inventory","0.00"
"11491","KETEL ONE BOTANICAL GRAPEFRUIT & ROSE VODKA 750ML","BRESCOME","Inventory","3.00"
"11492","KJ PINOT NOIR 750ML","CDI","Inventory","0.00"
"11494","FRONTERA CABERNET SAUVIGNON 1.5LT","BRESCOME","Inventory","15.00"
"11497","GPC100 BOX LT","UNKNOWN","Inventory","0.00"
"11498","LA CHENAIE","NULL","Inventory","0.00"
"11499","CANADIAN MIST 375ML","NULL","Inventory","0.00"
"11501","CHATEAU MONTELENA CHARDONNAY NAPA VALLEY 750ML","TOUTON MONSIEUR TOUTON SELECTION LTD","Inventory","-6.00"
"11505","SCOTCH ALE BBC","NULL","Inventory","0.00"
"11506","HALF FULL BEACON IPA 6PK CAN","A. GALLO","Inventory","6.00"
"11510","YALUMBA Y SERIES CHARD","MONSIEUR T","Inventory","0.00"
"11511","HPNOTIQ 1.75L","NULL","Inventory","0.00"
"11512","SOUTHERN COMFORT 70 PROOF WHISKEY 200ML","EDER BROS","Inventory","1.00"
"11514","JEREMIAH WEED LEMON. 24OZ CAN","STAR","Inventory","0.00"
"11515","RIANDO PINK","NULL","Inventory","0.00"
"11516","B-SIDE 16OZ","UNKNOWN","Inventory","0.00"
"11520","FLOR DE CANA CENTENARIO 12YR 750ML","NULL","Inventory","0.00"
"11521","CITIZEN CIDER","UNKNOWN","Inventory","0.00"
"11522","K.JACKSON MERLOT GRAND RES 13/14","CDI","Inventory","0.00"
"11525","ESPOLON  ANEJO TEQUILA 750ML","HARTLEY PARKER","Inventory","0.00"
"11526","BARON PINTO NOIR 750ML","UNKNOWN","Inventory","0.00"
"11527","BEER SINGLE","NULL","Inventory","0.00"
"11530","EXCLUSIV VODKA PEACH 750ML","CDI MERCH-D","Inventory","0.00"
"11531","CHARAMBA RED VINE 750ML","HARTLEY PARKER","Inventory","0.00"
"11532","BISON GRASS VODKA 50ML","UNKNOWN","Inventory","0.00"
"11534","TWO HEARTED","NULL","Inventory","0.00"
"11535","BLACK BOX RED BLEND WINE 3L","CDI","Inventory","0.00"
"11536","MARTINI 375ML","NULL","Inventory","0.00"
"11538","GOSLINGS BLACK SEAL BERMUDA DARK RUM 750ML","CDI","Inventory","12.00"
"11539","DUCLAW SWEET BABY JESUS CHOCOLATE PEANUT BUTTER PORTER 6PK CANS","NORTHEAST","Inventory","0.00"
"11540","CAMEL SIGN-INFUSED B1G1","MTC","Inventory","0.00"
"11541","BOTA BOX OLD VINE ZINFANDEL 3L","NULL","Inventory","0.00"
"11542","SCARLATTA CAB.VENE.1.5L","UNKNOWN","Inventory","0.00"
"11543","LEGITMUS HAZY PALE ALE 16OZ","UNKNOWN","Inventory","0.00"
"11544","FIDDLEHEAD IPA 4PK CANS","NORTHEAST","Inventory","6.00"
"11546","COCCHI AMERICANO VERMOUTH DI TORINO","NULL","Inventory","0.00"
"11547","CT VALLEY DOBLE IPA","NULL","Inventory","0.00"
"11549","RELIC","NULL","Inventory","0.00"
"11552","BOURGOGNE ROUGE PINOT NOIR","NULL","Inventory","0.00"
"11554","CAPT MORGAN RUM 1.75L TRAVL","HARTLEY PARKER","Inventory","0.00"
"11556","E&J BRANDY VS 375ML","CDI MERCH-D","Inventory","3.00"
"11557","GRGICH HILLS CHARDONNAY 750ML","NULL","Inventory","0.00"
"11558","CANDONI PINOT GRIGIO 750ML","HP","Inventory","0.00"
"11559","SINGLE CUT 16OZ","NULL","Inventory","0.00"
"11560","PLACIDO PINOT GRIGIO 1.5L","ALLAN S GOOD","Inventory","0.00"
"11561","OROGENY PINOT NOIR","NULL","Inventory","0.00"
"11562","GEORGIA MOON JAR 750ML","UNKNOWN","Inventory","0.00"
"11563","COCKATOO CAB-MER. 1.5L","SLOCUM & SONS INC","Inventory","0.00"
"11564","SELECT VODKA 750ML","ACE DISTRIBUTING","Inventory","0.00"
"11565","NORTHWINDS IMPERIAL STOUT  BOTTLE 4/6 12Z","NULL","Inventory","0.00"
"11566","SCHMITT SOHNE RIESLING 1.5LT","CDI","Inventory","0.00"
"11570","NARRAGANSETT LAGER 16OZ CANS","NORTHEAST","Inventory","5.00"
"11576","PETIT CHSBLIS","NULL","Inventory","0.00"
"11578","JOY G","NULL","Inventory","0.00"
"11579","KENT FALL 16OZ","UNKNOWN","Inventory","0.00"
"11581","STEW.O.N.CREAM 120Z","UNKNOWN","Inventory","0.00"
"11582","JOOSE  DRAGON 24OZ CAN","STAR","Inventory","0.00"
"11584","TOPPLING BREW CO PSEUDO SUE 4PK","NULL","Inventory","0.00"
"11589","CUPCAKE CABERNET SAUVIGNON 750ML","EDER BROS","Inventory","7.00"
"11590","BROAD BROOK ALE","NULL","Inventory","0.00"
"11592","FOXHORN MERLOT750ML","ALLAN S GOOD","Inventory","0.00"
"11593","WOODFORD RESERVE BOURBON 375ML","EDER BROS","Inventory","4.00"
"11594","VAN GOGH VODKA 750ML","EDER BROS","Inventory","0.00"
"11595","PALO VIEJO GOLD RUM 200ML","HARTLEY PARKER","Inventory","0.00"
"11596","AZUL PORTUGAL","NULL","Inventory","0.00"
"11598","PROVENANCE MERLOT NAPA VALLEY 750ML","SLOCUM & SONS INC","Inventory","0.00"
"11599","BLACKHEART SPICED RUM 750","HARTLEY PARKER","Inventory","0.00"
"11603","LOUIS LATOUR MACON-LUGNY LES GENIEVRES","MONSIEUR T","Inventory","0.00"
"11604","BALLAST POINT DEAD RINGER 12 OZ","NULL","Inventory","0.00"
"11606","DOMINUS 1997","UNKNOWN","Inventory","0.00"
"11610","FOREST GLEN CAB SAUV","BRESCOME","Inventory","0.00"
"11611","ROLLING ROCK BOTTLE 2/12PK 12 OZ","HDI","Inventory","4.00"
"11612","BRECKENRIDGE CHRISTMAS ALE 12OZ","NULL","Inventory","0.00"
"11613","PECS. SLOVOVITZ PL","UNKNOWN","Inventory","0.00"
"11614","INDIGO HILL750MLPINOT","UNKNOWN","Inventory","0.00"
"11615","OFFLEY PORTO.750ML","UNKNOWN","Inventory","0.00"
"11616","FIRST RUN SHIRAZ 1.5L","HARTLEY PARKER","Inventory","0.00"
"11617","COL SOLARE RED 09/11 6PK","NULL","Inventory","0.00"
"11618","MAYNARD'S 20YRS","NULL","Inventory","0.00"
"11620","CAPTAION LAWRENCE 16OZ 4PK","NULL","Inventory","0.00"
"11626","EXOTICO BLANCO TEQUILA","NULL","Inventory","0.00"
"11628","T.HOOKER GOAT SHANDY 16OZ","UNKNOWN","Inventory","0.00"
"11629","COASTAL RIDGE CAB.SAU. 1.5L","ALLAN S GOOD","Inventory","0.00"
"11634","VICTORY SINGLE","NULL","Inventory","0.00"
"11635","SPIKED SALZER VARIETY","NULL","Inventory","0.00"
"11636","SIERRA NEVADA PALE ALE 12PK BOTTLE 12 OZ","NORTHEAST","Inventory","8.00"
"11637","JAMESON IRISH WHISKEY 200ML","BRESCOME","Inventory","4.00"
"11638","ORIG BARTNDRS BANANAS OVER YOU","HARTLEY PARKER","Inventory","0.00"
"11639","GALLIANO LIQUEURE 750ML","NULL","Inventory","0.00"
"11644","SCORPION MEZCAL JOVAN (SILVER)6PK","ACE DISTRIBUTING","Inventory","0.00"
"11645","TIN ROOF SAU. BLANC 750ML","CDI","Inventory","0.00"
"11646","LITCHFIELD BATCHERS STRAIGHT RYE WHISKEY 750ML","EDER BROS","Inventory","1.00"
"11647","7 DEADLY ZINS OLD VINE ZINFANDEL 750ML","EDER BROS","Inventory","12.00"
"11648","JADOT PINOT NOIR BOURGOGNE 750ML","NULL","Inventory","0.00"
"11649","ROCK & RYE 750ML","BRESCOME","Inventory","0.00"
"11651","BASS ALE 4PK CAN","G & G BEVERAGE DIST","Inventory","0.00"
"11653","CITRA PINOT GRIGIO 1.5L","WORLD WIDE","Inventory","0.00"
"11656","THOMAS HOOKER BLONDE ALE","DICHELLO","Inventory","0.00"
"11657","AUSTINE SUPER DRY 6PK","UNKNOWN","Inventory","0.00"
"11661","NEWTON SKYSIDE CHARDONNAY 15/16","NULL","Inventory","0.00"
"11663","SEA RIDGE CHARDONNAY 1.5L","NULL","Inventory","0.00"
"11668","SYRAH LA VIOLETT. 750ML","UNKNOWN","Inventory","0.00"
"11669","FRESCOBALDI CASTIGLIONI 750ML","NULL","Inventory","0.00"
"11675","PARROT  BAY KEY LIME RUM 750ML","HARTLEY PARKER","Inventory","0.00"
"11676","JEL SHOTS","ACE DISTRIBUTING","Inventory","0.00"
"11677","TOTTS EXTRA DRY CHAMP 750ML","CDI MERCH-D","Inventory","0.00"
"11678","PARROT BAY MOJITO MANGO 1.75L","HARTLEY PARKER","Inventory","0.00"
"11680","GENTLEMAN JACK 1.75L","EDER BROS","Inventory","0.00"
"11684","YELLOW TAIL PINOT GRIGIO 1.5 L","BRESCOME","Inventory","19.00"
"11686","MOSCATO D ASTI VALLEB.750ML","UNKNOWN","Inventory","0.00"
"11688","BLVD FLORA OBSCURA 4/6/12 NR","NULL","Inventory","0.00"
"11689","SLANE CASTLE IRISH WHIS. 750ML","CDI","Inventory","0.00"
"11692","STIRRINGS SIMPLE SYRUP 12OZ","BRESCOME","Inventory","6.00"
"11694","UNKNOWN_ITEM_24","NULL","Inventory","0.00"
"11696","CIROC PINEAPPLE 50 ML","NULL","Inventory","0.00"
"11697","BOGLE CHARDONNAY 750ML","CDI","Inventory","18.00"
"11699","RUSSELLS RESERVE 10 YR BOURBON WHISKEY 750ML","BRESCOME","Inventory","2.00"
"11701","PUMPKIN HEAD SELTZ SINGLE","NULL","Inventory","0.00"
"11702","ABSOLUT CITRON VODKA 750ML","MARTIGNETTI ","Inventory","1.00"
"11703","CALYX GIN 750 ML","UNKNOWN","Inventory","0.00"
"11704","PUCKER GRAPE VODKA 750ML","BRESCOME","Inventory","0.00"
"11705","SIX POINT HAZY 16OZ","NULL","Inventory","0.00"
"11706","BEER SINGLE","NULL","Inventory","0.00"
"11707","YUENGLING LIGHT 24PK CAN 12 OZ SUITCASE","A. GALLO","Inventory","72.00"
"11708","NAKED GRAPE CABERNET 3 L","NULL","Inventory","0.00"
"11709","DONA HELENA","NULL","Inventory","0.00"
"11710","MALIBU PINEAPPLE 1.75L","CDI","Inventory","0.00"
"11712","GALLO SONOMA RES P.GRIS 750ML","CDI MERCH-D","Inventory","0.00"
"11713","SPRIG","NULL","Inventory","0.00"
"11714","LITTLE BOOMEY CAB-MERLOT 1.5L","CDI","Inventory","0.00"
"11718","UV GRAPE PL","SLOCUM & SONS INC","Inventory","0.00"
"11721","KRAKEN BLACK SPICED RUM","BRESCOME","Inventory","0.00"
"11722","SKY GRAPE VODKA 50ML","HARTLEY PARKER","Inventory","0.00"
"11724","BRONX IPA","NULL","Inventory","0.00"
"11727","NUGAN FAMILY CHARD. 750ML","UNKNOWN","Inventory","0.00"
"11729","JACQ.R.&RYE 200 ML","UNKNOWN","Inventory","0.00"
"11730","SONOMA MENTHOL LT 100 BOX","MANCHESTER T","Inventory","0.00"
"11731","STONE","NULL","Inventory","0.00"
"11733","TOASTED HEAD MERLOT 750ML","CDI","Inventory","0.00"
"11734","KILBEGGAN (IRISH)","UNKNOWN","Inventory","0.00"
"11736","CRAFT PACK  BOTTLE 2/12 12Z","NULL","Inventory","0.00"
"11740","RIDGE ZINFANDLE 2006","NULL","Inventory","0.00"
"11741","MAYNARD'S 10 YR","NULL","Inventory","0.00"
"11742","SARANAC BLACK FOREST 6PK BTL","STAR","Inventory","0.00"
"11744","TAYLOR GOLDEN SHERRY 1.5L","CDI","Inventory","0.00"
"11749","MR.BOSTON BLACK BERRY 1.75LT","BRESCOME","Inventory","0.00"
"11750","JACQUIN'S VODKA ROYALE","UNKNOWN","Inventory","0.00"
"11752","LORD CALVERT CANADIAN 1.75L","BRESCOME","Inventory","0.00"
"11753","LIVING CELLAR PINOT NOIR","CDI MERCH-D","Inventory","0.00"
"11755","NOBLE VINES 667 PINOT NOIR","MARTIGNETTI ","Inventory","6.00"
"11763","ARUMA MALBAC","NULL","Inventory","0.00"
"11766","BAXTER LAGER 16OZ","NULL","Inventory","0.00"
"11768","DEEP EDDY CRANBERRY VODKA 750ML","EDER BROS","Inventory","0.00"
"11770","MICHAEL DAVID FREAKSHOW CABERNET SAUVIGNON 750ML","NULL","Inventory","0.00"
"11771","CUERVO CITRICO 50ML","ALLAN S GOOD","Inventory","0.00"
"11774","BLUE LABEL 750ML","UNKNOWN","Inventory","0.00"
"11775","CAMAURO  750ML","ACE DISTRIBUTING","Inventory","0.00"
"11776","TRAPP VARIERTY","NULL","Inventory","0.00"
"11778","DANIEL POLLIER","NULL","Inventory","0.00"
"11779","LAGUNITA LIL SUMPIN 12PKS BTLS","A. GALLO","Inventory","0.00"
"11781","MOET ROSE IMPERIAL  750ML","BRESCOME","Inventory","0.00"
"11782","CRABBIE'S ORIGINAL GINGER BEER 12 OZ","NULL","Inventory","0.00"
"11786","BAXTER","NULL","Inventory","0.00"
"11788","POLAR DIET TONIC 1L","STAR","Inventory","14.00"
"11789","FINLANDIA WILD BERRIES 50ML","ALLAN S GOOD","Inventory","0.00"
"11793","AMARO LUCANO","NULL","Inventory","0.00"
"11794","BAREFOOT PINOT NOIR 1.5L","CDI","Inventory","0.00"
"11796","STARBUCKS CREAM LIQUER 750ML","CDI","Inventory","0.00"
"11797","SANTA MARVISTA MERLOT 1.5L","HARTLEY PARKER","Inventory","0.00"
"11799","NARRAGANSETT DEL'S SHANDY SEASONAL","NORTHEAST","Inventory","0.00"
"11800","BLOODY BOLD MARY MIX 64OZ","HARTLEY PARKER","Inventory","0.00"
"11801","HOG RIVER GLITTER PARTY","UNKNOWN","Inventory","0.00"
"11802","GUINNESS DRAUGHT STOUT 18PKS CANS 14.9FLOZ","A. GALLO","Inventory","3.00"
"11803","CIROC MANGO","NULL","Inventory","0.00"
"11804","BACARDI GOLD RUM 200ML","EDER BROS","Inventory","0.00"
"11805","WHITE TRUCK PINOT GRIGIO 750ML","SLOCUM & SONS INC","Inventory","0.00"
"11806","TIKI RITA ORIG-MARGARITA 4PK","UNKNOWN","Inventory","0.00"
"11810","LA COLLINE MERLOT 1.5L","UNKNOWN","Inventory","0.00"
"11811","BRUGAL WHITE LABEL RUM 750ML","CDI","Inventory","0.00"
"11812","POPOV VODKA 1.75L","BRESCOME","Inventory","0.00"
"11815","PEPI MERLOT 750ML","UNKNOWN","Inventory","0.00"
"11816","FLEISCHMANNS 200ML","BRESCOME","Inventory","0.00"
"11818","VERAMONTE MERLOT","BRESCOME","Inventory","0.00"
"11819","WEYERBACHER LAST CHANCE IPA 12 OZ","NULL","Inventory","0.00"
"11820","CAPTAIN MORGAN SPICED RUM 50 ML","CDI","Inventory","0.00"
"11823","MARLBORO SPECIAL BLAND  BOX","MTC","Inventory","0.00"
"11824","MONTE ANTICO ROSSO 750ML","CDI","Inventory","0.00"
"11826","HARVEYS SOLERA SHERRY BRISTOL CREAM 750ML","BRESCOME","Inventory","11.00"
"11827","BBC FARMSTAND RASS 4PK","NULL","Inventory","0.00"
"11831","BAREFOOT PINK MOSCATO 1.5LT","CDI","Inventory","7.00"
"11832","SNAP DRAGON RED WINE","EDER BROS","Inventory","0.00"
"11835","SHEFFIELD TAWNY PORT 1.5 LT","CDI MERCH-D","Inventory","0.00"
"11840","CHAMPLAIN ORCHARDS FARMSTEAD SEMI-DRY CIDER","UNKNOWN","Inventory","0.00"
"11841","MIKES HARD FREEZE VARIETY  12PK CANS","A. GALLO","Inventory","0.00"
"11842","BUKOFF VODKA 80P 200ML","HARTLEY PARKER","Inventory","0.00"
"11844","KETEL ONE VODKA 1.75LT","BRESCOME","Inventory","37.00"
"11845","SINGLETON-18 YR","NULL","Inventory","0.00"
"11847","LEIBA","NULL","Inventory","0.00"
"11848","SIMI SONOMA COUNTY CHARDONNAY 750ML","EDER BROS","Inventory","16.00"
"11851","RIONDO PROSECCO FRIZZANTE 750ML","BRESCOME","Inventory","0.00"
"11853","JACK'S ABBY 12PKS CANS","NULL","Inventory","0.00"
"11854","ELDERBERRY LEMONADE","UNKNOWN","Inventory","0.00"
"11858","VAN GOGH VODKA 1.75L","EDER BROS","Inventory","0.00"
"11861","JEREMIAH WEED 750ML","BRESCOME","Inventory","0.00"
"11862","GRANTS BLENDED SCOTCH WHISKEY 1.75LT","BRESCOME","Inventory","7.00"
"11863","BV COASTAL CHARDONNAY","NULL","Inventory","0.00"
"11865","GIRARD NAPA RED ARTIST 12 6PK","NULL","Inventory","0.00"
"11867","PARROT BAY PINEAPPLE 1.75L","BRESCOME","Inventory","0.00"
"11869","LEROUX PEPPERMINT SCHNAPPS 100 PROOF 750ML","CDI","Inventory","3.00"
"11870","CUTWATER TEQUILA LIME MARGARITA 12OZ 4PK","NORTHEAST","Inventory","16.00"
"11871","PARROT BAY RUM 1.75L","HARTLEY PARKER","Inventory","0.00"
"11873","LINDEMANS BIN 40 MERLOT 1.5 L","SLOCUM & SONS INC","Inventory","12.00"
"11874","RAVENSWOOD LODI ZINFANDEL 14/15","NULL","Inventory","0.00"
"11875","SKULL HAMER","NULL","Inventory","0.00"
"11877","OYSTER BAY SAUVIGNON BLANC 750ML","EDER BROS","Inventory","2.00"
"11881","WOODWORK PINOT NOIR","NULL","Inventory","0.00"
"11882","FIREBALL 6PK OF 100ML","UNKNOWN","Inventory","0.00"
"11883","RELIC DOBBLE IPA","NULL","Inventory","0.00"
"11886","HOOKER NO FILTER","NULL","Inventory","0.00"
"11887","ERISTOFF  VODKA 750ML","BRESCOME","Inventory","0.00"
"11890","DOGFISH HEAD 90 MINUTE IMPERIAL IPA 6PK BTL","A. GALLO","Inventory","0.00"
"11891","PARTIDA AGAVE NECTAR 11.6OZ","CDI","Inventory","0.00"
"11892","CREME YVETTE MIX 750ML","NULL","Inventory","0.00"
"11893","STONE VENGEFUL SPIRIT 12OZ","NULL","Inventory","0.00"
"11894","HIGH WEST CAMPFIRE BOURBON WHISKEY 750ML","EDER BROS","Inventory","2.00"
"11896","SIZZURP 750ML","NULL","Inventory","0.00"
"11897","FINLANDIA TANGERINE VODKA 50ML","EDER BROS","Inventory","0.00"
"11898","MARIE BRIZARD LIQ. 375ML","UNKNOWN","Inventory","0.00"
"11901","GIFT CERTIFICATE PAID","NULL","Inventory","0.00"
"11902","MOLLYS IRISHCREAM 750ML","SLOCUM & SONS INC","Inventory","0.00"
"11905","ELYSIANSPACE DUST 19OZ","NULL","Inventory","0.00"
"11906","JACK'S ABBY SMOKE AND DAGGER BLACK LAGER","NULL","Inventory","0.00"
"11907","TGI FRIDAYS LONG ISL ICED T PL","NULL","Inventory","0.00"
"11920","CIGAR BOX MALBEC 750ML","BRESCOME","Inventory","15.00"
"11922","PARROT BAY PINEAPPLE RUM 750ML","HARTLEY PARKER","Inventory","0.00"
"11924","LA VIEILLE FERME BLANC 750ML","BRESCOME","Inventory","0.00"
"11926","LAPHROAIG QUARTER CASK SCOTCH 750ML","BRESCOME","Inventory","4.00"
"11927","THIMBLE ISLAND KRAKEN 4PK","NULL","Inventory","0.00"
"11929","GREEN TRUCK SAUVIGNON BLANC","NULL","Inventory","0.00"
"11930","TAYLOR TAWNY PORT 750ML","CDI","Inventory","0.00"
"11933","NANDO ASTI 1.5L","NULL","Inventory","0.00"
"11935","CASILLERO DEL DIABLO SAU BLANC 750ML","UNKNOWN","Inventory","0.00"
"11936","JACQUIN VODKA375ML","UNKNOWN","Inventory","0.00"
"11938","WOODBRIDGE WHITE ZINFANDEL 1.5LT","HARTLEY PARKER","Inventory","0.00"
"11943","MAIN BEER","NULL","Inventory","0.00"
"11944","DREAMING TREE PINOT 750ML","NULL","Inventory","0.00"
"11946","UV VODKA GRAPE 750ML","SLOCUM & SONS INC","Inventory","0.00"
"11949","TULLAMORE DEW IRISH WHISKEY 375ML","MARTIGNETTI ","Inventory","5.00"
"11950","BAILEYS IRISH CREAM 200ML","MARTIGNETTI ","Inventory","3.00"
"11951","TWO OCEANS SAUV.BLANC","NULL","Inventory","0.00"
"11952","SHAFER CHARDONNAY NAPA VALLEY 750ML","TOUTON MONSIEUR TOUTON SELECTION LTD","Inventory","1.00"
"11955","H WALKER MANGO SCHNAPPS","BRESCOME","Inventory","0.00"
"11957","AMSTEL LIGHT 12PK BOTTLE 12 OZ","HDI","Inventory","3.00"
"11958","MATEUS ROSE 750ML","BRESCOME","Inventory","0.00"
"11960","SPIRYTUS GRAIN 750ML","UNKNOWN","Inventory","0.00"
"11961","AMPAKAMA CAB-SAV 1.5L","DICHELLO","Inventory","0.00"
"11962","TWO BROTHERS IPA 6PKS","NULL","Inventory","0.00"
"11963","JEREMIAH WEED 1/2&1/2 750ML","BRESCOME","Inventory","0.00"
"11965","SHEPHERDS RIDGE SAV.BLANC .750","UNKNOWN","Inventory","0.00"
"11968","BBC 25TH ANNIVERSARY EDITION 4","UNKNOWN","Inventory","0.00"
"11972","ALVARIUM PHRESH IPA 16OZ 4PK CANS","SARENE CRAFT BEER","Inventory","-12.00"
"11973","ROCK HILL FARMS SINGLE BARREL BOURBON 750ML","NORTHEAST","Inventory","0.00"
"11974","BESIDE BLAND","NULL","Inventory","0.00"
"11975","***** YOUR DESCRIPTION ******","UNKNOWN","Inventory","0.00"
"11976","WILLAMETTE VALLEY WHOLE CLUSTER","NULL","Inventory","0.00"
"11978","IMPERIAL","UNKNOWN","Inventory","0.00"
"11979","MILBRANDT MERLOT 750ML","HARTLEY PARKER","Inventory","0.00"
"11985","JUGGERNAUT PINOT NOIR","CDI","Inventory","0.00"
"11986","CASTILLO GOLD RUM 1.75L","BRESCOME","Inventory","1.00"
"11988","SOUTHERN TIER GINGER & PUMPKIN","NULL","Inventory","0.00"
"11989","MEUKOW  90 COGNAC 750ML","HARTLEY PARKER","Inventory","0.00"
"11991","WILD VINES FRU.TROP.1.5L","CDI MERCH-D","Inventory","0.00"
"11992","HUDSON NORTH TOASTED PUMPKIN DRY CIDER","NULL","Inventory","0.00"
"11993","MOZART CHOCOLATE CREAM LIQUEUR 750ML","EDER BROS","Inventory","0.00"
"11994","SVOBODA VODKA 750","ACE DISTRIBUTING","Inventory","0.00"
"11995","CONO SUR PINOT NOIR 750ML","NULL","Inventory","0.00"
"11997","LUNETTA PROSECCO 24PK","NULL","Inventory","0.00"
"12000","RELIC SHADOW","NULL","Inventory","0.00"
"12001","CAROLANS COLD BREW 750ML","NULL","Inventory","0.00"
"12002","ESTANCIA MOSCATO","NULL","Inventory","0.00"
"12003","TONINO WHITE WINE 750ML","ACE DISTRIBUTING","Inventory","0.00"
"12004","JOSE CUERVO GOLD TEQUILA 750ML","EDER BROS","Inventory","2.00"
"12005","RELIC DOBBLE IPA 12OZ","NULL","Inventory","0.00"
"12006","LAGAVULIN 8YR ISLAY SINGLE MALT WHISKEY","BRESCOME","Inventory","3.00"
"12007","JOSE CUERVO SILVER TEQUILA 50ML","EDER BROS","Inventory","-132.00"
"12008","MAIN IPA","NULL","Inventory","0.00"
"12009","THREE OLIVES GRAPE VODKA 750ML","BRESCOME","Inventory","0.00"
"12010","GNARLY HEAD RED 750ML","HARTLEY PARKER","Inventory","0.00"
"12011","FIRESTEED PINOT NOIR 750ML","EDER BROS","Inventory","0.00"
"12012","HOOKER HONNEY BERRY ALE","NULL","Inventory","0.00"
"12013","REBEL YELL 100PF 750ML","ALLAN S GOOD","Inventory","0.00"
"12014","COASTAL RIDGE MERLOT 1.5L","BRESCOME","Inventory","0.00"
"12016","JOSEPHINE MARGAUX","NULL","Inventory","0.00"
"12018","SOUTHERN COMFORT 70 PROOF 375ML","EDER BROS","Inventory","1.00"
"12019","CYNAR 750ML","HARTLEY PARKER","Inventory","0.00"
"12022","BULLEIT BOURBON 1.75L","BRESCOME","Inventory","4.00"
"12023","BALLANTINE IPA","NULL","Inventory","0.00"
"12025","SKOL VODKA 80 1 L","NULL","Inventory","0.00"
"12027","DEVILS BACKB LEMONADE 4PK","NULL","Inventory","0.00"
"12028","MARIE BRIZARD PEAR LIQUEUR 750ML","NULL","Inventory","0.00"
"12030","ART HOP  CAN 6/4 16Z","NULL","Inventory","0.00"
"12032","LATOUR PINOT NOIR 750ML","MONSIEUR T","Inventory","0.00"
"12033","USA MENTHOL BOX","MTC","Inventory","0.00"
"12035","UV BLUE VODKA 375 ML","SLOCUM & SONS INC","Inventory","0.00"
"12037","LEGITIMUS CLUST INTERLUDE 4PK","NULL","Inventory","0.00"
"12039","X RATED FUSION LIQUER 1 L","HARTLEY PARKER","Inventory","0.00"
"12040","SHEBEEN 12 OZ","NULL","Inventory","0.00"
"12041","JOSE CUERVO LIGHT MARGARITA 1.75L","EDER BROS","Inventory","0.00"
"12042","LILLET APERTIF BLANC 750ML","MARTIGNETTI ","Inventory","4.00"
"12043","BACARDI GOLD 750ML","BRESCOME","Inventory","14.00"
"12044","TENFIDY IMPERIAL STOUT","NULL","Inventory","0.00"
"12046","YANGARRAPARK MERLOT.750ML","UNKNOWN","Inventory","0.00"
"12047","TAYLOR FLADGATE TAWNY PORTO 10YR 750ML","BRESCOME","Inventory","2.00"
"12048","GALLIANO LIQUEURE 750ML","NULL","Inventory","0.00"
"12049","BUSCH CAN 2/12PK 12 OZ","HDI","Inventory","22.00"
"12052","CONE HEAD","NULL","Inventory","0.00"
"12053","MIJA SANGRIA","NULL","Inventory","0.00"
"12055","KJ CHARDONNAY GR. RES. 750ML","CDI","Inventory","0.00"
"12056","ASCOTT XO BRANDY 750ML","MONSIEUR T","Inventory","0.00"
"12057","ORGANIC RADICAL CAB 750ML","NEW ENGLAND","Inventory","0.00"
"12059","MARLOWE PLOOSH 4PK","NULL","Inventory","0.00"
"12062","SMIRNOFF VODKA 80PROOF 50ML","EDER BROS","Inventory","-384.00"
"12063","BANROCK STATION MERLOT1.5L","HARTLEY PARKER","Inventory","0.00"
"12066","ARIDO SAV.BLANC 750ML","HARTLEY PARKER","Inventory","0.00"
"12068","ARBOR MIST BLNDR STRAWBERRY 1.5 L","NULL","Inventory","0.00"
"12069","YALUMBA MERLOT 750ML","MONSIEUR T","Inventory","0.00"
"12070","VECCHIA ROMAGNA BRANDY 750ML","NULL","Inventory","0.00"
"12076","COCA COLA 12 OZ CANS","UNKNOWN","Inventory","36.00"
"12080","WATER","NULL","Inventory","0.00"
"12082","HOBO LIFE 12OZ","NULL","Inventory","0.00"
"12083","MAINE BEER COMPANY LUNCH IPA 9FL OZ BOTTLE","NORTHEAST","Inventory","11.00"
"12084","COLLEJA DOURO 750ML","UNKNOWN","Inventory","0.00"
"12086","NAKED GRAPE RED BLEND 6PK","NULL","Inventory","0.00"
"12088","NOVAL","NULL","Inventory","0.00"
"12091","BALLAST POINT SCULPIN CAN","NULL","Inventory","0.00"
"12092","OTTER CREEK 6PKS","NULL","Inventory","0.00"
"12093","HEAVY LIFTING IPA 6PKS","NULL","Inventory","0.00"
"12094","PW SUMMER BREW 6PK BTL.","UNKNOWN","Inventory","0.00"
"12095","GPC METH 100","UNKNOWN","Inventory","0.00"
"12096","BANDED BREWING","UNKNOWN","Inventory","0.00"
"12097","CITRUS JACK SPLASH 4 PC","ALLAN S GOOD","Inventory","0.00"
"12098","OKOCIM 16OZ SGL CAN","ARKO LLC","Inventory","0.00"
"12102","SQUIELA","NULL","Inventory","0.00"
"12103","BURNETTS MANGO PINEAPPLE 750ML","HP","Inventory","0.00"
"12106","LADY BLIGH SPICED RUM 750ML","SLOCUM & SONS INC","Inventory","10.00"
"12107","PALM BREEZE RUBY RED","NULL","Inventory","0.00"
"12108","PARROT BAY MOJITO CITRUS 1.75L","HARTLEY PARKER","Inventory","0.00"
"12109","MARLBORO SPEC. BLAND 100 BOX","MTC","Inventory","0.00"
"12111","MCKENZIES GREEN APPLE CIDER 4/6/12N","NULL","Inventory","0.00"
"12112","COURVOISIER VS 50ML","BRESCOME","Inventory","1.00"
"12114","EXTREM GREEN APPLE VODKA 750ML","ACE DISTRIBUTING","Inventory","0.00"
"12115","BLOCK NINE PINOT NOIR 750ML","SLOCUM & SONS INC","Inventory","0.00"
"12117","LIMONCELLO LIMONCE 750ML","NULL","Inventory","0.00"
"12118","JIM BEAM FIRE 50 ML","CDI","Inventory","270.00"
"12124","RELIC IPA","NULL","Inventory","0.00"
"12125","CHAMPLAIN","UNKNOWN","Inventory","0.00"
"12126","SWICHBACK 6PKS","NULL","Inventory","0.00"
"12128","BULLY BOY VODKA 750ML","NULL","Inventory","0.00"
"12129","CORAZON REPOSADO 750ML","CDI","Inventory","0.00"
"12130","WILD MOON CHAI SPICE LIQUEUR","NULL","Inventory","0.00"
"12131","BEYOND VODKA 50ML","ACE DISTRIBUTING","Inventory","0.00"
"12132","DOLE PINEAPPLE JUICE 8 OZ","NULL","Inventory","10.00"
"12133","VOX VODKA RASPBERRY 750ML","BRESCOME","Inventory","0.00"
"12134","GSM GREN/SYR/MOUR 750ML","UNKNOWN","Inventory","0.00"
"12135","HANGING HILL 16OZ","UNKNOWN","Inventory","0.00"
"12138","ABSOLUT RASPBERRI 750ML","CDI","Inventory","0.00"
"12140","BLACK BOX CABERNET SAUVIGNON 500ML","CDI","Inventory","9.00"
"12141","JAGER SPICE NIP","NULL","Inventory","0.00"
"12142","PRINCIPATO PINOT GRIGIO 1.5L","NULL","Inventory","0.00"
"12143","MAGIC HAT #9 12OZ","STAR","Inventory","0.00"
"12144","FOUR STAR PILS BOTTLE 4/6 12 OZ","NULL","Inventory","0.00"
"12148","MENDOCINO EYE HAWK 12PK BTL","G & G BEVERAGE DIST","Inventory","0.00"
"12149","DON DAVID MALBEC 750ML","NULL","Inventory","0.00"
"12150","THIMBLE ISLAND","NULL","Inventory","0.00"
"12152","HERITANCE CABERNET SAUVIGNON 14","NULL","Inventory","0.00"
"12154","MK LIGHTER","UNKNOWN","Inventory","0.00"
"12158","ERATH PINOT GRIS","NULL","Inventory","0.00"
"12159","SUTTER HOME SAUV BLANC 4PK 187ML","CDI","Inventory","-34.00"
"12161","GALLO WH ZINFANDEL 1.5 L","NULL","Inventory","0.00"
"12162","WARKA 6PK BTL","FRANKLIN","Inventory","0.00"
"12163","GLEN ELLEN WHITE ZINF. 750ML","BRESCOME","Inventory","0.00"
"12165","VILD VINES RRUT.PASS.750ML","NULL","Inventory","0.00"
"12168","GOSLINGS GINGER BEER DIET 12OZ 6 PK CANS","BRESCOME","Inventory","12.00"
"12169","BROOKLYN","NULL","Inventory","0.00"
"12173","MISC","UNKNOWN","Inventory","0.00"
"12175","MOLOTAV LITE  CAN 6/4 16Z","NULL","Inventory","0.00"
"12177","CROP HARVEST EARTH ARTISANAL ORGANIC VODKA 750ML","BRESCOME","Inventory","3.00"
"12178","CRYSTAL PALACE GIN 1.75L","EDER BROS","Inventory","4.00"
"12179","QUINTESSA 750ML","SLOCUM & SONS INC","Inventory","0.00"
"12180","MENAGE A TRIOS EXOTIC WHITE BLEND 750ML","CDI","Inventory","0.00"
"12181","RED BLAND","NULL","Inventory","0.00"
"12182","REFUND     5 CENT","UNKNOWN","Inventory","0.00"
"12187","SOGNO CRE.LEMONCELLO .750","UNKNOWN","Inventory","0.00"
"12190","MENDOCINO VARIETY 12PK BTL","G & G BEVERAGE DIST","Inventory","0.00"
"12192","YUENGLING LIGHT 12OZ 6PK BTLS","A. GALLO","Inventory","6.00"
"12195","TWISTED TEA ORIGINAL 12 OZ 6PK BOTTLE","A. GALLO","Inventory","6.00"
"12196","JOSE CUERVO PINK LEMONADE MARGARITA 1.75L","NULL","Inventory","0.00"
"12197","BLUE POINT TOASTED LAGER 6PK BOTTLE 12 OZ","DICHELLO","Inventory","0.00"
"12199","J & B RARE 200ML","HARTLEY PARKER","Inventory","0.00"
"12202","RELIC","UNKNOWN","Inventory","0.00"
"12203","CAPT MORGAN ORANGE VANILLA 750 ML","UNKNOWN","Inventory","0.00"
"12207","LIBERTY CREEK PINOT GRIGIO 1.5 L","CDI","Inventory","18.00"
"12215","HUSKY IPA 4PK","NULL","Inventory","0.00"
"12216","UV CITRUS 1.75L","SLOCUM & SONS INC","Inventory","0.00"
"12218","JIM BEAM PEACH 50ML","CDI","Inventory","14.00"
"12219","COLD RIVER VODKA","NULL","Inventory","0.00"
"12221","G.H. MUMM CARTE CLAS  750ML","CDI","Inventory","0.00"
"12222","PROPER TWELVE IRISH WHISKEY 1.75L","NULL","Inventory","0.00"
"12224","LIBERTY SCHOOL CABERNET 1.5L","NULL","Inventory","0.00"
"12225","ESTANCIA PINOT GRIGIO 750ML","BRESCOME","Inventory","0.00"
"12226","TWISTED PINOT GRIGIO 1.5LT","HARTLEY PARKER","Inventory","0.00"
"12228","WIDMER LAKE NIAGARA 3L","BRESCOME","Inventory","0.00"
"12231","STRAIGHT EDGE BOURBON WHISKEY 6 PACK","NULL","Inventory","0.00"
"12232","SEVEN DAUGHTERS RED BLEND","NULL","Inventory","0.00"
"12235","SALZER","NULL","Inventory","0.00"
"12236","CLOS DU BOIS CHARDONNAY 1.5LT","CDI","Inventory","14.00"
"12237","MALIBU 50 ML","HARTLEY PARKER","Inventory","0.00"
"12238","JACQUIN'S APRICOT BRANDY PL","UNKNOWN","Inventory","0.00"
"12241","SABELLA CAB.SAUV","NULL","Inventory","0.00"
"12244","MADRIA SANGRIA 1.5 L","CDI MERCH-D","Inventory","0.00"
"12246","VILLA ANTINORI TOSCANA","NULL","Inventory","0.00"
"12247","WHITE CLAW BLACK CHERRY 6PK CAN 12OZ","A. GALLO","Inventory","6.00"
"12249","MILBRANDT CAB SAUV","HARTLEY PARKER","Inventory","0.00"
"12251","BLUEMOON BELGIUM ALE BOTTLE 12 PK 12 OZ","A. GALLO","Inventory","5.00"
"12253","STERLING NAPA","NULL","Inventory","0.00"
"12255","PIGHIN PINOT GRIGIO FRIULI","BRESCOME","Inventory","0.00"
"12257","PAPIO MERLOT","NULL","Inventory","0.00"
"12259","MARTINI & ROSSI ASTI SPARKLING WINE 1.5L","HARTLEY PARKER","Inventory","0.00"
"12260","BAILEYS STRAWBERRY & CREAM 50 ML","MARTIGNETTI ","Inventory","85.00"
"12261","CANE RUN PL","NULL","Inventory","0.00"
"12262","DON ALEJA TEQUILA GOLD 1L","HARTLEY PARKER","Inventory","0.00"
"12263","99 BLACK CHERRY 50 ML","EDER BROS","Inventory","66.00"
"12264","CARLO ROSSI PAISANO 4LT","CDI","Inventory","3.00"
"12265","ANGOSTURA AROMATIC BITTERS 118ML/4OZ","EDER BROS","Inventory","3.00"
"12267","DOBBLE RUFFLED 4PKS","NULL","Inventory","0.00"
"12268","ZAYA RUM 750ML","CDI","Inventory","0.00"
"12270","EVERFRESH RUBY RED GRAPEFRUIT 16 OZ","UNKNOWN","Inventory","0.00"
"12271","HOOKER HOP MEADOW 4PK","NULL","Inventory","0.00"
"12275","DOWNEAST WINTER BLEND CRAFT CIDER 4PK CANS","NORTHEAST","Inventory","5.00"
"12276","CHEESE BOARD CHARDONNAY 750ML","NULL","Inventory","0.00"
"12278","EVERFRESH ORANGE JUICE 16 OZ","MTC","Inventory","0.00"
"12279","NEWCASTLE 12PK 12 OZ","STAR","Inventory","0.00"
"12280","CUERVO GOLD TEQUILA 375ML","EDER BROS","Inventory","0.00"
"12282","QUELQUE CHOSE 750ML","NORTHEAST","Inventory","0.00"
"12285","BAYOU SATSUMA 750ML","NULL","Inventory","0.00"
"12287","QUINTA DO VES. VNT. PORT 1995","UNKNOWN","Inventory","0.00"
"12288","DALES DEVIANT IPA 4PK","NULL","Inventory","0.00"
"12289","CRUZAN  MANGO RUM 750ML","UNKNOWN","Inventory","0.00"
"12290","NEW ENGLAND PALE ALE","NULL","Inventory","0.00"
"12292","TWO ROADS NO LIMIT HEFE 4PK 16 FLOZ CANS","A. GALLO","Inventory","6.00"
"12293","MAGIC HAT 6PKS","NULL","Inventory","0.00"
"12295","BORGO MAGREDO","NULL","Inventory","0.00"
"12296","TROG IPA 12 PKS CANS","NULL","Inventory","0.00"
"12298","KJ MERLOT 750ML","CDI","Inventory","0.00"
"12299","FOX BROOK CABERNET SAV 750ML","ALLAN S GOOD","Inventory","0.00"
"12300","RIDGE ZINFANDEL LYTTON SPRINGS 14/15","NULL","Inventory","0.00"
"12302","MILAGRO ANEJO 750ML","BRESCOME","Inventory","0.00"
"12304","BEST DAMM ROOT BEER 12 OZ","NULL","Inventory","0.00"
"12307","UNDURRAGA CAB.SAU. 1.5L","UNKNOWN","Inventory","0.00"
"12308","BIODYNAMIC TEMPRANILLO","NULL","Inventory","0.00"
"12310","EL CABRON 16OZ","UNKNOWN","Inventory","0.00"
"12312","LONE PINE","NULL","Inventory","0.00"
"12314","LORD HOBO","NULL","Inventory","0.00"
"12317","MENAGE A TROIS RED WINE 750ML","CDI","Inventory","0.00"
"12320","1800 COCONUT 375ML","EDER BROS","Inventory","2.00"
"12321","JEREMIAH WEED SWEET TEA VODKA","BRESCOME","Inventory","0.00"
"12322","STONE RIPPER PALE ALE 12 OZ","NULL","Inventory","0.00"
"12324","CAPT MORGAN MANGO 50ML","HARTLEY PARKER","Inventory","0.00"
"12325","CHI-CHI'S  WHITE RUSSIAN 1.75","UNKNOWN","Inventory","0.00"
"12327","HOOF HEARTED DISC NACH 4PK","NULL","Inventory","0.00"
"12328","SIX POINT 6PK","UNKNOWN","Inventory","0.00"
"12329","SKYGAZER","UNKNOWN","Inventory","0.00"
"12331","CAPT MORGAN'S PARROT BAY-90","HARTLEY PARKER","Inventory","0.00"
"12332","NIGHT SHIFT NITE LITE CRAFT LIGHT LAGER 12PK","UNKNOWN","Inventory","0.00"
"12334","HARMITHURSH","NULL","Inventory","0.00"
"12338","BOTA BOX SAUVIGNON BLANC 3L","MARTIGNETTI ","Inventory","9.00"
"12339","SNAPPLE LEMON ICED TEA","UNKNOWN","Inventory","0.00"
"12341","BODEGA ELENA MALBEC 750ML","CDI MERCH-D","Inventory","0.00"
"12343","HIRAM ANISETTE LIQUEUR 375ML","EDER BROS","Inventory","0.00"
"12344","BROAD BROOK IPA 4PKS","NULL","Inventory","0.00"
"12345","WASMUND'S RYE SPIRIT","NULL","Inventory","0.00"
"12346","SCHWEPPES DIET TONIC WATER 1 LT","NULL","Inventory","0.00"
"12349","NANDO ASTI SPUMANTE 750ML","ACE DISTRIBUTING","Inventory","0.00"
"12355","CARPANO ANTICA VERMOUTH 1L","NULL","Inventory","0.00"
"12356","DOMAINE DE LA","UNKNOWN","Inventory","0.00"
"12358","UINTA HOP NOTCH IPA 6 PK 12 OZ","NULL","Inventory","0.00"
"12359","WILD VINES SANGRIA 1.5L","CDI MERCH-D","Inventory","0.00"
"12360","CAMEL NO 9 MENT.100 BOX","MTC","Inventory","0.00"
"12363","TEELING SMALL BATCH IRISH WHISKEY FINISHED IN RUM CASK 750ML","UNKNOWN","Inventory","2.00"
"12365","LA PERRIERE BORDEAUX","NULL","Inventory","0.00"
"12367","INGLENOOK WHITE-ZINF 4L","BRESCOME","Inventory","0.00"
"12368","SPRIG","NULL","Inventory","0.00"
"12369","CALUMET FARM 15YR SINGLE RACK BLACK 750ML","NORTHEAST","Inventory","0.00"
"12372","TROEGS HOPBACK 6PKS","NULL","Inventory","0.00"
"12375","TANQUERAY GIN 750ML","EDER BROS","Inventory","10.00"
"12378","CITIZEN CIDER UNIFIED PRESS","NULL","Inventory","0.00"
"12379","RUMPLE MINZE BERRY 750ML","HARTLEY PARKER","Inventory","0.00"
"12384","HANGAR ONE VODKA 750ML","HARTLEY PARKER","Inventory","0.00"
"12385","PAVAN LIQ 6PK","NULL","Inventory","0.00"
"12388","LONE PINE 16OZ","NULL","Inventory","0.00"
"12389","BAREFOOT SPRITZER MOSCATO 250ML 4PK CAN","CDI","Inventory","20.00"
"12390","CIROC PEACH 750ML","BRESCOME","Inventory","0.00"
"12394","MR.BOSTON BLACKBERRY 200ML","BRESCOME","Inventory","0.00"
"12395","UV BLUE VODKA 1.75 LT","SLOCUM & SONS INC","Inventory","0.00"
"12396","CARDIFF CHARDONNAY 1.5L","UNKNOWN","Inventory","0.00"
"12398","DUVAL BELGIAN 11 OZ","NULL","Inventory","0.00"
"12399","CARSTAIRS WHITE SEAL 375ML","HARTLEY PARKER","Inventory","0.00"
"12400","FRONTERA PINOT GRIGIO 1.5LT","BRESCOME","Inventory","1.00"
"12401","CHATEAU DE RIBEBON BORDEAUX SUPERIEUR 750ML","TOUTON MONSIEUR TOUTON SELECTION LTD","Inventory","0.00"
"12404","LIQUOR WHIPPED VANILLA","NULL","Inventory","0.00"
"12405","INGLENOOK CHARD. 3L","BRESCOME","Inventory","0.00"
"12410","PERIRIER-JOUET","UNKNOWN","Inventory","0.00"
"12411","STERLING HERITAGE NAPA CHARDONNAY","ALLAN S GOOD","Inventory","0.00"
"12412","CK MONDAVI CABERNET SAUVIGNON 1.5LT","CDI","Inventory","8.00"
"12415","WILLIAM HILL NORTH COAST CHARDONNAY 750ML","CDI","Inventory","0.00"
"12418","FLIP FLOP MOSCATO","EDER BROS","Inventory","0.00"
"12419","ALTOS REPOSADO TEQUILA 750ML","NULL","Inventory","0.00"
"12420","TWO BROTHERS EXTRA PALE ALE","NULL","Inventory","0.00"
"12421","PLASTIC","NULL","Inventory","0.00"
"12426","PUCKER SOUR APPLE 750ML","BRESCOME","Inventory","0.00"
"12429","DOMOWY SPIRYTUS","NULL","Inventory","0.00"
"12431","HAIKU SAKI","NULL","Inventory","0.00"
"12435","SWEETWATER 420 16OZ CAN 16.9Z","UNKNOWN","Inventory","0.00"
"12436","SCHAEFER 30PK 120Z CANS","A. GALLO","Inventory","2.00"
"12439","DUCKHORN CABERNET SAUVIGNON NAPA","NULL","Inventory","0.00"
"12440","MILLER LITE CAN 30 PK 12 OZ","A. GALLO","Inventory","276.00"
"12442","SERIAL PASO ROBLES CABERNET SAUVIGNON 750ML","UNKNOWN","Inventory","0.00"
"12443","LUNETTA PROSECCO ROSE 187ML 3PK","NULL","Inventory","0.00"
"12446","TROGS IPA 6PKS","NULL","Inventory","0.00"
"12449","PATRON SILVER TEQUILA 750ML","CDI","Inventory","4.00"
"12450","MUDSHAKE STWAW-VODKA 4PK","ACE DISTRIBUTING","Inventory","0.00"
"12451","TIKI RITA MANGO MARGARITA","ROGO","Inventory","0.00"
"12456","NATHANSON CREEK WHI.ZIN.1.5L","BRESCOME","Inventory","0.00"
"12460","CORONA LIGHT 6PK BOTTLE 120Z","A. GALLO","Inventory","10.00"
"12463","B.SUE.CHAR.750ML","UNKNOWN","Inventory","0.00"
"12468","CROWN ROYAL APPLE 200ML","CDI","Inventory","0.00"
"12470","BUDWEISER BOTTLE 2/12 PK 12 OZ","HDI","Inventory","7.00"
"12471","CIROC MANGO VODKA 1.75L","NULL","Inventory","0.00"
"12472","MATUA SAUVIGNON BLANC 750ML","EDER BROS","Inventory","17.00"
"12475","PARROT BAY FRZN MANGO 10 OZ","STAR","Inventory","0.00"
"12478","SPORTOLETTI VIALLA F. 750ML","UNKNOWN","Inventory","0.00"
"12479","RELIC FLOWER THIEF","NULL","Inventory","0.00"
"12480","EPPA SUPRAFRUTA SANGRIA 750ML","UNKNOWN","Inventory","0.00"
"12483","CIDER","NULL","Inventory","0.00"
"12485","T.G.I.F.MUDSLIDE 200ML","EDER BROS","Inventory","0.00"
"12486","CLYDES DRY GIN 1.75L","HARTLEY PARKER","Inventory","0.00"
"12490","E&J BRANDY VS 200ML","CDI MERCH-D","Inventory","3.00"
"12491","SMOKING LOON MALBEC","NULL","Inventory","0.00"
"12493","CLUB MUDSLIDE 200ML","BRESCOME","Inventory","0.00"
"12497","LUNETTA ROSE 187ML","NULL","Inventory","0.00"
"12498","CHRISTINA SPUMANTE 750ML","ACE DISTRIBUTING","Inventory","0.00"
"12500","REFUND   60 CENTS","UNKNOWN","Inventory","0.00"
"12501","NOBILO SAUVIGNON BLANC 750ML","MARTIGNETTI ","Inventory","14.00"
"12502","LUMINOSITY 4PK","UNKNOWN","Inventory","0.00"
"12503","THE DIMPLE PINCH 375ML","HARTLEY PARKER","Inventory","0.00"
"12504","MAUVESIN-BARTON HAUT-MEDOC","NULL","Inventory","0.00"
"12505","SWITCHBACK ALE 6PKS BTLS","A. GALLO","Inventory","0.00"
"12506","BLACKSTONE PINOT GRIGIO 750ML","HARTLEY PARKER","Inventory","0.00"
"12508","PINOT WILLAMETTE VALLEY","NULL","Inventory","0.00"
"12509","DAILYS STRAWBERRY MIX 1 L","CDI","Inventory","0.00"
"12510","RIONDO PROSECCO","UNKNOWN","Inventory","0.00"
"12511","JUNO SHIRAZ 750ML","NULL","Inventory","0.00"
"12518","PARROT BAY MANGO 1.75L","BRESCOME","Inventory","0.00"
"12522","JP WISERS SPICED VANILLA WHISKY 750ML","NULL","Inventory","0.00"
"12525","CROOK","NULL","Inventory","0.00"
"12526","MARTI MOJITO RUM 750ML","UNKNOWN","Inventory","0.00"
"12527","ABSOLUT CITRON VODKA 375ML","MARTIGNETTI ","Inventory","1.00"
"12530","OMMEGANG DRY CIDER","NULL","Inventory","0.00"
"12532","ALIZE DE FRANCE GOLD PASSION FRUIT LIQUEUR 750ML","BRESCOME","Inventory","0.00"
"12533","H2 ROADS RASPBERRY SELTZER 6PK","UNKNOWN","Inventory","0.00"
"12534","GOATS DO ROAM ROSE","WORLD WIDE","Inventory","0.00"
"12537","ST. ELDER LIQUEUR 750ML","NULL","Inventory","0.00"
"12538","LIQUORE STREGA (IT)","HARTLEY PARKER","Inventory","0.00"
"12543","TEREMANA REPOSADO TEQUILA 750ML","BRESCOME","Inventory","10.00"
"12548","CALINA CHARD. 750ML","CDI","Inventory","0.00"
"12549","TRIBUTE DOBBLE IPA","NULL","Inventory","0.00"
"12550","STILL HILL DOUBLE IPA","NULL","Inventory","0.00"
"12551","RUMPLE MINZE 100PRF","HARTLEY PARKER","Inventory","0.00"
"12553","COOKS BRUT CHAMPAGNE 750ML","EDER BROS","Inventory","9.00"
"12554","PLUNGERHEAD ZINFANDEL 750ML","NULL","Inventory","0.00"
"12556","ARROW PPRMNT SCHNAPPS","ALLAN S GOOD","Inventory","0.00"
"12558","MAY FLOWER","NULL","Inventory","0.00"
"12560","LIPTON LEMON ICED TEA 24OZ","UNKNOWN","Inventory","0.00"
"12561","PINHOOK BOURBON WAR 750ML","UNKNOWN","Inventory","0.00"
"12562","TROG BLOOD ORANGE 6PK","NULL","Inventory","0.00"
"12564","BLUE CHAIR BAY KEY LIME RUM 750ML","UNKNOWN","Inventory","0.00"
"12566","PARROT BAY MAJITO MANGO 750ML","HARTLEY PARKER","Inventory","0.00"
"12567","HESS ALLOMI NAPA CABERNET SAUVIGNON","CDI","Inventory","4.00"
"12568","MEIOMI CHARDONNAY 750ML","SLOCUM & SONS INC","Inventory","0.00"
"12573","THREE OLIVES RASPBERRY 750ML","BRESCOME","Inventory","-1.00"
"12577","BARR HILL TOM CAT GIN 750ML","UNKNOWN","Inventory","0.00"
"12578","FOSTERS GREEN PREMIUM ALE 25OZ CAN","A. GALLO","Inventory","19.00"
"12579","CLUB PINA COLADA 200ML GLS","EDER BROS","Inventory","0.00"
"12581","JAGERMEISTER 750ML","BRESCOME","Inventory","0.00"
"12582","JAILHOUSE.R.MERLOT","UNKNOWN","Inventory","0.00"
"12583","DEKUYPER RAZZMATAZZ 750ML","BRESCOME","Inventory","0.00"
"12584","MERIT LT 100 BOX","MTC","Inventory","0.00"
"12585","APPLE ICE WINE","NULL","Inventory","0.00"
"12586","HANGAR 1 MAKRUT LIME VODKA","NULL","Inventory","0.00"
"12587","VOX VODKA REGULAR  750ML","BRESCOME","Inventory","0.00"
"12589","TRINITAS CHARD","NULL","Inventory","0.00"
"12593","RUM-BAR OVERPROOF RUM 750ML","SLOCUM & SONS INC","Inventory","0.00"
"12595","E&J BRANDY 100ML","CDI MERCH-D","Inventory","0.00"
"12601","DELLE VENEZIE PINI GRIGIO 1.5L","NULL","Inventory","0.00"
"12602","MIJA SANGRIA","NULL","Inventory","0.00"
"12603","WHITE OAK CAB.SAUV","NULL","Inventory","0.00"
"12604","FOX BROOK MERLOT 1.5 L","ALLAN S GOOD","Inventory","0.00"
"12605","BLUE POINT IPA 4PKS","NULL","Inventory","0.00"
"12606","14 HANDS SAUVIGNON BLANC 750ML","EDER BROS","Inventory","0.00"
"12607","PAPIO MERLOT 1.5L","HARTLEY PARKER","Inventory","0.00"
"12610","GLENMORANGIE 18YR  HIGHLAND SINGLE MALT SCOTCH WHISKEY 750ML","EDER BROS","Inventory","0.00"
"12611","TROP ORG JUICE 64OZ","UNKNOWN","Inventory","0.00"
"12612","OSKAR BLUES TEN FIDY 4PK","NULL","Inventory","0.00"
"12613","DAILYS PINA COLADA POUCH 10 OZ","HARTLEY PARKER","Inventory","0.00"
"12614","CIROC BLACK RASPBERRY 750ML","NULL","Inventory","0.00"
"12617","PETES WICKED ALE SGL. BTL.","UNKNOWN","Inventory","0.00"
"12618","ARROW CREME DE BANANA-30","HARTLEY PARKER","Inventory","0.00"
"12619","ST. FRANCIS MERLOT 750ML","BRESCOME","Inventory","0.00"
"12620","COCKBURN'S SPECIAL RESERVE PORT 750ML","NULL","Inventory","0.00"
"12622","LEVEL VODKA 750ML","CDI","Inventory","0.00"
"12624","SINGLE CUT FLATTER IPA","NULL","Inventory","0.00"
"12625","INKARI RED BLEND","UNKNOWN","Inventory","0.00"
"12626","TUSCANY ULTRA LIGHT 100S","NULL","Inventory","0.00"
"12628","PATRON XO CAFE DARK LIQ 375ML","NULL","Inventory","0.00"
"12629","TILT BLUE RED 24OZ CAN","DICHELLO","Inventory","0.00"
"12630","JOSEPHINE DUBOIS BOURGOGNE PINOT NOIR RED 750ML","TOUTON MONSIEUR TOUTON SELECTION LTD","Inventory","4.00"
"12632","YALUMBA BAROSSA SHIR-VIO 750ML","MONSIEUR T","Inventory","0.00"
"12638","JACK DANIELS SINGLE BARREL 750ML","EDER BROS","Inventory","0.00"
"12639","REDBRIDGE LAGER GLUTEN FREE BEER 12 OZ","HDI","Inventory","0.00"
"12640","EXCLUSIV VODKA 1.75L","CDI MERCH-D","Inventory","0.00"
"12641","RON RICO SILVER 750ML","UNKNOWN","Inventory","0.00"
"12643","BUCHANAN'S DELUXE SCOTCH 12 YR 750ML","BRESCOME","Inventory","0.00"
"12644","PATRON ANEJO TEQUILA 200ML","NULL","Inventory","0.00"
"12645","RELIC LEE SHORE","NULL","Inventory","0.00"
"12646","GALLO MOSCATO 1.5L","CDI MERCH-D","Inventory","0.00"
"12650","COLUMBIA CREST TWO VINES MERLO","BRESCOME","Inventory","0.00"
"12651","BOULEVARD","NULL","Inventory","0.00"
"12652","ARROW CREME DE ALMOND-30","UNKNOWN","Inventory","0.00"
"12653","SARANAC BLK TAN BOTTLE 6PK 12 OZ","STAR","Inventory","0.00"
"12654","SHEBEEN IPL","NULL","Inventory","0.00"
"12655","MARGARITAVILLE TAQ.GOLD 50ML","DICHELLO","Inventory","0.00"
"12658","CLOS DU BOIS CHARDONNAY","BRESCOME","Inventory","0.00"
"12659","CABO DIABLO 750ML","NULL","Inventory","3.00"
"12660","FIREBALL CINN WHISKEY 200ML","NORTHEAST","Inventory","16.00"
"12661","STEVENOT CAB-SAU. 750ML","MONSIEUR T","Inventory","0.00"
"12662","MGD 64 6PK 12 OZ","STAR","Inventory","0.00"
"12665","MICHELOB ULTRA 2/12PK CANS 12OZ","HDI","Inventory","21.00"
"12666","DEKUYPER HOT DAMN 100 750ML","BRESCOME","Inventory","0.00"
"12668","WCLAW","NULL","Inventory","0.00"
"12669","MARGARITAVILLE GOLD TEQUILA 750ML","CDI","Inventory","0.00"
"12670","MASS RISING DOBLE IPA","NULL","Inventory","0.00"
"12671","JOSEPH CARR CABERNET SAUVIGNON NAPA VALLEY","NULL","Inventory","0.00"
"12674","WESTERN SON BLUEBERRY","NULL","Inventory","0.00"
"12675","CLUB PINA COLADA 200ML","BRESCOME","Inventory","0.00"
"12676","SMIRNOFF CITRUS VODKA 375ML","EDER BROS","Inventory","0.00"
"12677","DEK HOT DAMN 100 200ML","BRESCOME","Inventory","0.00"
"12678","PARROT BAY MATAVA 6PK BTL.","STAR","Inventory","0.00"
"12679","TY-KU CITRUS LIQUEUR 375ML","EDER BROS","Inventory","0.00"
"12680","PEPI  SAU.BLANC 750ML","UNKNOWN","Inventory","0.00"
"12681","LAGAVULIN ISLAY SINGLE MALT SCOTCH 16YR 750ML","BRESCOME","Inventory","1.00"
"12682","DOLE PIN. JUCE","UNKNOWN","Inventory","0.00"
"12683","CK MONDAVI MERLOT 1.5LT","CDI","Inventory","3.00"
"12684","BLACK OPAL SHIRAZ 1.5L","HARTLEY PARKER","Inventory","0.00"
"12686","CT VALLEY","NULL","Inventory","0.00"
"12687","ESHCOL CAB.SAU. 750ML","UNKNOWN","Inventory","0.00"
"12688","POLMOS SPIRYTUS 200ML","ACE DISTRIBUTING","Inventory","0.00"
"12689","JOHNNIE WALKER BLACK 200ML","BRESCOME","Inventory","3.00"
"12690","TERRAZAS MALBEC 750ML","NULL","Inventory","0.00"
"12691","DUBRA VODKA 375ML","MARTIGNETTI ","Inventory","33.00"
"12693","FITNESS FREAK STOUT","UNKNOWN","Inventory","0.00"
"12694","AMARULA CREAM LIQ. 750ML","UNKNOWN","Inventory","0.00"
"12695","OLD SMUGGLER SCOTCH 1.75L","BRESCOME","Inventory","0.00"
"12699","W.L. WELLER 12YR WHEATED BOURBON 750ML","NORTHEAST","Inventory","0.00"
"12700","SEA FOAM 19.2","None","Inventory","0.00"
"12701","SMIRNOFF SMASH RED, WHITE & BERRY 23.5FLOZ","A. GALLO","Inventory","17.00"
"12704","CAVIT ROSE 1.5LT","BRESCOME","Inventory","0.00"
"12705","JUNE SHINE","None","Inventory","0.00"
"12706","THIMBLE VARIETY","None","Inventory","0.00"
"12709","LUC BELAIRE BRUT GOLD 750ML","SLOCUM & SONS INC","Inventory","3.00"
"12711","GUARD ZIN","None","Inventory","0.00"
"12712","MARKHAM MERLOT","None","Inventory","0.00"
"12713","BUEHLER ZINFANDEL NAPA","None","Inventory","0.00"
"12714","BANSHEE PINOT NOIR","None","Inventory","0.00"
"12717","SHEEP DOG PEANUT BUTTER WHISKEY 50ML","None","Inventory","0.00"
"12718","19 CRIMES SNOOP DOG CALI RED 750ML","EDER BROS","Inventory","22.00"
"12720","ATHLETIC LITE BREW NON ALC BEER 6PK CANS","A. GALLO","Inventory","0.00"
"12721","SANTA RITA 120 CABERNET 750ML","None","Inventory","0.00"
"12722","FROGS LEAP ZINFANDEL","None","Inventory","0.00"
"12723","KENT FALLS","None","Inventory","0.00"
"12724","SATELLITE","None","Inventory","0.00"
"12725","GREAT FALLS - TWIN LAKES","None","Inventory","0.00"
"12729","VIZZY - MIMOSA 12PK","None","Inventory","0.00"
"12730","RANCH WATER ORIGINAL 12 OZ 6 PK CAN","None","Inventory","0.00"
"12733","LEGITIMUS - DOCTOR STRANGEHAZE","UNKNOWN","Inventory","0.00"
"12734","BULLEIT RTD OLD FASHIONED COCKTAIL 375ML","BRESCOME","Inventory","12.00"
"12735","DR MCGILLICUDDY ROOTBEER 50 ML","NORTHEAST","Inventory","62.00"
"12737","SMUTTYNOSE IPA 12OZ","None","Inventory","0.00"
"12739","CIROC BLACK RASPBERRY 50ML","None","Inventory","0.00"
"12740","MARLBORO RED BOX","MANCHESTER T","Inventory","29.00"
"12741","NEW ENGLAND CIDER CO BLUEBERRY CIDER","None","Inventory","0.00"
"12743","THE CLUB - GIN MARTINI","None","Inventory","0.00"
"12744","NEWPORT BOX","MANCHESTER T","Inventory","9.00"
"12745","TWISTED TEA ORIGINAL 12 PK BOTTLE","A. GALLO","Inventory","3.00"
"12747","SKYGAZER - TANGERINE","None","Inventory","0.00"
"12748","SKYGAZER - GUAVA","None","Inventory","0.00"
"12750","GRAVES GRAIN ALCOHOL 190 PROOF 375ML","BRESCOME","Inventory","0.00"
"12752","MARLBORO RED 100 BOX","MANCHESTER T","Inventory","5.00"
"12754","GREY SAIL BREWING CAPTAIN'S DAUGHTER DOUBLE IPA 4PK CANS","SARENE CRAFT BEER","Inventory","0.00"
"12755","WHISTLE PIG RYE 12YR WHISKEY OLD WORLD 750ML","CDI","Inventory","0.00"
"12757","WILD TURKEY 101 PROOF BOURBON 750ML","BRESCOME","Inventory","6.00"
"12762","DUCKHORN MIGRATION CHARD","None","Inventory","0.00"
"12765","LAB VINHO VERDE WHITE 750ML","None","Inventory","0.00"
"12766","TRULY WILD BERRY VODKA 750ML","None","Inventory","0.00"
"12767","TRULY STRAWERRY LEMONADE VODKA 750ML","CDI","Inventory","0.00"
"12769","WHISPERING ANGEL ROSE CAVES D'ESCLANS 750ML","MARTIGNETTI ","Inventory","16.00"
"12770","PARLIAMENT WHITE LIGHT 100'S CIGARETTES","MANCHESTER T","Inventory","0.00"
"12771","STONE CELLARS CHARDONNAY 1.5LT","EDER BROS","Inventory","0.00"
"12773","SALZER","None","Inventory","0.00"
"12774","SEASIDE CELLER ROSE","None","Inventory","0.00"
"12775","FIT VINE PROSECCO 750ML","HARTLEY PARKER","Inventory","0.00"
"12776","POWDER HOLLOW","None","Inventory","0.00"
"12778","SUMMER WATER ROSE","SLOCUM & SONS INC","Inventory","0.00"
"12779","NEWPORT LIGHT BOX","MANCHESTER T","Inventory","8.00"
"12781","THOOKET TRIPLE CITRA","STAR","Inventory","0.00"
"12782","MARLBORO GOLD BOX","MANCHESTER T","Inventory","26.00"
"12784","LOYAL MIXED BERRY LEMONADE 4PK CANS","NORTHEAST","Inventory","0.00"
"12785","MARLBORO GOLD 100 BOX","MANCHESTER T","Inventory","10.00"
"12788","MIKES HARDER BLACK CHERRY16 OZCAN","A. GALLO","Inventory","30.00"
"12789","HIGH NOON SUN SIPS POOL PACK LTD EDITION 8PK CAN","CDI","Inventory","0.00"
"12792","BETINI","None","Inventory","0.00"
"12793","BETINI LEMON DROP","None","Inventory","0.00"
"12796","PARLIAMENT WHITE LIGHT CIGARETTES","MANCHESTER T","Inventory","9.00"
"12797","SNAPPY LAGER","None","Inventory","0.00"
"12798","BLACK OPAL CHARDONNAY 1.5L","None","Inventory","0.00"
"12801","CORONA SELTZER VARIETY PK 12 OZ 12 PK CAN","A. GALLO","Inventory","0.00"
"12803","GOLDSCHAGER 50 ML","MARTIGNETTI ","Inventory","1.00"
"12804","THREE FLOYD","None","Inventory","0.00"
"12805","THE LITCHFIELDER 4PK CANS","SLOCUM & SONS INC","Inventory","0.00"
"12808","OLE SMOKY BANANA PUDDING CREAM MOONSHINE 750ML","MARTIGNETTI ","Inventory","1.00"
"12809","NEWPORT BOX 100","MANCHESTER T","Inventory","3.00"
"12812","FIREBALL CINNAMON WHISKY 1.75L","NORTHEAST","Inventory","0.00"
"12813","HIGHLANDS 41 CHARDONNAY","None","Inventory","0.00"
"12816","JOSE CUERVO STRAWBERRY MARGARITA 4PK","None","Inventory","0.00"
"12817","BOGLE PINOT NOIR 750ML","CDI","Inventory","13.00"
"12820","THIMBLE HERO PILSNER","None","Inventory","0.00"
"12821","LEGITIMUS - BLACK BRIDGE","None","Inventory","0.00"
"12822","EL TORO SILVER TEQUILA","None","Inventory","0.00"
"12823","OTTER CREEK IPA POWER PACK","None","Inventory","0.00"
"12824","1800 SILVER TEQUILA 750ML","EDER BROS","Inventory","-12.00"
"12825","RON RUBIN PINOT NOIR","None","Inventory","0.00"
"12827","ALAMOS MALBEC 750ML","CDI","Inventory","0.00"
"12828","BEER'D","None","Inventory","0.00"
"12830","BLUE CHAIR BAY KEY LIME CREAM","None","Inventory","0.00"
"12833","LOVERBOY WHITE PEACH","None","Inventory","0.00"
"12834","BLUEMOON LIGHT SKY 12 OZ 12PK CAN","A. GALLO","Inventory","0.00"
"12836","HEINIKEN 0.0% 12PK CAN","HDI","Inventory","0.00"
"12837","V ONE TRIPLE BERRY VODKA 750ML","None","Inventory","0.00"
"12838","WEE DEMON 12PK","None","Inventory","0.00"
"12839","MARLBORO MENTHOL BOX","MANCHESTER T","Inventory","11.00"
"12841","POPOV VODKA 375ML","None","Inventory","4.00"
"12843","VALLEY BLUEBERRY CBD SPARKLING WATER 4PK","None","Inventory","0.00"
"12845","WEE DEMON","None","Inventory","0.00"
"12847","CROOK&MARKER ICEDTEA","NORTHEAST","Inventory","0.00"
"12848","CROOK & MARKER  ICED TEA","NORTHEAST","Inventory","0.00"
"12849","KNOB CREEK 9 YEAR BOURBON 100PROOF 375ML","BRESCOME","Inventory","2.00"
"12850","SANTA JULIA CABERNET","HARTLEY PARKER","Inventory","0.00"
"12851","SANTA JULIA MALBEC","None","Inventory","0.00"
"12852","TWO CHICKS CITRUS MARGARITA 4PK","ALLAN S GOOD","Inventory","0.00"
"12853","OMMEGANG OMG - DREAM PATCH SOUR","BRESCOME","Inventory","0.00"
"12854","INVIVO SJP ROSE","None","Inventory","0.00"
"12855","1800 SILVER TEQUILA 375ML","EDER BROS","Inventory","1.00"
"12858","GREY GOOSE VODKA 750ML","BRESCOME","Inventory","3.00"
"12859","GRAN RESERVA SAUVIGNON BLANC","BRESCOME","Inventory","0.00"
"12860","WOODBRIDGE LIGHTLY OAKED CHARDONNAY 1.5LT","MARTIGNETTI ","Inventory","28.00"
"12861","POPOV VODKA 1.75L","EDER BROS","Inventory","0.00"
"12863","VALPIANA TOSCANA","TOUTON MONSIEUR TOUTON SELECTION LTD","Inventory","0.00"
"12864","SAN MARZANO IL PUMO PRIMIVITO","TOUTON MONSIEUR TOUTON SELECTION LTD","Inventory","0.00"
"12865","LAFONT FOURCAT","TOUTON MONSIEUR TOUTON SELECTION LTD","Inventory","0.00"
"12867","HIGHLANDS 41 PINOT NOIR","None","Inventory","0.00"
"12868","WHITE CALAW","None","Inventory","0.00"
"12869","GAME","None","Inventory","0.00"
"12870","MICHTER'S SINGLE BARREL 10YR RYE WHISKEY  750 ML","BRESCOME","Inventory","2.00"
"12872","KENT FALLS - AWKWARD HUG","UNKNOWN","Inventory","0.00"
"12874","YUKON JACK 200ML","EDER BROS","Inventory","31.00"
"12877","NORBROOK FARM - STEADY","None","Inventory","0.00"
"12878","ARNOLD PALMER SPIKED HALF & HALF 24OZ CAN","A. GALLO","Inventory","0.00"
"12882","REDEMPTION BOURBON WHISKEY 750ML","BRESCOME","Inventory","5.00"
"12887","FLOWERS PINOT NOIR SONOMA COAST 750ML","SLOCUM & SONS INC","Inventory","0.00"
"12888","CANTEEN BLACK CHERRY VODKA SODA 4PK","NORTHEAST","Inventory","0.00"
"12889","CANTEEN LIME VODKA SODA","NORTHEAST","Inventory","0.00"
"12893","CANADIAN CLUB ORIGINAL WHISKEY 1.75L","BRESCOME","Inventory","6.00"
"12896","LOVER BOY TEA","None","Inventory","0.00"
"12897","LOVER BOY LIME","None","Inventory","0.00"
"12898","LOVER BOY","STAR","Inventory","0.00"
"12901","CIRAC SUMMER CITRUS","BRESCOME","Inventory","0.00"
"12903","NATURE","None","Inventory","0.00"
"12908","CANTEEN TEQUILA SODA 4PK","STAR","Inventory","0.00"
"12913","ARNOLD SPIKED LITE","NORTHEAST","Inventory","0.00"
"12915","SWEET WATER HAZY IPA","NORTHEAST","Inventory","0.00"
"12919","REY AZUL","None","Inventory","0.00"
"12920","NEW ENGLAND CIDER CO FRESH BLEND CIDER","None","Inventory","0.00"
"12921","H2ROADS","None","Inventory","0.00"
"12927","RELIC","None","Inventory","0.00"
"12928","BENGALI","None","Inventory","0.00"
"12929","BULLEIT RTD OLD FASHIONED COCKTAIL 750ML","BRESCOME","Inventory","0.00"
"12933","MILLER HIGH LIFE 12 OZ 18 PK BOTTLE","A. GALLO","Inventory","0.00"
"12934","MALIBU RED 375ML","None","Inventory","0.00"
"12935","BOGLE PINOT GRIGIO 750ML","CDI","Inventory","3.00"
"12936","MARLBORO SILVER BOX","MANCHESTER T","Inventory","28.00"
"12937","FRANZIA SAUVIGNON BLANC 5L","EDER BROS","Inventory","3.00"
"12940","VALLEY MANGO & PASSION CBD SPARKLING WATER 4PK","None","Inventory","0.00"
"12941","HDI","HDI","Inventory","0.00"
"12942","THOMAS HOOKER DOUBLE CHILL FRUIT PUNCH CBD SELTZER 16OZ 4PK CANS","HDI","Inventory","0.00"
"12946","SKYGAZER - PINEAPPLE","None","Inventory","0.00"
"12947","SKYGAZER - STRAWBERRY","None","Inventory","0.00"
"12948","CELLIER DES DAUPHINS GRENACHE SYRAH RESERVE 750ML","TOUTON MONSIEUR TOUTON SELECTION LTD","Inventory","0.00"
"12950","DOWNEAST MIX NUMBER 3 BERRY CIDER 9PK","NORTHEAST","Inventory","0.00"
"12953","BUSCH LIGHT APPLE 12OZ CAN","HDI","Inventory","144.00"
"12956","GRAND BAILLARD ROSE","None","Inventory","0.00"
"12957","CASAMIGOS REPOSADO TEQUILA 50ML","BRESCOME","Inventory","12.00"
"12959","WILD TURKEY BOURBON 375ML","BRESCOME","Inventory","1.00"
"12961","MAKERS MARK BOURBON 375ML","EDER BROS","Inventory","16.00"
"12962","MASTRO JANNI","None","Inventory","0.00"
"12964","DUTCHCRAFT VODKA 375ML","ACE DISTRIBUTING","Inventory","0.00"
"12972","HIGH NOON COCKTAIL VARIETY PACK 12PK CANS","CDI","Inventory","6.00"
"12973","CHILL AF","None","Inventory","0.00"
"12975","ROSES GRENADINE SYRUP 12 FL OZ","EDER BROS","Inventory","2.00"
"12976","USA GOLD RED 100","None","Inventory","0.00"
"12977","OFLINE EVERYDAY IPA","None","Inventory","0.00"
"12978","LONG DRINK LEGEND ZERO SUGAR 12OZ 6PK CAN","CDI","Inventory","0.00"
"12979","ST MICHEL PINOT GRIGIO","None","Inventory","0.00"
"12982","GREEN FOUNTAINS","None","Inventory","0.00"
"12983","OLE SMOKY PEANUT BUTTER WHISKEY 750ML","MARTIGNETTI ","Inventory","1.00"
"12984","LITCHFIELD VANILLA  BOURBON 50ML","SLOCUM & SONS INC","Inventory","0.00"
"12985","CREATURES OF MAGIC","None","Inventory","0.00"
"12987","BLACK AND MILD","None","Inventory","0.00"
"12989","EVERFRESH PINA COLADA 16 OZ","None","Inventory","0.00"
"12990","FEVER TREE SPARKLING PINK GRAPEFRUIT 4PK BOTTLE 200ML","BRESCOME","Inventory","5.00"
"12993","STEEL DUST","None","Inventory","0.00"
"12994","NANTUCKET BLUEBERRY VODKA SODA 12OZ 4PK CAN","DRINX UNLIMITED","Inventory","0.00"
"12996","LEESE FITCH CABERNET SAUVIGNON 750ML","None","Inventory","0.00"
"12997","RON MEDELLIN 12 YRS","None","Inventory","0.00"
"12998","RUTHERFORD NAPA VALLEY CHARD","ALLAN S GOOD","Inventory","0.00"
"12999","RUTHERFORD RANCH NAPA CABERNET 09","ALLAN S GOOD","Inventory","0.00"
"13003","ARTISANAL WARHEAD","None","Inventory","0.00"
"13004","CINZANO BIANCO 750ML","None","Inventory","0.00"
"13009","EDUCATED GUESS CABERNET SAUVIGNON NORTH COAST 750ML","None","Inventory","0.00"
"13013","ROMANA SAMBVCA  BLACK 750ML","None","Inventory","0.00"
"13014","NIGHT SHIFT PIESCRAPER","None","Inventory","0.00"
"13016","NELSON BROS. RESERVE","None","Inventory","0.00"
"13017","REX GOLIATH CHARDONNAY 1.5 L","EDER BROS","Inventory","0.00"
"13018","TRES AGAVES MARG MIX 750ML","None","Inventory","0.00"
"13019","SEERSUCKER GIN 750ML","None","Inventory","0.00"
"13020","WISEMAN KENTUCKY RYE WHISKEY 750ML","None","Inventory","0.00"
"13023","BRECKENRIDGE VODKA 750ML","None","Inventory","0.00"
"13024","MIGHTY SWELL","None","Inventory","0.00"
"13025","MENAGE A TRIOS CHARDONNAY 750ML","None","Inventory","0.00"
"13026","SAN ANTONIO BLACKBERRY ORANGE SEMISWEET WINE 750ML","None","Inventory","0.00"
"13027","BELL'S TWO HEARTED ALE 12PK CAN 12 OZ","None","Inventory","0.00"
"13028","REX GOLIATH CABERNET SAUVIGNON1.5LT","EDER BROS","Inventory","2.00"
"13031","MINIMALISTA ROSE","None","Inventory","0.00"
"13032","SIMI SONOMA COAST","None","Inventory","0.00"
"13033","TWO CHICKS LEMON STRAWBERRY KISS","None","Inventory","0.00"
"13036","MR. AND MRS. T BLOODY MARY","None","Inventory","0.00"
"13039","CENTENARIO ANEJO 750ML","None","Inventory","0.00"
"13041","JAWS","None","Inventory","0.00"
"13044","TOPO CHICO","None","Inventory","0.00"
"13045","FIGENZA FIG FLAVORED VODKA 375ML","None","Inventory","0.00"
"13047","E&J VANILLA  BRANDY 750ML","None","Inventory","0.00"
"13051","BLOOD ORANGE WHEAT","None","Inventory","0.00"
"13053","ASTRAL BLANCO","None","Inventory","0.00"
"13055","EDNA VALLEY CHARDONNAY","None","Inventory","0.00"
"13056","SIXPOINT INFINITE LOOP SERIES","None","Inventory","0.00"
"13057","BRECKENRIDGE PORT CASK","ALLAN S GOOD","Inventory","0.00"
"13059","JOSE CUERVO LIGHT MARGARITA 4PK","None","Inventory","0.00"
"13060","BUDDY'S AMERICAN VODKA 1L","LATITUDE BEVERAGE COMAPNY","Inventory","14.00"
"13061","LA VILLA PINOT GRIGO","None","Inventory","0.00"
"13062","PAULANER LAGER","None","Inventory","0.00"
"13063","PAULANER HEFEWEIZEN","None","Inventory","0.00"
"13064","CUT WATER","None","Inventory","0.00"
"13065","CAKEBREAD CELLARS SAUVIGNON BLANC NAPA VALLEY 750ML","BRESCOME","Inventory","11.00"
"13066","ITHACA - APRICOT WHEAT","None","Inventory","0.00"
"13068","ELIJAH CRAIG RYE 750ML","None","Inventory","0.00"
"13070","WAYPOINT VODKA MINT LEMONADE","ALLAN S GOOD","Inventory","0.00"
"13071","MENAGE A TROIS CABERNET SAUVIGNON","CDI","Inventory","0.00"
"13072","DEEP EDDY VODKA 1.75L","None","Inventory","0.00"
"13073","TOPO CHICO SELTZER 12PK","None","Inventory","0.00"
"13076","SIMPLY SPIKED VARIETY 12PK","None","Inventory","0.00"
"13077","MINIMALISTA CABERNET","ALLAN S GOOD","Inventory","0.00"
"13078","YUENGLING GOLDEN 6 PK BOTTLE","A. GALLO","Inventory","0.00"
"13082","FEE BROTHERS ORANGE BITTERS 5OZ","EDER BROS","Inventory","3.00"
"13084","KENT FALLS HELLES LAGER","None","Inventory","0.00"
"13097","LUCIEN ALBRECHT BRUT ROSE","None","Inventory","0.00"
"13099","GRAND MARNIER LIQUEUR 375ML","BRESCOME","Inventory","3.00"
"13100","PRIMO AMORE MOSCATO","None","Inventory","0.00"
"13101","SEGRAM COCKTAILS","None","Inventory","0.00"
"13107","CROWN ROYAL 18 YEAR EXTRA RARE BLENDED CANADIAN WHISKEY 750ML","BRESCOME","Inventory","1.00"
"13108","JIM BEAM VANILLA 750ML","CDI","Inventory","1.00"
"13109","JIM ORANGE","None","Inventory","0.00"
"13111","IMAGERY CHARDONNAY 750ML","ALLAN S GOOD","Inventory","0.00"
"13112","TRIBUTE CHARDONNAY  750ML","EDER BROS","Inventory","0.00"
"13113","BR COHN SILVER SONOMA CHARDONNAY","ALLAN S GOOD","Inventory","0.00"
"13115","MAX FAMILY CHARD","None","Inventory","0.00"
"13117","RICKSHAW CHARDONNAY","BRESCOME","Inventory","0.00"
"13118","JOSE CUERVO RESERVA DE LA FAMILIA REPOSADO 750ML","BRESCOME","Inventory","0.00"
"13119","JOSE CUERVO RESERVA DE LA FAMILIA PLATINO 750ML","BRESCOME","Inventory","0.00"
"13121","BORNE OF FIRE CHARD","BRESCOME","Inventory","0.00"
"13122","GIRAD CHARD","BRESCOME","Inventory","0.00"
"13123","JOSE CUERVO TRADICIONAL CRISTALINO 750ML","ALLAN S GOOD","Inventory","0.00"
"13124","JOSE CUERVO TRADICIONAL ANEJO 750ML","BRESCOME","Inventory","0.00"
"13126","ROTHAUS TANNEN ZAPFLE","None","Inventory","0.00"
"13127","WHEATLEY VODKA 1.75L","NORTHEAST","Inventory","3.00"
"13128","SAN SIMEON CHARD","None","Inventory","0.00"
"13130","XICARU REPOSADO MEZCAL 6PK","ALLAN S GOOD","Inventory","0.00"
"13131","XICARU SILVR MEZCAL 6PK","ALLAN S GOOD","Inventory","0.00"
"13132","CENTENARIO REPOSADO 750ML","None","Inventory","0.00"
"13133","CENTENARIO PLATA 750ML","ALLAN S GOOD","Inventory","0.00"
"13134","GRAVEL & LOAM PINOT NOIR","None","Inventory","0.00"
"13135","LOVE NOIR PINOT NOIR 750ML","EDER BROS","Inventory","0.00"
"13142","TRIBUTE PINOT NOIR","None","Inventory","0.00"
"13143","BRYN MAWR PINOT NOIR","None","Inventory","0.00"
"13144","SHEEP CREEK  PINOT NOIR","None","Inventory","0.00"
"13145","BOWMORE 15YR ISLAY SINGLE MALT WHISKEY 750ML","HP","Inventory","3.00"
"13146","GREEN AND SOCIAL WHITE","None","Inventory","0.00"
"13147","GREEN AND SOCIAL RED","None","Inventory","0.00"
"13148","NATURA PINOT NOIR","None","Inventory","0.00"
"13150","GRAN CORAMINO CRISTALINO","None","Inventory","0.00"
"13151","ANGELS INK PINOT NOIR 750ML","MARTIGNETTI ","Inventory","11.00"
"13153","INKARRI MALBEC","None","Inventory","0.00"
"13157","STOLICHNAYA VANIL (VANILLA) FLAVORED VODKA 750ML","BRESCOME","Inventory","8.00"
"13158","STOLICHNAYA CITROS (CITRUS) FLAVORED VODKA 750","BRESCOME","Inventory","1.00"
"13162","CAMPARI MILANO BITTER LIQUEUR 375ML","BRESCOME","Inventory","8.00"
"13163","PASSOA LIQUEUR","None","Inventory","0.00"
"13164","APEROL APERITIVO 375ML","BRESCOME","Inventory","6.00"
"13165","NORBROOK CRICKETS SOUR ALE","None","Inventory","0.00"
"13170","SHARPE HILL FLEUR ROUGE","None","Inventory","0.00"
"13172","CIMARRON TEQUILA SILVER 750ML","None","Inventory","0.00"
"13173","TRES GENERACIONES PLATA 750ML","None","Inventory","0.00"
"13174","TRES GENERACIONES REPOSADO 750ML","None","Inventory","0.00"
"13176","DEEP EDDY LIME VODKA 750 ML","EDER BROS","Inventory","0.00"
"13177","ROWAN'S CREEK BOURBON SMALL BATCH 750ML","OPICI","Inventory","1.00"
"13178","EAST ROCK PILSNER","None","Inventory","0.00"
"13180","FAMIGLIA CASTELLANI PINOT GRIGIO","TOUTON MONSIEUR TOUTON SELECTION LTD","Inventory","0.00"
"13184","DOMAINE THEVENOT-LE BRUN LES RENARDES","TOUTON MONSIEUR TOUTON SELECTION LTD","Inventory","0.00"
"13186","COLIN BAROLLET PINOT NOIR 750ML","TOUTON MONSIEUR TOUTON SELECTION LTD","Inventory","5.00"
"13187","PODERE CASTORANI CADETTO MONTEPULCIANO 750ML","TOUTON MONSIEUR TOUTON SELECTION LTD","Inventory","5.00"
"13191","CHATEAU FAGE GRAVES DE VAYRES RED","TOUTON MONSIEUR TOUTON SELECTION LTD","Inventory","5.00"
"13192","PHILIPPE LE HARDI MERCUREY BLANC","TOUTON MONSIEUR TOUTON SELECTION LTD","Inventory","0.00"
"13195","EMMOLO SAUVIGNON BLANC","None","Inventory","0.00"
"13200","WAYPOINT VODKA ICED TEA LEMONADE","ALLAN S GOOD","Inventory","0.00"
"13201","WAYPOINT GIN LEMON HONEY","ALLAN S GOOD","Inventory","0.00"
"13202","RON ABUELO ANEJO 750ML","None","Inventory","0.00"
"13210","RON ABUELO 7YR 750ML","None","Inventory","0.00"
"13211","BRUGAL EXTRA DRY SUPREME 750 ML","None","Inventory","0.00"
"13212","TRES GENERACIONES CENOBIOS BATCH PLATA 750ML","None","Inventory","0.00"
"13213","OLD FORESTER 1910 OLD FINE BOURBON WHISKEY 93 PROOF 750ML","EDER BROS","Inventory","2.00"
"13214","LITCHFIELD RTD OLD FASHIONED BOURBON 750ML","EDER BROS","Inventory","3.00"
"13215","OLD ELK STRAIGHT BOURBON WHISKEY","EDER BROS","Inventory","2.00"
"13217","HIRSCH THE HORIZON BOURBON 750ML","SLOCUM & SONS INC","Inventory","0.00"
"13218","GEORGE REMUS BOURBON WHISKEY 750ML","SLOCUM & SONS INC","Inventory","-3.00"
"13219","BUMBU XO RUM 750ML","SLOCUM & SONS INC","Inventory","4.00"
"13220","CLYDE MAY'S STRAIGHT BOURBON","SLOCUM & SONS INC","Inventory","0.00"
"13221","HIGH WEST OLD FASHIONED","SLOCUM & SONS INC","Inventory","0.00"
"13222","HIGH WEST MANHATTAN 375ML","None","Inventory","0.00"
"13223","GLENDALOUGH DBL WHISKEY","SLOCUM & SONS INC","Inventory","0.00"
"13224","MCCONNEELL'S IRISH WHISKEY 750 ML","SLOCUM & SONS INC","Inventory","0.00"
"13228","KENT FALLS THE HOLLOW PILSNER","None","Inventory","0.00"
"13229","HIGHLAND PARK 12 YR 750ML","BRESCOME","Inventory","0.00"
"13230","LAPHROAIG SELECT ISLAY SINGLE MALT WHISKEY","BRESCOME","Inventory","3.00"
"13231","EL TESORO EXTRA ANEJO","BRESCOME","Inventory","0.00"
"13232","MATCHBOOK ARSONIST CHARDONNAY","UNKNOWN","Inventory","0.00"
"13233","MATCHBOOK CHARDONNAY 750ML","UNKNOWN","Inventory","0.00"
"13238","ALB VODKA","BRESCOME","Inventory","0.00"
"13240","BBC LAGER","None","Inventory","0.00"
"13241","DAILYS BAHAMA MAMA POUCH 10 OZ","None","Inventory","0.00"
"13242","DAILYS WILD BERRY FROZEN 10 0Z","None","Inventory","0.00"
"13243","SWEET REVENGE","None","Inventory","0.00"
"13245","R.L SEALE'S","None","Inventory","0.00"
"13246","KRIS PINOT GRIGIO 750ML","EDER BROS","Inventory","-82.00"
"13247","TOP BOX ROSE","None","Inventory","0.00"
"13248","EQULANO RUM","None","Inventory","0.00"
"13249","EQUIANO DARK","ALLAN S GOOD","Inventory","0.00"
"13250","BAILEYS S'MORES IRISH CREAM 750ML","MARTIGNETTI ","Inventory","0.00"
"13252","UFO","None","Inventory","0.00"
"13257","LEGISTMUS","None","Inventory","0.00"
"13261","14 HANDS UNICORN ROSE 750ML","EDER BROS","Inventory","0.00"
"13263","FRE NON ALCOHOLIC SPARKLING ROSE","CDI","Inventory","0.00"
"13264","FERNET-BRANCA AUTHENTIC AMARO 750ML","EDER BROS","Inventory","0.00"
"13266","TROEGS SUNSHINE PILSNER","None","Inventory","0.00"
"13268","Tincup Rye 750ml","None","Inventory","0.00"
"13272","ISLAY BARLEY","BRESCOME","Inventory","0.00"
"13273","MICHLOB ULTRA AMBER","None","Inventory","0.00"
"13278","MIKES HARDER HALF & HALF 230Z CAN","A. GALLO","Inventory","0.00"
"13279","NEW ENGLAND","None","Inventory","0.00"
"13281","HIGHCLERE CASTLE GIN 750ML","ALLAN S GOOD","Inventory","0.00"
"13282","BRECKENRIDGE GIN","None","Inventory","0.00"
"13283","WAY POINT GIN","ALLAN S GOOD","Inventory","0.00"
"13284","MALFY BLOOD ORANGE GIN 750ML","EDER BROS","Inventory","1.00"
"13286","PACIFICO CAN 12 FL OZ","A. GALLO","Inventory","153.00"
"13287","BAREFOOT RICH RED BLEND 1.5L","CDI","Inventory","0.00"
"13288","RICKSHAW PINOT NOIR","None","Inventory","0.00"
"13289","ARTISNAL","None","Inventory","0.00"
"13290","TENQUERAY LIME GIN AND SODA 4PK","BRESCOME","Inventory","0.00"
"13291","STELLA  ARTOIS 12PK 11.20Z CANS","HDI","Inventory","5.00"
"13292","SPINDRIFT SPIKED STAYCATION 12 PACK  CANS","NORTHEAST","Inventory","0.00"
"13293","WYLD BLOOD ORANGE CBD","None","Inventory","0.00"
"13299","GREY GOOSE  VODKA 1.75L","BRESCOME","Inventory","14.00"
"13300","CROP HARVEST EARTH MEYER LEMON VODKA ORGANIC 750ML","BRESCOME","Inventory","3.00"
"13301","PEARL CUCUMBER VODKA 750ML","None","Inventory","0.00"
"13304","COPPOLA ROSE 750ML","CDI","Inventory","0.00"
"13307","DELICIA STRAWBERRIES AND CREAM 750ML","None","Inventory","0.00"
"13309","SALUTE AMERICAN VODKA","None","Inventory","0.00"
"13312","HARTFORD FLAVOR CO. VODKA 750ML","None","Inventory","0.00"
"13313","HARTFORD FLAVOR CO. VANILLA VODKA 750ML","None","Inventory","0.00"
"13315","GREY GOOSE L'ORANGE VODKA 750ML","BRESCOME","Inventory","3.00"
"13316","CHOPIN POTATO VODKA 750ML","EDER BROS","Inventory","8.00"
"13317","HOPHEAD HOP VODKA","None","Inventory","0.00"
"13318","VAN GOGH POMEGRANATE 750ML","None","Inventory","0.00"
"13319","HANGAR 1 CITRON VODKA 750ML","None","Inventory","0.00"
"13320","HANGAR 1 MANDARIN BLOSSOM VODKA 750ML","None","Inventory","0.00"
"13321","CIROC APPLE 1.75L","None","Inventory","0.00"
"13322","CIROC PINEAPPLE VODKA 1.75L","None","Inventory","0.00"
"13323","CIROC PASSION VODKA 750ML","None","Inventory","0.00"
"13324","CIROC SUMMER CITRUS VODKA 750ML","None","Inventory","0.00"
"13325","SKYGAZER CRANBERRY LIME","None","Inventory","0.00"
"13326","SKYGAZER - ORANGE CHERRY","None","Inventory","0.00"
"13327","SKYGAZER - RASPBERRY PEACH","None","Inventory","0.00"
"13328","V ONE VANILLA VODKA 750ML","None","Inventory","0.00"
"13329","V ONE DOUBLE ESPRESSO VODKA 750ML","None","Inventory","0.00"
"13330","V ONE CUCUMBER VODKA 750ML","None","Inventory","0.00"
"13331","V ONE GRAPEFRUIT VODKA 750ML","None","Inventory","0.00"
"13332","WAYPOINT SPIRITS VODKA 750ML","None","Inventory","0.00"
"13334","DEEP EDDY VODKA 750ML","None","Inventory","0.00"
"13335","WHEATLEY VODKA 1L","None","Inventory","0.00"
"13336","DEEP EDDY RUBY RED VODKA 1.75L","None","Inventory","0.00"
"13338","ABSOLUT CILANTRO LIME VODKA 750ML","CDI","Inventory","0.00"
"13339","IS CO OSTREIDA OYSTER VODKA","None","Inventory","0.00"
"13340","PEARL PLUM  VODKA 750ML","None","Inventory","0.00"
"13341","BRECKENRIDGE PEAR VODKA 750ML","None","Inventory","0.00"
"13342","BRECKENRIDGE ESPRESSO VODKA 750ML","None","Inventory","0.00"
"13345","FONSECA RUBY PORT","None","Inventory","0.00"
"13348","TANTEO JALAPENO 750ML","CDI","Inventory","0.00"
"13351","FORDS GIN 750ML","None","Inventory","0.00"
"13352","THOMAS DAKIN GIN 750ML","None","Inventory","0.00"
"13353","VAVASOUR AWATERE SAUVIGNON BLANC","None","Inventory","0.00"
"13356","RICKSHAW CABERNET SAUVIGNON","None","Inventory","0.00"
"13358","QUILT NAPA CABERNET SAUVIGNON","None","Inventory","0.00"
"13359","TRIBUNO EXTRA DRY VERMOUTH 1.5L","EDER BROS","Inventory","0.00"
"13360","TRIBUNO SWEET VERMOUTH 1.5L","EDER BROS","Inventory","0.00"
"13364","POPOV VODKA GLASS BOTTLE 750ML","None","Inventory","0.00"
"13365","POPOV PREMIUM BLEND VODKA","None","Inventory","0.00"
"13367","BAKON VODKA 750ML","None","Inventory","0.00"
"13368","KRAZE ULTRA PREMIUM VODKA 750ML","None","Inventory","0.00"
"13369","1800 GOLD REPOSADO TEQUILA 1.75L","EDER BROS","Inventory","7.00"
"13370","1800 COCONUT TEQUILA 1.75L","EDER BROS","Inventory","5.00"
"13371","1800 REPOSADO TEQUILA 750ML","EDER BROS","Inventory","4.00"
"13373","STATESIDE VODKA SODA 8PC. PARTY PACK","MARTIGNETTI ","Inventory","0.00"
"13375","DAILY'S MARGARITA MIX 1.75L","None","Inventory","0.00"
"13376","DAILYS SWEET & SOUR MIX 1.75L","None","Inventory","0.00"
"13377","DAILYS STRAWBERRY DAIQUIRI MIX 1.75L","None","Inventory","0.00"
"13378","DAILYS PINA COLADA MIX 1.75L","None","Inventory","0.00"
"13379","OLE SMOKY BLACKBERRY MOONSHINE 750ML","HP","Inventory","2.00"
"13380","OLE SMOKY MOONSHINE CHERRIES 750ML","MARTIGNETTI ","Inventory","-6.00"
"13381","FRANKLY ORGANIC POMEGRANATE VODKA 750ML","None","Inventory","0.00"
"13382","FRANKLY ORGANIC VODKA 750ML","None","Inventory","0.00"
"13383","FRANKLY ORGANIC APPLE VODKA 750ML","None","Inventory","0.00"
"13384","FRANKLY ORGANIC GRAPEFRUIT VODKA 750ML","None","Inventory","0.00"
"13385","FRANKLY ORGANIC STRAWBERRY VODKA 750ML","None","Inventory","0.00"
"13388","SHIBUI GRAIN SELECT WHISKEY 750ML","None","Inventory","0.00"
"13389","SHIBUI PURE MALT WHISKEY 750ML","None","Inventory","0.00"
"13390","KIKORI JAPANESE WHISKEY 750ML","None","Inventory","0.00"
"13394","EXCLUSIV CHERRY VODKA 1.75L","None","Inventory","0.00"
"13399","HEROES AMERICAN VODKA 1L","None","Inventory","0.00"
"13400","OXLEY DRY GIN 750ML","None","Inventory","0.00"
"13401","VAN GOGH GIN 750ML","None","Inventory","0.00"
"13402","TRUE BORN GIN 750ML","None","Inventory","0.00"
"13403","TEQUILA OCHO PLATA 750ML","CDI","Inventory","0.00"
"13404","FEE BRMISCS WHISKEY AGED","ALLAN S GOOD","Inventory","0.00"
"13405","FEE BROTHERS OLD FASHION BITTERS 5OZ","EDER BROS","Inventory","2.00"
"13406","WINE OPENER","None","Inventory","0.00"
"13407","WINE OPNER -METAL CORKSCREW","None","Inventory","8.00"
"13408","RUFFINO RISERVA DUCALE CHIANTI CLASSICO","BRESCOME","Inventory","0.00"
"13409","AUSTIN NV CABERNET 750ML","None","Inventory","0.00"
"13411","KAMORA COFFEE LIQ 1.75","None","Inventory","0.00"
"13412","CINZANO DRY VERMOOTH 750","None","Inventory","0.00"
"13416","CAMILA MALBAC","BRESCOME","Inventory","0.00"
"13417","VILLA ANORI","BRESCOME","Inventory","0.00"
"13419","RAMON BILBAO","BRESCOME","Inventory","0.00"
"13420","MOZART DARK CHOCOLATE LIQUEUR","None","Inventory","0.00"
"13421","MOZART WHITE CHOCOLATE LIQUEUR","None","Inventory","0.00"
"13422","MOZART CHOCOLATE COFFEE LIQUEUR","None","Inventory","0.00"
"13423","MOZART WHITE CHOCOLATE STRAWBERRY LIQUEUR","None","Inventory","0.00"
"13424","MOZART PUMPKIN SPICE LIQUEUR 750ML","None","Inventory","0.00"
"13425","VERMONT ICE MAPLE BOURBON LIQUEUR 750ML","ALLAN S GOOD","Inventory","0.00"
"13426","TIA MARIA COLD BREW LIQUEUR","BRESCOME","Inventory","0.00"
"13429","HIGHLAND PARK 18 YR SINGLE MALT 750ML","BRESCOME","Inventory","2.00"
"13432","ON THE ROCKS EFFEN COSMOPOLITAN 375ML","BRESCOME","Inventory","0.00"
"13436","FRUITFUL MISSION FIG LIQUEUR","None","Inventory","0.00"
"13437","FRUITFUL BLOOD ORANGE LIQUEUR","None","Inventory","0.00"
"13438","FRUITFUL MANGO LIQUEUR","None","Inventory","0.00"
"13439","FRUITFUL BLUEBERRY LIQUEUR","None","Inventory","0.00"
"13441","FRUITFUL SMOKED JALAPENO LIQUEUR","None","Inventory","0.00"
"13442","FRUITFUL DRAGONFRUIT LIQUEUR","None","Inventory","0.00"
"13443","FRUITFUL STRAWBERRY LIQUEUR","None","Inventory","0.00"
"13444","NAKED SCOTCH 750ML","None","Inventory","0.00"
"13445","FRUITFUL WATERMELON LIQUEUR","None","Inventory","0.00"
"13446","OPICI WHITE SANGRIA 1.5L","OPICI","Inventory","0.00"
"13449","MONKEY IN PARADISE VODKA 750ML","TOUTON MONSIEUR TOUTON SELECTION LTD","Inventory","0.00"
"13453","BELLE MEADE STRAIGHT BOURBON","None","Inventory","0.00"
"13454","BELLE MEADE RESERVE BOURBON","ALLAN S GOOD","Inventory","0.00"
"13455","BLOOD OATH BOURBON","ALLAN S GOOD","Inventory","0.00"
"13456","VILLAGE ROYAL MERLOT 750ML","TOUTON MONSIEUR TOUTON SELECTION LTD","Inventory","0.00"
"13457","MURRAY HILL BOURBON","None","Inventory","0.00"
"13458","NELSONS GREEN BRIER TENNESSEE WHISKEY","None","Inventory","0.00"
"13459","NELSON BROS. CLASSIC","None","Inventory","0.00"
"13460","THOMAS S. MOORE COGNAC CASK","None","Inventory","0.00"
"13461","THOMAS S. MOORE SHERRY CASK","None","Inventory","0.00"
"13462","JOSEPH MAGNUS STRAIGHT BOURBON","None","Inventory","0.00"
"13463","MATSU EL PICARO 750ML","TOUTON MONSIEUR TOUTON SELECTION LTD","Inventory","0.00"
"13465","GREAT JONES BOURBON 750ML","EDER BROS","Inventory","0.00"
"13466","THE LITTLE SHEEP OF FRANCE CHARDONNAY WHITE","TOUTON MONSIEUR TOUTON SELECTION LTD","Inventory","0.00"
"13469","HARDSHORE DISTILLING CO. ORIGINAL GIN 750ML","TOUTON MONSIEUR TOUTON SELECTION LTD","Inventory","0.00"
"13470","FILIBUSTER STRAIGHT RYE WHISKEY DUAL CASK FINISHED 750ML","TOUTON MONSIEUR TOUTON SELECTION LTD","Inventory","0.00"
"13472","SEIGNEURS D'AIGUILHE BORDEAUX 750ML","TOUTON MONSIEUR TOUTON SELECTION LTD","Inventory","0.00"
"13473","HARDSHORE DISTILLING CO. NORTH OAK GIN 750ML","TOUTON MONSIEUR TOUTON SELECTION LTD","Inventory","0.00"
"13474","CHATEAU LES CHARMES GODARD BORDEAUX 750ML","TOUTON MONSIEUR TOUTON SELECTION LTD","Inventory","0.00"
"13475","AMMUNITION STRAIGHT BOURBON WHISKEY 750ML","TOUTON MONSIEUR TOUTON SELECTION LTD","Inventory","1.00"
"13476","GRIFFO DISTILLERY BARREL AGED GIN 750ML","TOUTON MONSIEUR TOUTON SELECTION LTD","Inventory","0.00"
"13477","BLUE NECTAR TEQUILA BLANCO 750ML","TOUTON MONSIEUR TOUTON SELECTION LTD","Inventory","0.00"
"13481","GRABADO MEZCAL JOVEN 700ML","TOUTON MONSIEUR TOUTON SELECTION LTD","Inventory","0.00"
"13482","GLEN TURNER 12 YEAR SCOTCH 700ML","TOUTON MONSIEUR TOUTON SELECTION LTD","Inventory","0.00"
"13483","GLEN TURNER DOUBLE CASK SCOTCH 700ML","TOUTON MONSIEUR TOUTON SELECTION LTD","Inventory","0.00"
"13485","IMAGERY SAUVIGNON BLANC 750ML","None","Inventory","0.00"
"13486","JOSE CUERVO PINK LEMONADE MARGARITA 4PK","None","Inventory","0.00"
"13487","JOSE CUERVO GRAPEFRUIT TANGERINE MARG 1.75L","EDER BROS","Inventory","1.00"
"13488","JOSE CUERVO MANGO MARGARITA 1.75L","None","Inventory","0.00"
"13489","JOSE CUERVO ORANGE PINEAPPLE MARGARITA 1.75L","None","Inventory","0.00"
"13490","JOSE CUERVO RASPBERRY MARGARITA 1.75L","None","Inventory","0.00"
"13492","JOSE CUERVO WATERMELON MARGARITA 4PK","None","Inventory","0.00"
"13493","JOSE CUERVO WATERMELON MARGARITA 1.75L","None","Inventory","0.00"
"13494","DON Q RTD MOJITO 1.75L","None","Inventory","0.00"
"13495","ON THE ROCKS EFFEN ESPRESSO MARTINI 375ML","BRESCOME","Inventory","8.00"
"13496","MONACO COGNAC PURPLE CRUSH 12OZ CAN","None","Inventory","0.00"
"13499","THE CLUB MUDSLIDE 200ML","None","Inventory","0.00"
"13500","THE CLUB PINA COLADA 200ML","None","Inventory","0.00"
"13507","FORTALEZA TEQUILA REPOSADO 750ML","Winebow, Inc.","Inventory","1.00"
"13511","WOLFFER ESTATE SUMMER IN A BOTTLE COTES DE PROVENCE","Winebow, Inc.","Inventory","24.00"
"13513","NOTORIOUS PINK GRENACHE ROSE","None","Inventory","0.00"
"13516","HAND ON HEART ROSE","None","Inventory","0.00"
"13517","HAND ON HEART CABERNET SAUVIGNON NON ALCOHOLIC WINE","BRESCOME","Inventory","-1.00"
"13518","HAND ON HEART CHARDONNAY","None","Inventory","0.00"
"13519","WOODBURY SIMPLICITY IPA 4PK CAN","WOODBURY BREWING","Inventory","0.00"
"13520","WOODBURY COLLUSION IPA 4PK CAN","WOODBURY BREWING","Inventory","2.00"
"13522","WOODBURY YUMMY BEERS DOUBLE IPA 4PK CANS","WOODBURY BREWING","Inventory","3.00"
"13524","MERICAN MULE VARIETY 8PK","STAR","Inventory","0.00"
"13525","MERICAN MOSCOW MULE 4PK","STAR","Inventory","0.00"
"13526","MERICAN MEXICANMULE","STAR","Inventory","0.00"
"13527","MERICAN SOUTHERN MULE","None","Inventory","0.00"
"13528","MERICAN TROPICAL MULE","None","Inventory","0.00"
"13530","BRECKENRIDGE BOURBON WHISKEY 750ML","EDER BROS","Inventory","0.00"
"13531","BRECKENRIDGE 1.75L","ALLAN S GOOD","Inventory","0.00"
"13532","BRECKENRIDGE RUM CASK","ALLAN S GOOD","Inventory","0.00"
"13533","SAPLING MAPLE","ALLAN S GOOD","Inventory","0.00"
"13534","STRANAHAN'S SHERRY CASK SINGLE MALT WHISKEY 750ML","ALLAN S GOOD","Inventory","0.00"
"13535","STRANAHAN'S ORIGINAL SINGLE MALT WHISKEY 750ML","ALLAN S GOOD","Inventory","0.00"
"13536","TEN HIGH SOUR MASH BOURBON WHISKEY 1.75L","ALLAN S GOOD","Inventory","0.00"
"13537","SPLINTER SLAUGHTER HOUSE AMERICAN WHISKEY 750ML","ALLAN S GOOD","Inventory","0.00"
"13540","SANGRIA","None","Inventory","0.00"
"13543","TOPO CHICO 240Z","STAR","Inventory","0.00"
"13544","TROPICAL","None","Inventory","0.00"
"13545","SAM 12PK","None","Inventory","0.00"
"13548","GLENDRONACH SINGLE CASK-27 YR","ALLAN S GOOD","Inventory","0.00"
"13550","WACHUSETT BIG BLUE BLUEBERRY ALE","HDI","Inventory","0.00"
"13553","MERICAN PUMPKIN MULE 4PK","None","Inventory","0.00"
"13554","GEORGE DICKEL BARREL BOTTLED IN BOND #4 100PF","MARTIGNETTI ","Inventory","-1.00"
"13557","SIEMPRE SILVER TEQUILA 750ML","HARTLEY PARKER","Inventory","0.00"
"13558","SIEMPRE REPO TEQUILA 750ML","HARTLEY PARKER","Inventory","0.00"
"13559","SIEMPRE ANEJO TEQUILA 750ML","HARTLEY PARKER","Inventory","0.00"
"13560","PRATSCH GRUNER VELTINER ORGANIC","None","Inventory","0.00"
"13561","MONACO VODKA GIN RUM","CDI","Inventory","0.00"
"13563","CANTEEN","None","Inventory","0.00"
"13566","CIROC WATERMELON KIWI","None","Inventory","0.00"
"13567","CIROC COLADA","None","Inventory","0.00"
"13568","CIROC SUNSET CITRUS","None","Inventory","0.00"
"13571","CRUZAN ESTATE DARK 1.75L","None","Inventory","0.00"
"13572","CIROC","None","Inventory","0.00"
"13573","HARDER SALZER","None","Inventory","0.00"
"13576","CANTEEN WATERMELON VODKA SODA 4PK","None","Inventory","0.00"
"13578","CROOK AND MARKER STRAWBERRY HIBISCUS MARGARITA 4PK","None","Inventory","0.00"
"13579","JUNE SHINE MANGO DAYDREAM 6PK","None","Inventory","0.00"
"13580","JUNE SHINE TROPICAL VARIETY 8PK","None","Inventory","0.00"
"13581","TWO CHICKS SPARKLING PALOMA 4PK","None","Inventory","0.00"
"13582","TWO CHICKS CRANBERRY TARTINI 4PK","None","Inventory","0.00"
"13583","TWO CHICKS VODKA CUTEA 4PK","None","Inventory","0.00"
"13584","TWO CHICKS NEW FASHIONED 4PK","None","Inventory","0.00"
"13585","TWO CHICKS APPLE GIMLET","None","Inventory","0.00"
"13586","NATURA ORGANIC MERLOT 750ML","None","Inventory","0.00"
"13587","STONE CELLARS MERLOT 1.5LT","EDER BROS","Inventory","2.00"
"13588","BASILICA SAMBUCA 750ML","None","Inventory","0.00"
"13591","VILLA MARIA PRIVATE BIN SAUVIGNON BLANC 750ML","Winebow, Inc.","Inventory","12.00"
"13592","COMMANDERIE DE LA BARGEMONE ROSE","None","Inventory","0.00"
"13594","LITCHFIELD MAPLE BOURBON 750ML","EDER BROS","Inventory","3.00"
"13595","BROKERS LONDON DRY GIN","SLOCUM & SONS INC","Inventory","0.00"
"13596","BEER'D - ALWAYS EATIN' DINNER","None","Inventory","0.00"
"13602","ARROW PPRMNT SCHNAPPS PL","None","Inventory","0.00"
"13603","FINEST CALL LIME JUICE 1L","None","Inventory","0.00"
"13604","BOLS SLOE GIN LIQUEUR","None","Inventory","0.00"
"13605","BOLS ANISETTE LIQUEUR 1L","None","Inventory","0.00"
"13607","ATLANTICO RUM PLATINO 750ML","None","Inventory","0.00"
"13608","DEKUYPER KIRSCHWASSER 750ML","None","Inventory","0.00"
"13610","FIRE WATER LIQUEUR 750ML","None","Inventory","0.00"
"13611","COOLE SWAN IRISH CREAM LIQUEUR 750ML","None","Inventory","0.00"
"13612","CAFFE SPORT ESPRESSO LIQUEUR 750ML","None","Inventory","0.00"
"13613","BOLS ORANGE CURACAO 1L","None","Inventory","0.00"
"13616","TRAVIS HASSE CHERRY PIE LIQUEUR 750ML","None","Inventory","0.00"
"13619","SERPENT'S BITE APPLE CIDER WHSKY 750ML","None","Inventory","0.00"
"13620","PAUL MASSON VS BRANDY 750ML","CDI","Inventory","2.00"
"13621","VAN GOGH BLUE VODKA","None","Inventory","0.00"
"13625","OUZO NO. 12 750ML","HARTLEY PARKER","Inventory","0.00"
"13627","GLEN DRONACH 18YR 750ML","ALLAN S GOOD","Inventory","0.00"
"13628","YELLOW SPOT IRISH WHISKEY 750ML","ALLAN S GOOD","Inventory","0.00"
"13629","WAY POINT RUM","ALLAN S GOOD","Inventory","0.00"
"13630","TOWN BRANCH BOURBON 750ML","ALLAN S GOOD","Inventory","0.00"
"13634","THIMBLE ISLAND PUMPKIN PORTER SINGLE","None","Inventory","0.00"
"13637","BBCO RADICAL CANDOR IPA","None","Inventory","0.00"
"13639","FUJI SINGLE GRAIN","None","Inventory","0.00"
"13642","APPLETON ESTATE 15 YEAR RUM 750ML","None","Inventory","0.00"
"13643","APPLETON ESTATE SIGNATURE JAMAICA RUM 750ML","EDER BROS","Inventory","1.00"
"13646","PAULANER OCTOBERFEST 12PK","None","Inventory","0.00"
"13648","JUNE SHINE GRAPEFRUIT HARD KOMBUCHA 6PK","None","Inventory","0.00"
"13649","JUNE SHINE HARD KOMBUCHA VARIETY 6PK","None","Inventory","0.00"
"13653","MOLLYS PUMPKIN SPICE IRISH CREAM 750ML","None","Inventory","0.00"
"13654","G&D EXTRA DRY VERMOUTH 750ML","None","Inventory","0.00"
"13655","THE DEAD RABBIT IRISH WHISKEY 750ML","None","Inventory","0.00"
"13656","MONACO TEQUILA LIME CRUSH 4PK","None","Inventory","0.00"
"13657","BIKINI BEER LONG ISLAND SOUND EDITION 4PK","None","Inventory","0.00"
"13660","VALLEY GINGER LIME CBD SPARKLING WATER 4PK","None","Inventory","0.00"
"13661","VALLEY GRAPEFRUIT TANGERINE SPARKLING WATER 4PK","None","Inventory","0.00"
"13662","HOOKER CHILL AF MAKRUT LIME CBD SELTZER 4PK","None","Inventory","0.00"
"13663","HOOKER CHILL AF BLACK CHERRY CBD SELTZER 4PK","None","Inventory","0.00"
"13669","CBD BLACK MANGO","None","Inventory","0.00"
"13670","HARBOR HEMP CBD","None","Inventory","0.00"
"13671","HARBOR HEMP LIME","None","Inventory","0.00"
"13673","MAD TASTY YUZU CITRUS CBD SPARKLING WATER CAN","None","Inventory","0.00"
"13675","LOVERBOY COSMOPOLITAN 4PK","None","Inventory","0.00"
"13686","CAPRICCO PASSION FRUIT 375 ML 4 PKL","None","Inventory","0.00"
"13687","CAPRICCIO ROSE SANGRIA 375 ML 4 PK","None","Inventory","0.00"
"13689","CHOLE SAUV.BLANC","ALLAN S GOOD","Inventory","0.00"
"13691","PASTENE MARSALA 750ML","MARTIGNETTI ","Inventory","6.00"
"13692","FRAMBOISE RASPBERRY BRANDY","None","Inventory","0.00"
"13693","EL TORO SILVER 1L","None","Inventory","0.00"
"13694","PLAYA REAL","None","Inventory","0.00"
"13697","KENT FALLS - PERFECT KERNING","None","Inventory","0.00"
"13698","EQUILIBRIUM ENERGY EQUALS DOUBLE IPA","None","Inventory","0.00"
"13702","RM PRIVATE SELECTION BOURBON BARREL MERLOT 750ML","HARTLEY PARKER","Inventory","0.00"
"13704","CHAMBORD RASPBERRY LIQUEUR 375ML","EDER BROS","Inventory","2.00"
"13705","SEEDLIP SPICE 94 NON-ALCOHOLIC SPIRIT 750ML","None","Inventory","0.00"
"13706","SEEDLIP GARDEN 108 NON-ALCOHOLIC SPIRIT 750ML","None","Inventory","0.00"
"13707","SEEDLIP GROVE 42 NON-ALCOHOLIC SPIRIT 750ML","None","Inventory","0.00"
"13708","LOYAL VODKA LEMONADE 4PK CANS","NORTHEAST","Inventory","0.00"
"13710","HUSSONGS GOLD TEQUILA 750ML","None","Inventory","0.00"
"13711","E & J PEACH BRANDY 750ML","None","Inventory","0.00"
"13712","E & J SPICED BRANDY 750ML","None","Inventory","0.00"
"13713","CRUZAN VANILLA  RUM 750ML","None","Inventory","0.00"
"13715","CRUZAN BANANA RUM 750ML","None","Inventory","0.00"
"13716","HAHN EST PINOT GRIS 750ML","CDI","Inventory","0.00"
"13717","HAHN ESTATE PINOT NOIR 750ML","CDI","Inventory","0.00"
"13718","HAHN FOUNDERS GSM BLEND","OPICI","Inventory","0.00"
"13719","WATERBIRD VODKA CITRUS SQUEEZE","None","Inventory","0.00"
"13720","WATERBIRD HARDBODY 4PK","None","Inventory","0.00"
"13721","WATERBIRD TEQUILA MARGARITA 4PK","None","Inventory","0.00"
"13722","PARROT BAY PASSION FRUIT 750ML","HARTLEY PARKER","Inventory","0.00"
"13723","PARROT BAY MANGO 750ML","None","Inventory","0.00"
"13724","CYPRESS CHARDONNAY","None","Inventory","0.00"
"13728","WYOMING WHISKEY 750ML","None","Inventory","0.00"
"13729","MALIBU PINA COLADA 4PK","None","Inventory","0.00"
"13730","MALIBU WATERMELON MOJITO 4PK","None","Inventory","0.00"
"13731","PENDLETON WHISKY 750ML","None","Inventory","0.00"
"13732","TANQUERAY GIN AND TONIC 4PK","BRESCOME","Inventory","0.00"
"13733","EFFEN BLACK CHERRY VODKA 750ML","None","Inventory","0.00"
"13734","EFFEN VODKA 750ML","None","Inventory","0.00"
"13735","GOLDSCHLAGER CINNAMON LIQUEUR 375ML","MARTIGNETTI ","Inventory","1.00"
"13737","CARPANO ANTICA FORMULA VERMOUTH 750ML","EDER BROS","Inventory","2.00"
"13740","GATO NEGRO CAB MERLOT 1.5L","HARTLEY PARKER","Inventory","0.00"
"13741","SANTA JULIA CHARDONNAY","None","Inventory","0.00"
"13743","PIKESVILLE RYE WHISKEY 110 PROOF 750ML","None","Inventory","0.00"
"13746","BARRIER - GREEN HILL ZONE","None","Inventory","0.00"
"13750","NEW AMSTERDAM PINK WHITNEY VODKA 375ML","CDI","Inventory","10.00"
"13752","WHISTLE PIG PIGGYBACK 6 YEAR RYE WHISKEY 750ML","CDI","Inventory","0.00"
"13754","TEMPLETON RYE 10YR 750ML","CDI","Inventory","0.00"
"13755","TWO ROADS ROAD 2 RUIN DOUBLE IPA 19.2OZ CAN","A. GALLO","Inventory","18.00"
"13756","SWEET REVENGE STRAWBERRY LIQUEUR 200ML","None","Inventory","0.00"
"13757","ARROW PPRMNT SCHNAPPS 200ML","None","Inventory","0.00"
"13759","HARTLEY PEACH BRANDY 375ML","None","Inventory","0.00"
"13760","COURVOISIER VS COGNAC 750ML","CDI","Inventory","13.00"
"13761","STONINGTON CHARD","ALLAN S GOOD","Inventory","0.00"
"13762","EVENING SKY DAYDREAM BLONDE ALE","None","Inventory","0.00"
"13763","HIGH NOON ENDZONE 8PK CANS","CDI","Inventory","0.00"
"13764","INTRINSIC CABERNET 750ML","None","Inventory","0.00"
"13765","BOMBERGER'S DECLARATION BOURBON WHISKEY 1OYR 108PROOF","BRESCOME","Inventory","-1.00"
"13766","SHENK'S HOMESTEAD SOUR MASH WHISKEY 91.2 PROOF 750ML","BRESCOME","Inventory","-1.00"
"13767","DEWAR'S FOUNDERS RESERVE-18 YR  WHISKEY 750ML","CDI","Inventory","1.00"
"13768","DEWAR'S 125TH US OPEN CHAMPIONS EDITION 19 YRS BLENDED SCOTCH","BRESCOME","Inventory","3.00"
"13769","PIGGY BACK 6YR","None","Inventory","0.00"
"13770","CANTEEN VODKA SODA 8PK","HDI","Inventory","0.00"
"13771","CANTINA TAQUILA SODA WATERMELON","None","Inventory","0.00"
"13773","GAMBARELLI SWEET VERMOUTH","None","Inventory","0.00"
"13775","CANTINA TEQUILA SODA VARIETY 8PK","None","Inventory","0.00"
"13777","DEEP EDDY VODKA SODA LIME 4PK","None","Inventory","0.00"
"13778","FRANK'S REDHOT BLOODY MARY MIX 32 FL OZ","None","Inventory","0.00"
"13779","NIGHT SHIFT BREWING SANTILLI 12PK","None","Inventory","0.00"
"13780","KETTMEIR PINOT GRIGIO 750ML","None","Inventory","0.00"
"13781","BERKSHIRE BREWING LIFE ON MARZEN OKTOBERFEST LAGER 16OZ 4PK CANS","NORTHEAST","Inventory","0.00"
"13782","WACHUSETT BLUEBERRY ALE 12PK","None","Inventory","0.00"
"13783","SOUTHERN TIER 2X HAZE        DOUBLE IPA 6PK","None","Inventory","0.00"
"13788","HIGH NOON TROPICAL PACK 8PK CAN","CDI","Inventory","6.00"
"13789","BOMB BOX 12PK","None","Inventory","0.00"
"13790","FRANKLY RGANIC","ALLAN S GOOD","Inventory","0.00"
"13792","PRIMA PERLA PROSECCO 750ML","MARTIGNETTI ","Inventory","13.00"
"13795","WILLAMETTE VALLEY RIES 16","ALLAN S GOOD","Inventory","0.00"
"13796","BROTHER'S BOND STRAIGHT BOURBON WHISKEY 750ML","CDI","Inventory","0.00"
"13797","RABBIT HOLE HEIGOLD STRAIGHT BOURBON 750ML","CDI","Inventory","1.00"
"13798","DALMORE 12YR SCOTCH 750ML","CDI","Inventory","2.00"
"13799","BLUE RUN KENTUCKY STRAIGHT BOURBON 750ML","CDI","Inventory","1.00"
"13802","RABBIT HOLE CAVEHILL STRAIGHT BOURBON 750ML","CDI","Inventory","2.00"
"13803","GRAY WHALE GIN 750ML","CDI","Inventory","0.00"
"13812","WOODBRIDGE CABERNET SAUVIGNON 3L","MARTIGNETTI ","Inventory","-23.00"
"13815","BLACK BOX BUTTERY CHARDONNAY 3L","CDI","Inventory","5.00"
"13817","BLACK BOX VIBRANT VELVETY RED BLEND 3L","CDI","Inventory","0.00"
"13825","HANA GIN","None","Inventory","0.00"
"13826","SAN ANTONIO CARDINALE 750ML","ALLAN S GOOD","Inventory","0.00"
"13827","SAN ANTONIO IMPERIAL RED","None","Inventory","0.00"
"13828","CAST DEL POGGIO MOSCATO 750ML","None","Inventory","0.00"
"13833","BANG PEACH MANGO 16OZ","None","Inventory","0.00"
"13834","BANG BLUE RAZZ","None","Inventory","0.00"
"13835","DOLE LEMONADE","None","Inventory","0.00"
"13836","DOLE STRAWBERRY LEMONADE","None","Inventory","0.00"
"13840","NORBROOK FARM LOVE IN A CUP CHERRY STOUT","None","Inventory","0.00"
"13841","ON THE ROCKS HORNITOS MARGARITA 750ML","BRESCOME","Inventory","7.00"
"13843","PRIEST RANCH CABERNET SAUVIGNON 750ML","None","Inventory","0.00"
"13845","SMITH AND HOOK CABERNET SAUVIGNON 2019","None","Inventory","0.00"
"13846","HALL NAPA VALLEY SAUVIGNON BLANC","None","Inventory","0.00"
"13848","BEER'D GROVE STAND DOUBLE IPA","None","Inventory","0.00"
"13849","BEER'D CHECK OUT MY TRAPPER KEEPER","None","Inventory","0.00"
"13853","CANTINA SOCIALE DI CASORZO - MALVASIA DI CASORZO 750ML","TOUTON MONSIEUR TOUTON SELECTION LTD","Inventory","0.00"
"13861","STONY CREEK LITTLE WING HAZE IPA","None","Inventory","0.00"
"13862","TOURNEFEUILLE LALANDE DE POMEROL 750ML","None","Inventory","0.00"
"13863","BANDED BREWING DAIKAIJU DOUBLE IPA","None","Inventory","0.00"
"13865","THREES BREWING SFY DOUBLE IPA","None","Inventory","0.00"
"13867","PROPHECY SAUVIGNON BLANC 750ML","CDI","Inventory","0.00"
"13868","SPEYBURN-15 YR","None","Inventory","0.00"
"13869","SPEYBURN SINGLE MALT 10YRS 750","None","Inventory","0.00"
"13870","SPEYBURN 18 YR","ALLAN S GOOD","Inventory","0.00"
"13871","DUCKHORN PARADUXX RED BLEND","None","Inventory","0.00"
"13872","CUTWATER WHITE RUSSIAN 12OZ 4PK CANS","NORTHEAST","Inventory","0.00"
"13875","MALIBU BLACK 70 PROOF RUM 1.75L","BRESCOME","Inventory","0.00"
"13876","ONDA TEQULIA SELTZER CLASSIC VARIETY 8PK CANS","CDI","Inventory","0.00"
"13877","OLD PULTENEY","ALLAN S GOOD","Inventory","0.00"
"13878","OLD PULTENEY 15YR","ALLAN S GOOD","Inventory","0.00"
"13879","LAN BLANCO 750ML","TOUTON MONSIEUR TOUTON SELECTION LTD","Inventory","0.00"
"13880","BREAD & BUTTER CABERNET SAUVIGNON 750ML","OPICI","Inventory","9.00"
"13881","BREAD & BUTTER PINOT NOIR 750ML","OPICI","Inventory","8.00"
"13887","SMIRNOFF PEACH VODKA 375ML","EDER BROS","Inventory","0.00"
"13891","COCKBURN'S 10 YEAR TAWNY PORTO 750ML","ALLAN S GOOD","Inventory","0.00"
"13892","CHAMBORD BLACK RASPBERRY LIQUEUR ROYALE (FRANCE) 750ML","HP","Inventory","0.00"
"13893","BOONDOCKS","None","Inventory","0.00"
"13896","EL DORADO HOP","None","Inventory","0.00"
"13897","SEEDLIP GIN","ALLAN S GOOD","Inventory","0.00"
"13898","DOC'S PUMPKIN CIDER","None","Inventory","0.00"
"13899","SMUTTYNOSE ROBUST PORTER 6PK","None","Inventory","0.00"
"13900","HUSKY HOPS","STAR","Inventory","0.00"
"13902","KINSMEN BREWING HUSKY HOPS IPA","None","Inventory","0.00"
"13904","SMOKING LOON ZINFANDEL","BRESCOME","Inventory","0.00"
"13906","OLD BAY BLOODY MARY MIX 32FLOZ","None","Inventory","0.00"
"13907","OLD BAY VODKA 750ML","None","Inventory","0.00"
"13909","AUSTIN EASTCIDERS ORIGINAL 12PK","None","Inventory","0.00"
"13910","BBCO QUEEN'S MAGE IPA","None","Inventory","0.00"
"13912","PARTAKE NA IPA","None","Inventory","0.00"
"13914","JACK'S ABBY POST SHIFT PILSNER","None","Inventory","0.00"
"13915","TROEGS PERPETUAL IPA","None","Inventory","0.00"
"13919","SOUTHERN TIER PUMKING ALE 4PK","NULL","Inventory","0.00"
"13920","HERMIT THRUSH PO TWEET SOUR PALE ALE","NULL","Inventory","0.00"
"13923","KINSMEN BREWING HUSKY HOPS IPA","None","Inventory","0.00"
"13924","KINSMEN BREWING HUSKY HOPS IPA","None","Inventory","0.00"
"13925","KINSMEN BREWING HUSKY HOPS IPA","None","Inventory","0.00"
"13928","STAVE AND STEEL BOURBON BARREL CABERNET SAUVIGNON 750ML","ALLAN S GOOD","Inventory","0.00"
"13931","EVENING SKY HORIZON NEIPA","None","Inventory","0.00"
"13932","THREE FINGER JACK CABERNET SAUVIGNON","None","Inventory","0.00"
"13935","LEROUX POLISH BLACKBERRY BRANDY 1.75LT","CDI","Inventory","-1.00"
"13937","OMMEGANG 25TH ANNIVERSARY ALE","None","Inventory","0.00"
"13938","OMMEGANG ALL HALLOWS TREAT","BRESCOME","Inventory","0.00"
"13942","FUNK BREWING","HDI","Inventory","0.00"
"13943","BLAKE'S TONIC 12 OZ","None","Inventory","0.00"
"13944","PENELOPE TOASTED SERIES BARREL FINISH BOURBON 750ML","BRESCOME","Inventory","-2.00"
"13945","BLUE NOTE CROSSROADS","None","Inventory","0.00"
"13946","BLUE NOTE JUKE JOINT","BRESCOME","Inventory","0.00"
"13948","SIMI BRIGHTFUL CHARD","ALLAN S GOOD","Inventory","0.00"
"13952","LIMAVADY SINGLE MALT WHISKEY 750ML","CDI","Inventory","0.00"
"13953","SINGLE DETAILS CAB.SAUV","SLOCUM & SONS INC","Inventory","0.00"
"13954","BUSHMILLS 10 YR SINGLE MALT 750ML","EDER BROS","Inventory","1.00"
"13959","HANGING HILLS JALAMANTA IPA","None","Inventory","0.00"
"13962","AUSTIN EASTCIDERS         PINEAPPLE CIDER","NULL","Inventory","0.00"
"13963","GLUTENBERG BLONDE","STAR","Inventory","0.00"
"13964","GLUTENBERG IPA","STAR","Inventory","0.00"
"13965","CITIZEN DONUT","STAR","Inventory","0.00"
"13966","ZONIN PROSECCO CUVEE 1821 750ML","TOUTON MONSIEUR TOUTON SELECTION LTD","Inventory","0.00"
"13967","MARK WEST PINOT NOIR 750ML","BRESCOME","Inventory","9.00"
"13968","CANADIAN MIST","None","Inventory","0.00"
"13969","THE CLUB","None","Inventory","0.00"
"13971","DAILYS WATERMELON 10 OZ","None","Inventory","0.00"
"13972","BLUE RASBERRY","None","Inventory","0.00"
"13973","MIDNIGHT MOON SHINE WATERMEALONE","None","Inventory","0.00"
"13975","LOVERBOY ESPRESSO MARTINI","STAR","Inventory","0.00"
"13976","LOVERBOY SPRITZ BLUEBERRY LEMON","STAR","Inventory","0.00"
"13977","LOVERBOY SPRITZ PASSIONFRUIT GUAVA","STAR","Inventory","0.00"
"13980","CAVIT MOSCATO 1.5LT","BRESCOME","Inventory","0.00"
"13985","BLUE CHAIR BAY MOCHA RUM CREAM 750ML","None","Inventory","0.00"
"13986","SCHOFFERHOFER GRAPEFRUIT 6PK BOTTLE 12OZ","None","Inventory","0.00"
"13987","DOUGH BALL COOKIE DOUGH WHISKEY 750ML","CDI","Inventory","0.00"
"13988","YUKON JACK 100 PROOF 750ML","EDER BROS","Inventory","6.00"
"13992","BOTARITA CLASSIC LIME MARGARITA 1.5L","CDI","Inventory","0.00"
"13995","BOTARITA STRAWBERRY MARGARITA 1.5L","CDI","Inventory","0.00"
"13996","EVENING SKY MOONLIGHT APA","None","Inventory","0.00"
"13997","BBCO TIME OF THE CHIMPANZEE NEIPA","None","Inventory","0.00"
"13998","GREENPORT HARBOR ALE APA 6PK","None","Inventory","0.00"
"13999","GREENPORT HARBOR ALE SINGLE","None","Inventory","0.00"
"14000","SPRINGDALE SPIRITUAL GANGSTER HAZY IPA","None","Inventory","0.00"
"14003","CRESTA BELLA MADEIRA 750ML","None","Inventory","0.00"
"14004","BOTA MINI MERLOT 500ML","MARTIGNETTI ","Inventory","11.00"
"14006","CALUMET FARM 16YR SINGLE RACK BLACK 750ML","NORTHEAST","Inventory","0.00"
"14007","WOODBURY CITRAHH IPA","WOODBURY BREWING","Inventory","0.00"
"14008","WOODBURY EIN PROSIT OKTOBERFEST 4PK CANS","WOODBURY BREWING","Inventory","0.00"
"14009","CALUMET FARM  8YR BOURBON 750ML","NORTHEAST","Inventory","2.00"
"14010","BARRELL SEAGRASS RYE 750ML","NORTHEAST","Inventory","1.00"
"14011","BARRELL DOVETAIL CASK STRENGTH WHISKEY 750ML","NORTHEAST","Inventory","0.00"
"14012","BARRELL BOURBON CASK STRENGTH BATCH 31 750ML","NORTHEAST","Inventory","0.00"
"14013","STELLUM RYE FIBONACCI BLEND 1","NORTHEAST","Inventory","0.00"
"14014","BENCHMARK EGG NOG 750ML","None","Inventory","0.00"
"14016","GREAT FALL PENUT BUTTER STTOUT","None","Inventory","0.00"
"14017","GREAT FALL LUMINOSITY","None","Inventory","0.00"
"14018","GREAT FALL BARNABAS STOUT","None","Inventory","0.00"
"14019","DONT USE THE QR CODE","None","Inventory","0.00"
"14020","POCAS JR 30 YEAR TAWNY PORTO","None","Inventory","0.00"
"14021","POCAS JR 10 YEAR TAWNY PORTO","None","Inventory","0.00"
"14022","POCAS 20 YR TAWNY DECANTER","None","Inventory","0.00"
"14023","LAB VINHO LISBOA ROSE 750ML","None","Inventory","0.00"
"14024","LAB VINHO LISBOA WHITE 750ML","None","Inventory","0.00"
"14025","RABBIT HOLE RYE","CDI","Inventory","0.00"
"14026","RABBIT HOLE DARERINGER SHERRY CASK BOURBON 750ML","CDI","Inventory","2.00"
"14027","PAXIS ROSE BLEND 750ML","None","Inventory","0.00"
"14028","ANTICHE TERRE AMARONE 750ML","None","Inventory","0.00"
"14029","LEGENDARY CABARNET SAUVIGNON 1.5L","None","Inventory","0.00"
"14030","MENDOZA VINEYARDS MALBEC 1.5L","None","Inventory","0.00"
"14031","CLOS DE NAPA CABERNET SAUVIGNON 750ML","None","Inventory","0.00"
"14032","CLOS DE NAPA CABERNET SAUVIGNON 750ML","None","Inventory","0.00"
"14033","CROOKED PATH ZINFANDEL 750ML","None","Inventory","0.00"
"14034","CROOKED PATH THE WANDERER 750ML","None","Inventory","0.00"
"14035","WHISTLE PIG RYE 15YR WHISKEY 750ML","CDI","Inventory","0.00"
"14036","CARAVEDO MOSTO VERDE","CDI","Inventory","0.00"
"14037","CARAVEDO PURO TORONTEL PISCO 750ML","CDI","Inventory","0.00"
"14038","CARAVEDO PURO QUEBRENTA PISCO 750ML","None","Inventory","0.00"
"14039","EL GOBERNADOR PISCO RESERVADO 750ML","None","Inventory","0.00"
"14040","TOMA BLOODY MARY MIX","None","Inventory","0.00"
"14042","The Famous Grouse Black 1.75L","None","Inventory","0.00"
"14044","MINOR CASE RYE WHISKEY 750ML","None","Inventory","0.00"
"14046","BEATBOX FRUIT PUNCH 16.9Z","None","Inventory","0.00"
"14047","BEATBOX TROPICAL PUNCH 16.9Z","None","Inventory","0.00"
"14049","EFFEN","None","Inventory","0.00"
"14055","FRANZISKANER  BOTTLE 2/12 12Z","None","Inventory","0.00"
"14061","BULLY BOY","ALLAN S GOOD","Inventory","0.00"
"14062","LA FIERA PINOT GRIGIO 750ML","Winebow, Inc.","Inventory","0.00"
"14063","AVIGNONESI ROSSO DI TOSCANA","Winebow, Inc.","Inventory","0.00"
"14069","UNCLE VALS ZESTED GIN 750ML","OPICI","Inventory","0.00"
"14070","WURZBURGER JULIUS ECHTER WEISSBIER","None","Inventory","0.00"
"14073","UNCLE VALS RESTORATIVE GIN 750ML","OPICI","Inventory","0.00"
"14074","UNCLE VALS BOTANICAL GIN 750ML","OPICI","Inventory","0.00"
"14075","HOG RIVER DREAM CLOUD IPA","None","Inventory","0.00"
"14076","FLIP FLOP PINOT GRIGIO 1.5L","ALLAN S GOOD","Inventory","0.00"
"14077","KENT FALLS PUBLIC GOLDEN MILD ALE","None","Inventory","0.00"
"14078","PRIMA BARISTA VANILLA HARD LATTE","None","Inventory","0.00"
"14080","PRIMA BARISTA MOCHA HARD FRAPPE","None","Inventory","0.00"
"14082","LIBELULA JOVEN TEQUILA 750ML","None","Inventory","0.00"
"14083","FONTANA CANDIDA FRASCATI 1.5L","None","Inventory","0.00"
"14084","SALMON CREEK PINOT GRIGIO 1.5L","None","Inventory","0.00"
"14088","MONTEFRESCO PINOT GRIGIO","None","Inventory","0.00"
"14091","REKORDERLIG PEAR CIDER","None","Inventory","0.00"
"14093","MOUNT EDEN CHARDONNAY 750ML","SLOCUM & SONS INC","Inventory","0.00"
"14094","DOMAINE SERENE EVENSTAD RESERVE CHARDONNAY","SLOCUM & SONS INC","Inventory","0.00"
"14096","KENT FALL OAK AGED","None","Inventory","0.00"
"14097","MT EDEN PINOT NOIR","SLOCUM & SONS INC","Inventory","0.00"
"14100","FAUST THE PACT COOMBSVILLE NAPA VALLEY 750ML","SLOCUM & SONS INC","Inventory","6.00"
"14101","VAN GOGH REGULAR 750ML","None","Inventory","0.00"
"14102","GALLIANO LIQUEUR","None","Inventory","0.00"
"14103","FREIXENET ALCOHOL REMOVED SPARKLING WINE 750ML","ALLAN S GOOD","Inventory","0.00"
"14104","FREIXENET ALCOHOL REMOVED SPARKLNG ROSE 750ML","None","Inventory","0.00"
"14105","TOPLING GOLIATH","SHARPE HILL","Inventory","0.00"
"14106","TOPPLING GOLIATH RADIANT HAZE IPA","None","Inventory","0.00"
"14108","CT VALLEY STRA.LEMONADE","None","Inventory","0.00"
"14109","CT VALLEY ORANGE POMOGRANATE","None","Inventory","0.00"
"14110","CT VALLEY LAMONADE","None","Inventory","0.00"
"14111","CT VALLEY BLUEBERRY LEM","None","Inventory","0.00"
"14114","GLENMORANGIE 10YR SINGLE MALT SCOTCH WHISKEY 750 ML","BRESCOME","Inventory","1.00"
"14115","ARGENTO","None","Inventory","0.00"
"14116","LABATT BLUE 4/6/11.5 NR","None","Inventory","0.00"
"14117","NEVERSINK","None","Inventory","0.00"
"14118","GREEK WHITE WINW","None","Inventory","0.00"
"14119","BAREFOOT ROSE 1.5L","CDI","Inventory","9.00"
"14120","CLOUD","None","Inventory","0.00"
"14122","GREEN SPOT SINGLE POT STILL IRISH WHISKEY 750ML","EDER BROS","Inventory","1.00"
"14124","CISCO GAMEDAY IPA 6PK","HDI","Inventory","0.00"
"14127","FLECHAS DE LOS ANDES GRAN MALBEC 750ML","TOUTON MONSIEUR TOUTON SELECTION LTD","Inventory","0.00"
"14128","LE HAUT MEDOC DE TRINTAUDON 750ML","TOUTON MONSIEUR TOUTON SELECTION LTD","Inventory","0.00"
"14130","FRAM SHIRAZ 750ML","TOUTON MONSIEUR TOUTON SELECTION LTD","Inventory","0.00"
"14131","LES DAUPHINS GRENACHE MERLOT 750ML","TOUTON MONSIEUR TOUTON SELECTION LTD","Inventory","0.00"
"14132","E. THERY SILVER SPARKLING ROSE","TOUTON MONSIEUR TOUTON SELECTION LTD","Inventory","0.00"
"14135","AMMUNITION STRAIGHT RYE WHISKEY 750ML","TOUTON MONSIEUR TOUTON SELECTION LTD","Inventory","0.00"
"14138","CHATEAU PRIGNAC MEDOC RED 750ML","TOUTON MONSIEUR TOUTON SELECTION LTD","Inventory","10.00"
"14147","CHEVAL NOIR BORDEAUX 750ML","None","Inventory","0.00"
"14151","SUR DE LOS ANDES PINOT NOIR 750ML","TOUTON MONSIEUR TOUTON SELECTION LTD","Inventory","0.00"
"14153","LINIE AQUAVIT LIQUEUR 750ML","CDI","Inventory","0.00"
"14154","BLUE RUN HIGH RYE CASK STRENGTH WHISKEY 750ML","CDI","Inventory","0.00"
"14163","CARMEL ROAD PINOT NOIR 750ML","CDI","Inventory","2.00"
"14167","BBCO YOU CANT GET THERE FROM HERE","None","Inventory","0.00"
"14171","CARMEL ROAD CHARDONNAY","CDI","Inventory","0.00"
"14173","OBIKWA PINOT GRIGIO 750ML","None","Inventory","0.00"
"14174","OBIKWA SAUVIGNON BLANC 750ML","None","Inventory","0.00"
"14175","LUKSUSOWA VODKA 80PROOF 1.75L","BRESCOME","Inventory","10.00"
"14177","CAYMUS CONUNDRUM WHITE WINE BLEND 750ML","SLOCUM & SONS INC","Inventory","0.00"
"14181","OLIVER SWEET WHITE 750ML","ACE DISTRIBUTING","Inventory","0.00"
"14182","OLIVER SWEET RED LIME","ACE DISTRIBUTING","Inventory","0.00"
"14183","OLIVER SWEET ROSE 750ML","ACE DISTRIBUTING","Inventory","0.00"
"14184","OLIVER SWEET RED 750ML","ACE DISTRIBUTING","Inventory","0.00"
"14185","REDEMPTION RUM CASK FINISH RYE 750ML","CDI","Inventory","3.00"
"14186","E&J APPLE BRANDY 200ML","CDI","Inventory","1.00"
"14188","VAN GOGH  DUTCH CARAMEL 750ML","ALLAN S GOOD","Inventory","0.00"
"14189","HARVEYS SOLERA SHERRY BRISTOL CREAM 1.5LT","BRESCOME","Inventory","-1.00"
"14190","APPLETON ESTATE 8YR","BRESCOME","Inventory","0.00"
"14191","TANTEO CHIPOTLE","CDI","Inventory","0.00"
"14192","TANTEO HABANERO","CDI","Inventory","0.00"
"14193","TANTEO BLANCO","CDI","Inventory","0.00"
"14196","SEA SUN CALIFORNIA CHARDONNAY 750ML","SLOCUM & SONS INC","Inventory","4.00"
"14197","FUNNY WATER VARIETY 6PK","None","Inventory","0.00"
"14198","BARR HILL VODKA","BRESCOME","Inventory","0.00"
"14199","CHERRY PIE PINOT NOIR","ALLAN S GOOD","Inventory","0.00"
"14200","WHISTLE PIG FARMSTOCK RYE NO.3 750ML","CDI","Inventory","0.00"
"14201","21 SEEDS CUCUMBER JALAPENO TEQUILA 750ML","CDI","Inventory","7.00"
"14202","RUBY RED GRAP FRUIT","None","Inventory","0.00"
"14203","SAN LUCAS CHOLE CAB.SAUV","None","Inventory","0.00"
"14204","THIMBLE NA","NORTHEAST","Inventory","0.00"
"14205","HACKER PSCHOR","None","Inventory","0.00"
"14206","POLAE","None","Inventory","0.00"
"14208","BLUE POINT","None","Inventory","0.00"
"14215","EQUILIBRIUM FLUCTUATION DOUBLE IPA","None","Inventory","0.00"
"14216","EVENING SKY SUNLIGHT WHEAT","None","Inventory","0.00"
"14218","PEAK ORGANIC SLIM HAZY LOW CAL IPA","None","Inventory","0.00"
"14223","LITCHFIELD AGAVE SPIRITS TEQUILLA 750ML","SLOCUM & SONS INC","Inventory","0.00"
"14225","LITCHFIELD RTD COSMOPOLITAN VODKA COCKTAIL 750ML","SLOCUM & SONS INC","Inventory","3.00"
"14226","BENRIACH 10YR","ALLAN S GOOD","Inventory","0.00"
"14227","REBEL 100 PF","ALLAN S GOOD","Inventory","0.00"
"14228","WOODBURY VIC VOSS IPA","WOODBURY BREWING","Inventory","0.00"
"14229","OH HONEY HONEY  WHEAT ALE 4PK CANS 16OZ","WOODBURY BREWING","Inventory","0.00"
"14232","KALO HEMP INFUSED","STAR","Inventory","0.00"
"14235","MOON HAZE","None","Inventory","0.00"
"14236","TRULY VODKA SODA TWIST OF FLAVOR VARIETY 8PK CANS","A. GALLO","Inventory","0.00"
"14238","COOPER & THIEF BLED","None","Inventory","0.00"
"14239","WATER COLOR","None","Inventory","0.00"
"14242","NEW PARK BREWING CLOUDSCAPE IPA 4PK CANS","NEW PARK BREWING","Inventory","2.00"
"14244","SAN SIMEON CAB PASO ROBLES 750ML","None","Inventory","0.00"
"14249","SAN SIMEON SAUVIGNON BLANC 750ML","None","Inventory","0.00"
"14250","XTRA CAB","None","Inventory","0.00"
"14251","SANOMA CUTTER CUVE","ALLAN S GOOD","Inventory","0.00"
"14252","BOEN PINOT NOIR RUSSIAN RIVER","None","Inventory","0.00"
"14253","VILLA POZZI","None","Inventory","0.00"
"14256","VINA ROBLES CABERNET SAUVIGNON 750ML","None","Inventory","0.00"
"14257","PUMKIN","None","Inventory","0.00"
"14258","TRIBUTE CAB.SAUV","BRESCOME","Inventory","0.00"
"14259","PONZI TAVOLA PINOT NOIR","None","Inventory","0.00"
"14260","TOP BOX RED BLEND","None","Inventory","0.00"
"14261","TOP BOX SAUV BLANC","None","Inventory","0.00"
"14262","TOP BOX MERLOT","None","Inventory","0.00"
"14263","TOP BOX CAB 3LT BOX","None","Inventory","0.00"
"14264","TOP BOX CHARDONNAY 3LT BOX","None","Inventory","0.00"
"14265","TOP BOX PG 3LT BOX","None","Inventory","0.00"
"14266","PADDLE CREEK HOP COMBINE DOUBLE IPA","UNKNOWN","Inventory","0.00"
"14267","SILENCE OF THE PUMPKIN","None","Inventory","0.00"
"14268","THE THING 1","None","Inventory","0.00"
"14270","TRULY PINEAPPLE CRANBERRY VODKA SELTZER 4PK","HDI","Inventory","0.00"
"14273","WILD TURKEY AMERICAN HONEY 50ML","BRESCOME","Inventory","40.00"
"14274","OLE SMOKY COOKIE DOUGH WHISKEY 750ML","HP","Inventory","9.00"
"14277","SHAW ORGANIC CHARDONNAY 750ML","HARTLEY PARKER","Inventory","0.00"
"14278","SHAW ORGANIC PINOT GRIGIO","HARTLEY PARKER","Inventory","0.00"
"14279","SHAW ORGANIC PINOT NOIR 750ML","HARTLEY PARKER","Inventory","0.00"
"14280","SHAW ORGANIC CABERNET SAUVIGNON 750ML","HARTLEY PARKER","Inventory","0.00"
"14282","ADOBE ROAD REDLINE RED BLEND SONOMA NAPA VALLEY 750ML","CDI","Inventory","0.00"
"14284","DEWAR'S APPLE BRANDY CASK FINISH FRENCH CASK 8YRS BLENDED SCOTCH 750ML","BRESCOME","Inventory","2.00"
"14285","MASI VALPOLICELLA 750ML","BRESCOME","Inventory","0.00"
"14286","MASI CAMPOFIORIN ROSSO VERONA 750ML","BRESCOME","Inventory","13.00"
"14288","MÜLLER GRÜNER VELTLINER 750ML","TOUTON MONSIEUR TOUTON SELECTION LTD","Inventory","0.00"
"14299","DR HANS VONMÜLLER RIESLING SPÄTLESE","TOUTON MONSIEUR TOUTON SELECTION LTD","Inventory","0.00"
"14300","BESSA VALLEY ENIRA 750ML","TOUTON MONSIEUR TOUTON SELECTION LTD","Inventory","0.00"
"14301","BESSA VALLEY PETIT ENIRA 750ML","TOUTON MONSIEUR TOUTON SELECTION LTD","Inventory","0.00"
"14302","FABULOUS ANT                HUNGARIAN CHARDONNAY 750ML","TOUTON MONSIEUR TOUTON SELECTION LTD","Inventory","0.00"
"14303","GRIFFO STOUT BARRELED WHISKEY 750ML","TOUTON MONSIEUR TOUTON SELECTION LTD","Inventory","0.00"
"14304","GRIFFO COLD BREW LIQUEUR 750ML","TOUTON MONSIEUR TOUTON SELECTION LTD","Inventory","0.00"
"14305","FABULOUS ANT               HUNGARIAN PINOT BLANC 750ML","TOUTON MONSIEUR TOUTON SELECTION LTD","Inventory","0.00"
"14306","FABULOUS ANT               HUNGARIAN PINOT NOIR 750ML","TOUTON MONSIEUR TOUTON SELECTION LTD","Inventory","0.00"
"14309","PINHOOK VERTICAL SERIES 7YR BOURBON 750ML","OPICI","Inventory","0.00"
"14310","PINHOOK FLAGSHIP BOURBON 750ML","OPICI","Inventory","1.00"
"14311","PINHOOK HIGH PROOF BOURBON 750ML","OPICI","Inventory","0.00"
"14312","PINHOOK HIGH PROOF RYE 750ML","OPICI","Inventory","0.00"
"14313","PINHOOK RYE 750ML","OPICI","Inventory","0.00"
"14314","BENRIACH THE SMOKY TWELVE 750ML","ALLAN S GOOD","Inventory","0.00"
"14315","GOZIO AMARETTO 750ML","OPICI","Inventory","0.00"
"14317","RUSSELL'S 13YR","BRESCOME","Inventory","0.00"
"14321","LEGITIMUS DOUBLE IPA","None","Inventory","0.00"
"14322","LEGITMUS STOUT","None","Inventory","0.00"
"14325","SUPERBIRD PINK GRAPEFRUIT PALOMA 4PK","STAR","Inventory","0.00"
"14327","NUTCASE PEANUT BUTTEER","None","Inventory","0.00"
"14329","E & J APPLE BRANDY 1.75L","CDI","Inventory","0.00"
"14330","LA GRANDE DAME","SLOCUM & SONS INC","Inventory","0.00"
"14332","ARMADA BREWING SAVAGE QUEEN","None","Inventory","0.00"
"14334","LOCK CITY IPA","SHARPE HILL","Inventory","0.00"
"14335","GASLING","None","Inventory","0.00"
"14337","TROMBA REPOSADO","NORTHEAST","Inventory","0.00"
"14338","TROMBA SILVER","NORTHEAST","Inventory","0.00"
"14339","TWISTED TEA LIGHT 12OZ 12PK CANS","A. GALLO","Inventory","6.00"
"14341","SAMUEL SMITHS NUT BROWN ALE 4PK 12OZ BOTTLES","NORTHEAST","Inventory","0.00"
"14344","DAY CHASER TEQUILA SODA","None","Inventory","0.00"
"14345","SEGRAM","None","Inventory","0.00"
"14348","CLASSIC AMERICAN PILSNER","None","Inventory","0.00"
"14350","SOURTERN TIRE","None","Inventory","0.00"
"14353","JIM BEAM ORANGE 50ML","CDI","Inventory","19.00"
"14355","GATO NEGRO CHARDONNAY 1.5 L","None","Inventory","0.00"
"14356","KENT FALLS SHRUGGIE","None","Inventory","0.00"
"14358","BBCO VAULTED BLUE 12PK","None","Inventory","0.00"
"14359","BBCO VAULTED BLUE 6PK","None","Inventory","0.00"
"14364","LAGAVULIN CHARRED OAK  CASK  11YR OFFERMAN EDITION","BRESCOME","Inventory","0.00"
"14365","RAYWOOD CABERNET SAUVIGNON 750ML","BRESCOME","Inventory","0.00"
"14369","THREES BREWING DONT FOOL YOURSELF DIPA","None","Inventory","0.00"
"14370","BARRIER CORE DOUBLE IPA","None","Inventory","0.00"
"14371","TROEG MASTER OF PUMPKINS","None","Inventory","0.00"
"14373","KENTUCKY COFFEE WHISKEY 750ML","CDI","Inventory","0.00"
"14376","CASK & CREW WALNUT TOFFEE WHISKEY 750ML","None","Inventory","0.00"
"14377","DOUGH BALL NIP","None","Inventory","0.00"
"14378","FIVE CHURCHES ONCE AND FOR FALL PORTER","None","Inventory","0.00"
"14381","JONATHAN EDWARDS CHARDONNAY 750ML","None","Inventory","0.00"
"14382","JONATHAN EDWARDS ZINFANDEL 750ML","None","Inventory","0.00"
"14383","JONATHAN EDWARDS STONE TABLE RED 750ML","None","Inventory","0.00"
"14384","BOWMORE 25YR 750ML","None","Inventory","0.00"
"14389","EVERFRESH MANGO 16 OZ","None","Inventory","0.00"
"14390","LITCHFIELD ESPRESSO MARTINI COCKTAIL 750ML","EDER BROS","Inventory","3.00"
"14392","GALLO FAMILY SAUVIGNON BLANC 1.5L","None","Inventory","0.00"
"14393","POMELO SAUVIGNON BLANC 750ML","None","Inventory","0.00"
"14395","SHEEP DOG 100ML","None","Inventory","0.00"
"14396","BLACK VELVET BLENDED CANADIAN WHISKEY 200ML","EDER BROS","Inventory","4.00"
"14399","METAXA 7 STAR GREEK SPECIALITY LIQUEUR 750ML","BRESCOME","Inventory","0.00"
"14401","FELIPE","None","Inventory","0.00"
"14402","NEW PARK BREWING DOUBLE CLOUD IPA 4PK CANS","NEW PARK BREWING","Inventory","5.00"
"14403","ON THE ROCKS OLD FASHIONED 750ML","BRESCOME","Inventory","7.00"
"14404","ON THE ROCKS EFFIN COSMOPOLITAN 750ML","BRESCOME","Inventory","30.00"
"14405","SHEEP DOG","None","Inventory","0.00"
"14406","WOODBURY GOSE TOGETHER LIKE BLUEBERRY & LEMON","WOODBURY BREWING","Inventory","0.00"
"14408","WOODBURY BETTY VIENNA LAGER","WOODBURY BREWING","Inventory","0.00"
"14409","ESPOLON BLANCO 375ML","MARTIGNETTI ","Inventory","2.00"
"14411","BEAD BOX","None","Inventory","0.00"
"14412","AMBURLANCE AMBER ALE","None","Inventory","0.00"
"14413","HIGHLANDS 41 BLK GRANITE 750ML","None","Inventory","0.00"
"14414","CANADIAN MIST 750ML","None","Inventory","0.00"
"14416","SIMI RUSSIAN RIVER PINOT NOIR 750ML","ALLAN S GOOD","Inventory","0.00"
"14417","PURPLE COWBOY TRAIL BOSS CABERNET SAUVIGNON 750ML","ALLAN S GOOD","Inventory","0.00"
"14418","PURPLE COWBOY TENACIOUS RED 750ML","ALLAN S GOOD","Inventory","0.00"
"14419","LLORD'S TRIPLE SEC 1L","None","Inventory","0.00"
"14420","FIT VINE SAUVIGNON BLANC 750ML","HARTLEY PARKER","Inventory","0.00"
"14423","BUBBA'S SECRET STILLS BURNT SUGAR WHISKEY 750ML","BRESCOME","Inventory","-2.00"
"14424","THE REAL MCCOY 12 YR RUM","BRESCOME","Inventory","0.00"
"14427","FLOR DE CANA WHITE RUM 750ML","HARTLEY PARKER","Inventory","0.00"
"14428","BUBBAS SECRET STILLS MARSHMALLOW CHOCOLATE WHISKEY 750ML","BRESCOME","Inventory","0.00"
"14429","CINZANO 1757 ROSSO VERMOUTH DI TORINO 1L","BRESCOME","Inventory","0.00"
"14430","ERATH RESERVE COLLECTION PINOT NOIR 750ML","BRESCOME","Inventory","0.00"
"14431","LYRES NA AGAVE BLANCO SPIRIT 700ML","BRESCOME","Inventory","0.00"
"14432","LYRES NA AGAVE RESERVA SPIRIT 700ML","BRESCOME","Inventory","0.00"
"14433","GINGER LIBATION","None","Inventory","0.00"
"14435","HOG RIVER COLD DRIP COFFEE STOUT","None","Inventory","0.00"
"14440","FREIXENET PROSECCO 750ML","None","Inventory","0.00"
"14444","PAULA KORNELL BRUT 750ML","None","Inventory","0.00"
"14445","MONKEY SHOULDER SCOTCH 1.75L","None","Inventory","0.00"
"14446","MOMMY'S TIME OUT MOSCATO 750ML","None","Inventory","0.00"
"14447","FISTFUL OF BOURBON 750ML","None","Inventory","0.00"
"14449","SAN ANTONIO PEACH PASSIONFRUIT SEMISWEET WINE 750ML","None","Inventory","0.00"
"14450","SAN ANTONIO STRAWBERRY GUAVA SEMISWEET WINE 750ML","None","Inventory","0.00"
"14454","CERETTO ARNEIS BLANGE 750ML","None","Inventory","0.00"
"14459","LUMINARA ALCOHOL REMOVED RED BLEND 750ML","None","Inventory","0.00"
"14460","POMMERY CHAMPAGNE BRUT ROSE 750ML","None","Inventory","0.00"
"14461","LUMINARA ALCOHOL REMOVED CHARDONNAY 750ML","CDI","Inventory","0.00"
"14462","MEROTTO PROSECCO EXTRA DRY 750ML","None","Inventory","0.00"
"14464","VERDI WATERMELON SPARKLETINI 750ML","None","Inventory","0.00"
"14465","POMMERY CHAMPAGNE BRUT ROSE ROYAL GIFT BOX 750ML","None","Inventory","0.00"
"14466","TRIBUTE SAUVIGNON BLANC 750ML","None","Inventory","0.00"
"14469","MILAGRO RESERVE ANEJO 750ML","CDI","Inventory","0.00"
"14470","GRAND PATRON SMOKEY 750 ML","CDI","Inventory","0.00"
"14471","GRAN PATRON PIEDRA","CDI","Inventory","0.00"
"14474","VERY DARK RED BLEND 750ML","Winebow, Inc.","Inventory","0.00"
"14475","HIGH WEST RYE A MIDWINTER NIGHTS DRAM ACT 11/12 750ML","SLOCUM & SONS INC","Inventory","4.00"
"14477","SALDO ZINFANDEL 750ML","None","Inventory","0.00"
"14478","NORBROOK FARM PIG IRON OLDE ALE","None","Inventory","0.00"
"14480","APERITIVO","None","Inventory","0.00"
"14482","GLEN MORAY GIFT PACK","None","Inventory","0.00"
"14484","Chloe Pinot Noir 750","None","Inventory","0.00"
"14486","FROST PLUS","None","Inventory","0.00"
"14487","KCBC SUPERHERO SIDEKICKS","SHARPE HILL","Inventory","0.00"
"14489","MASI AMARONE COSTASERA 12 6 PACK","None","Inventory","0.00"
"14491","CITIZEN CIDER CRAN","STAR","Inventory","0.00"
"14492","CHAMPLAIN UNFILTER CIDER","None","Inventory","0.00"
"14493","ORGANIC TEQULA","None","Inventory","0.00"
"14494","BARRELL VANTAGE STRAIGHT BOURBON BLEND 750ML","NORTHEAST","Inventory","0.00"
"14495","BARRELL DOVETAIL WHISKEY 750ML","NORTHEAST","Inventory","0.00"
"14497","SHEEP DOG PEANUT BUTTER 750ML","None","Inventory","0.00"
"14498","NORTH COAST PRANQSTER BELGIAN STYLE GOLDEN ALE","None","Inventory","0.00"
"14499","NORTH COAST PRANQSTER SINGLE","None","Inventory","0.00"
"14505","BBCO BARISTA DOUBLE COFFEE PORTER","None","Inventory","0.00"
"14506","OLE SMOKY SHINE NOG MOONSHINE 750ML","HP","Inventory","0.00"
"14507","GLENDALOUGH SINGLE MALT IRISH WHISKEY MIZUNARA FINISHED 7YRS750ML","SLOCUM & SONS INC","Inventory","0.00"
"14508","SPLINTER STRAIGHT EDGE BOURBON 750ML","SLOCUM & SONS INC","Inventory","0.00"
"14510","PUERTO DE INDIAS STRAWBERRY GIN 750ML","SLOCUM & SONS INC","Inventory","0.00"
"14512","TOPPLING GOLIATH POMPEII IPA","None","Inventory","0.00"
"14514","EZRA BROOKS BOURBON CREAM LIQUEUR 750ML","None","Inventory","0.00"
"14515","HEPPLE GIN 750ML","SLOCUM & SONS INC","Inventory","0.00"
"14517","WESTERN CELLARS CABERNET SAUVIGNON 750ML","None","Inventory","0.00"
"14520","LE GRAND FILOU ROSE 750ML","TOUTON MONSIEUR TOUTON SELECTION LTD","Inventory","0.00"
"14521","BLAKE'S APPLE LANTERN PUMPKIN CIDER","BRESCOME","Inventory","0.00"
"14522","QUIVER SPICED HONEY SPIRIT 750ML","BRESCOME","Inventory","0.00"
"14523","LE P TIT BISTRO ROSE 750ML","TOUTON MONSIEUR TOUTON SELECTION LTD","Inventory","0.00"
"14524","SUN GATE CHARDONNAY 750ML","TOUTON MONSIEUR TOUTON SELECTION LTD","Inventory","0.00"
"14526","SANTA RITA 120 CARMENERE 750ML","HARTLEY PARKER","Inventory","0.00"
"14527","SANTA RITA 120 MERLOT 750ML","HARTLEY PARKER","Inventory","0.00"
"14528","SANTA RITA 120 CHARDONNAY","HARTLEY PARKER","Inventory","0.00"
"14529","REMUS GATSBY RESERVE 15YR STRAIGHT BOURBON WHISKEY 750ML","SLOCUM & SONS INC","Inventory","0.00"
"14530","THOMAS CAB CASK","ALLAN S GOOD","Inventory","0.00"
"14531","THOMAS MERLOT CASKS","ALLAN S GOOD","Inventory","0.00"
"14532","THOMAS S. MOORE CHARDONNAY CASK","ALLAN S GOOD","Inventory","0.00"
"14533","THOMAS S. MOORE MADEIRA CASKS","ALLAN S GOOD","Inventory","0.00"
"14535","NORTH COAST BROTHER THELONIOUS","NORTHEAST","Inventory","0.00"
"14536","BOOZY TEA","None","Inventory","0.00"
"14537","PIATTELLI MALBEC PREM RES 750ML","ALLAN S GOOD","Inventory","0.00"
"14539","BRECKENRIDGE IMPERIAL STOUT","ALLAN S GOOD","Inventory","0.00"
"14540","HB","None","Inventory","0.00"
"14541","PITTELLI ARLENE BLEND","ALLAN S GOOD","Inventory","0.00"
"14542","BLANC","None","Inventory","0.00"
"14543","FEELS LIKE HOME","None","Inventory","0.00"
"14544","FEELS LIKE HOME BLUEBERRY","None","Inventory","0.00"
"14545","CANTEEN PINEAPPLE","HDI","Inventory","0.00"
"14550","LUKE THE COMPANION RED BLEND","None","Inventory","0.00"
"14551","NORTH COAST BROTHER THELONIOUS SINGLE","None","Inventory","0.00"
"14552","BARMES BUECHER PINOT BLANC ROSENBERG 750ML","SLOCUM & SONS INC","Inventory","0.00"
"14554","BARMES BUECHER PINOT GRIS ROSENBERG 750ML","None","Inventory","0.00"
"14556","BARMES BUECHER PINOT BLANC ROSENBERG 750ML","SLOCUM & SONS INC","Inventory","0.00"
"14557","J DE VILLEBOIS TOURAINE SAUVIGNON BLANC","BRESCOME","Inventory","0.00"
"14558","PASCAL JOLIVET ATTITUDE SAUVIGNON BLANC","BRESCOME","Inventory","0.00"
"14559","HOG RIVER NERD ALERT IPA","None","Inventory","0.00"
"14560","OXBOW LUPPOLO DRY HOPPED PILSNER","None","Inventory","0.00"
"14561","KENTUCKY VANILLA BARREL CREAM ALE","None","Inventory","0.00"
"14562","OXBOW NORTHERN LAGER 6PK","None","Inventory","0.00"
"14564","TWO ROADS ROADS MARY'S BABY 6PK CANS","A. GALLO","Inventory","0.00"
"14566","BERKSHIRE BREWING LIFE ON MARZEN OKTOBERFEST LAGER 12OZ 6PK CANS","NORTHEAST","Inventory","0.00"
"14569","EZRA BROOKS BOURBON WHISKEY 90 PROOF 1.75L","None","Inventory","0.00"
"14571","CALVERT EXTRA BLENDED AMERICAN WHISKEY 1.75L","None","Inventory","0.00"
"14572","EARLY TIMES KENTUCKY WHISKY 1.75L","None","Inventory","0.00"
"14573","LEGITIMUS SATANS BELGIAN STRONG ALE","None","Inventory","0.00"
"14574","FIREFLY HOLLOW PUMPKIN SPICE CREAMER","None","Inventory","0.00"
"14575","VILLA ROYA GARNACHA 750ML","None","Inventory","0.00"
"14576","SKYGAZER CHRISTMAS CREAM","None","Inventory","0.00"
"14577","NEW ENGLAND CIDER CRANBERRY","None","Inventory","0.00"
"14578","SCHWEPPES TONIC","None","Inventory","0.00"
"14581","KRUG CUVEE","None","Inventory","0.00"
"14584","MAX FAMILY CUVEE NAPA VALLEY RED WINE 750ML","None","Inventory","0.00"
"14585","FROST BEER WORKS DOUBLE PONYBOY","UNKNOWN","Inventory","0.00"
"14586","FROST BEER WORKS LUSH DOUBLE IPA","None","Inventory","0.00"
"14587","KCBC ELECTRIC SPECTRE DOUBLE IPA","None","Inventory","0.00"
"14589","ISLAND DISTRICT PARADISE 8PK","None","Inventory","0.00"
"14590","TWELVE PERCENT SNAPPY LITE","None","Inventory","0.00"
"14591","SNAPPY LITE 6PK","None","Inventory","0.00"
"14593","GOOSE ISLAND TROPICAL BEER HUG IPA 19.2OZ","HDI","Inventory","-15.00"
"14594","FIRE WATER","None","Inventory","0.00"
"14595","TOPOCHIKO","None","Inventory","0.00"
"14597","BLACK HAUS BLACKBERRY SCHNAPPS 750ML","HARTLEY PARKER","Inventory","3.00"
"14599","FRATELLO HAZELNUT LIQUEUR 750ML","None","Inventory","0.00"
"14600","CARAVEDO ACHOLADO PISCO 750ML","None","Inventory","0.00"
"14601","FIVE CHURCHES MIDNIGHT MASS BLACK IPA","None","Inventory","0.00"
"14604","SALDO RED BLEND 750ML","SLOCUM & SONS INC","Inventory","0.00"
"14605","WIDOW JANE 13YR WHISKEY 750ML","CDI","Inventory","1.00"
"14607","SIPSMITH LEMON DRIZZLE GIN 750ML","CDI","Inventory","0.00"
"14610","APPLETON ESTATE 21YR RUM 750ML","None","Inventory","0.00"
"14614","EREDITA ZEAL DIPA","None","Inventory","0.00"
"14616","YALUMBA BAROSSA SHIRAZ 750ML","BRESCOME","Inventory","0.00"
"14618","GRATTAMACCO BOLGHERI SUPERIORE 750ML","Winebow, Inc.","Inventory","0.00"
"14619","HOTEL TANGO BOURBON 750ML","Winebow, Inc.","Inventory","0.00"
"14622","POWERS THREE SWALLOW IRISH WHISKEY 750ML","None","Inventory","0.00"
"14623","DUBLINER BEER CASK SERIES IRISH WHISKEY 750ML","None","Inventory","0.00"
"14624","FORTY CREEK CANADIAN WHISKY 750ML","None","Inventory","0.00"
"14625","THE QUIET MAN 8YR SINGLE MALT IRISH WHISKEY","None","Inventory","0.00"
"14626","THE QUIET MAN BLENDED IRISH WHISKEY 750ML","None","Inventory","0.00"
"14627","MIDNIGHT MOON LIGHTNING LEMONADE 750ML","None","Inventory","0.00"
"14628","NATHAN A WALLACE","None","Inventory","0.00"
"14629","HOCHSTADTER STRAIGHT RYE WHISKEY 750ML","None","Inventory","0.00"
"14630","WHIP SAW RYE WHISKEY 750ML","None","Inventory","0.00"
"14631","HANGING HILLS BLACK GOLD","None","Inventory","0.00"
"14632","EAST ROCK WINTER LAGER","None","Inventory","0.00"
"14633","MAYFLOWER 2022 THANKSGIVING ALE","None","Inventory","0.00"
"14636","REVEL STOKE SHELLSHOCKED ROASTED PECAN WHISKEY 750ML","None","Inventory","0.00"
"14639","CHAMBORD BLACK RASPBERRY LIQUEUR 50ML","EDER BROS","Inventory","10.00"
"14642","WALKER ORANGE CURACAO","None","Inventory","0.00"
"14643","H WALKER CR DE MNT GREEN-30","None","Inventory","0.00"
"14646","H WALKER CR DE CACAO BROWN-30","None","Inventory","0.00"
"14647","HW BUTTERSCOTCH SCHNAPPS 750","None","Inventory","0.00"
"14648","HIRAM WALKER COFFEE 750ML","EDER BROS","Inventory","2.00"
"14651","EREDITA ZEAL GRATITUDE","None","Inventory","0.00"
"14652","H WALKER CR DE CACAO WHITE-30","None","Inventory","0.00"
"14653","CALUMET 10YR","None","Inventory","0.00"
"14654","SANTA TERESA","CDI","Inventory","0.00"
"14655","OCEN SPRAY 96OZ","None","Inventory","0.00"
"14656","WELLSLEY LEMONADE 96 OZ","None","Inventory","0.00"
"14657","SPARKLING WATERWELLSLEY","None","Inventory","0.00"
"14658","SPARKLING WATER","None","Inventory","0.00"
"14659","SPARKLING WATER","None","Inventory","0.00"
"14660","SPARKLING WATER","None","Inventory","0.00"
"14661","NEW BELGIUM VOODOO (VARIETY) HOPPY PACK 12PK CAN","NORTHEAST","Inventory","0.00"
"14662","RIGHT COAST","None","Inventory","0.00"
"14667","MADDALENA CHARDONNAY 750ML","ALLAN S GOOD","Inventory","0.00"
"14668","MADDALENA CABERNET SAUVIGNON 750ML","ALLAN S GOOD","Inventory","0.00"
"14670","RUTHERFORD RANCH SAUVIGNON BLANC 750ML","None","Inventory","0.00"
"14671","ZARPADO REPOSADO TEQUILA 750ML","LATITUDE BEVERAGE COMAPNY","Inventory","2.00"
"14672","ZARPADO BLANCO TEQUILA 750ML","LATITUDE BEVERAGE COMAPNY","Inventory","2.00"
"14673","SHORT THROW LIPS AND LUNGS DIPA","None","Inventory","0.00"
"14674","HOOF HEARTED THATS WHEN I KNEW TRIPLE IPA","None","Inventory","0.00"
"14676","STEEL 43 VODKA 1.75L","None","Inventory","0.00"
"14679","FORTALEZA BLANCO TEQUILLA 750ML","Winebow, Inc.","Inventory","5.00"
"14680","TEXT BOOK NAPA VALLEY CAB.SAUV","Winebow, Inc.","Inventory","0.00"
"14681","MAYNARD'S SPECIAL EDITTION","None","Inventory","0.00"
"14683","SIMONNET FEBVRE CHABLIS","None","Inventory","0.00"
"14684","LES ALLESE DE CANTEMERLE","None","Inventory","0.00"
"14686","TAVEL ROSE","None","Inventory","0.00"
"14688","EINSTOK ICELANDIC WINTER ALE","None","Inventory","0.00"
"14689","WOODBURY WILLIE PALE LAGER","None","Inventory","0.00"
"14690","WOODBURY MR. BROWN BROWN ALE","WOODBURY BREWING","Inventory","0.00"
"14693","EAST HARTFORD SUPER JUICY PENNY","None","Inventory","0.00"
"14694","EAST HARTFORD TEN PENNY ALE","None","Inventory","0.00"
"14695","JOHNNIE WALKER BLUE LABEL 50ML","BRESCOME","Inventory","-1.00"
"14698","ROCHEFORT 10 TRAPPISTES BELGIAN ALE","None","Inventory","0.00"
"14699","THE CRITIC NAPA CAB.SAUV","OPICI","Inventory","0.00"
"14700","JOHNNIE WALKER BLACK LABEL GIFT BOX 750ML","BRESCOME","Inventory","2.00"
"14702","ROMANA SAMBAVCA 200ML","MARTIGNETTI ","Inventory","1.00"
"14703","ARMAND DE BRIGNAC BRUT GOLD ACE OF SPADE 750ML","SLOCUM & SONS INC","Inventory","-1.00"
"14704","NEON BURST GRAPE BLOWOUT!","None","Inventory","0.00"
"14705","ANGELS ENVY BOURBON WHISKEY CASK 750ML","CDI","Inventory","0.00"
"14707","SIX GRAPES GRAHAM'S  RESERVE PORTO","HP","Inventory","-2.00"
"14709","FINCA EL ORIGEN CABERNET SAUVIGNON 750ML","BRESCOME","Inventory","0.00"
"14710","JAM JAR SWEET SHIRAZ 750ML","BRESCOME","Inventory","0.00"
"14711","JAM JAR SWEET RED BLEND 750ML","BRESCOME","Inventory","0.00"
"14714","VAN GOGH ACAI BLUEBERRY VODKA 750ML","None","Inventory","0.00"
"14715","CHOCOLAT DELUXE SALTED CARAMEL CHOCOLATE LIQUEUR 750ML","None","Inventory","0.00"
"14716","HONIG CABERNET SAUVIGNON BARTOLUCCI VINEYARD 750ML","BRESCOME","Inventory","0.00"
"14717","LITCHFIELD ORANGE VODKA 750ML","SLOCUM & SONS INC","Inventory","0.00"
"14718","OLD ELK DOUBLE WHEAT MASTERS BLEND WHISKEY 107.1 PROOF 750ML","SLOCUM & SONS INC","Inventory","2.00"
"14721","CLYDE MAY'S CASK STRENGTH 8YRS","SLOCUM & SONS INC","Inventory","0.00"
"14725","CHOCOLAT DELUXE PENUT BUTTER","None","Inventory","0.00"
"14726","CHOCO LAT DELUXE CHOCOLATE","BRESCOME","Inventory","0.00"
"14727","CA SESSIONS ALL DAY CABERNET SAUVIGNON 750ML","None","Inventory","0.00"
"14730","RUM CHATA PEPPERMINT BARK 750 ML","CDI","Inventory","-6.00"
"14731","GEORGE DICKEL 8YR BOURBON WHISKEY 750ML","MARTIGNETTI ","Inventory","2.00"
"14733","MIONETTO NON ALCHOLIC PROSECCO 750ML","EDER BROS","Inventory","5.00"
"14734","GOLDEN EYE PINOT NOIR 750ML","SLOCUM & SONS INC","Inventory","0.00"
"14735","BBCO LIGHTHOUSE PILSNER 6PK","None","Inventory","0.00"
"14736","BBCO LIGHTHOUSE PILSNER 12PK","None","Inventory","0.00"
"14737","BARRIER BLUE SHELL DOUBLE IPA","None","Inventory","0.00"
"14741","CORTE FIORE LUPI REALI PINOT GRIGIO DELLE VENEGIE","None","Inventory","0.00"
"14742","CORTE FIORE LUPI REALI APPASSIMENTO 750ML","None","Inventory","0.00"
"14745","SKYGAZER ORANGE SOUR CRUSHER","None","Inventory","0.00"
"14747","FIREFLY HOLLOW MUNICH DUNKEL","None","Inventory","0.00"
"14748","FIREFLY HOLLOW GLOW NEIPA 6PK","None","Inventory","0.00"
"14749","NORBROOK FARM DOLDRUMS OF WINTER IMPERIAL STOUT","None","Inventory","0.00"
"14751","THIMBLE ISLAND NA PALE ALE","None","Inventory","0.00"
"14753","BARRELL SEAGRASS 16YRS","NORTHEAST","Inventory","0.00"
"14754","BARRELL CRAFT BOURBONE","NORTHEAST","Inventory","0.00"
"14755","RIGHT COAST VODKA WHIPS","STAR","Inventory","0.00"
"14756","TUMBLIN DIECE","None","Inventory","0.00"
"14757","MONTENEGRO AMARO","CDI","Inventory","0.00"
"14759","CHILDREN OF THE REVOLUTION PINOT NOIR","None","Inventory","0.00"
"14761","TOX BREWING INK MIXED BERRY SOUR","None","Inventory","0.00"
"14764","BOULEVARD MAGIC DRIP IMPERIAL STOUT","None","Inventory","0.00"
"14765","THOMAS HOOKER DOUBLE CHILL LEMONADE FIZZ CBD SELTZER 16OZ 4PK CANS","HDI","Inventory","0.00"
"14766","DOM B&B 50ML","CDI","Inventory","0.00"
"14767","ORIN SWIFT ABSTRACT RED BLEND 750ML","CDI","Inventory","1.00"
"14768","ORIN SWIFT PAPILLON RED BLEND 750ML","None","Inventory","0.00"
"14769","OBAN DISTILLERS EDITION","BRESCOME","Inventory","0.00"
"14770","DRUMSHANBO GUNPOWDER IRISH GIN 750ML","BRESCOME","Inventory","0.00"
"14772","EINSTOK ARCTIC LAGER 12OZ 6PK","None","Inventory","0.00"
"14774","EINSTOK ICELANDIC DOPPELBOCK 12 OZ 6PK","None","Inventory","0.00"
"14775","DRINK MECHANICS BIG PAPAYA 4PK","None","Inventory","0.00"
"14776","DRINK MECHANICS CHRISTOPHER OAXACAN 4PK","None","Inventory","0.00"
"14777","DRINK MECHANICS STRAWBERRY FIELDS 4PK","None","Inventory","0.00"
"14778","DRINK MECHANICS SPA WATER 4PK","None","Inventory","0.00"
"14779","COMMON ROOTS SPACE DOUBLE IPA","None","Inventory","0.00"
"14780","DEEP EDDY ORANGE VODKA 50 ML","EDER BROS","Inventory","32.00"
"14781","DEEP EDDY CRANBERRY 50ML","EDER BROS","Inventory","1.00"
"14782","DOMAINE DES 3 VERSANTS MUSCADET SEVRE-ET-MAINE SUR LIE","HARTLEY PARKER","Inventory","0.00"
"14783","JOSEPH DROUHIN","None","Inventory","0.00"
"14784","VILLA MARCHESI PINOT GRIGIO","SLOCUM & SONS INC","Inventory","0.00"
"14785","CAMBRIA CHARDONNAY KATHERINE'S VINEYARD","CDI","Inventory","5.00"
"14786","AVIA PINOT GRIGIO 1.5LT","MARTIGNETTI ","Inventory","-29.00"
"14787","DOMAINE BOUSQUET ORGANIC ROSE WINE 750ML","CDI","Inventory","0.00"
"14788","KENTUCKY COFFEE WHISKEY 50ML","CDI","Inventory","11.00"
"14789","BAILEYS COLADA 50 ML","HARTLEY PARKER","Inventory","0.00"
"14791","BUSCH LIGHT 30PK CAN 12 OZ","HDI","Inventory","6547.00"
"14793","SANTA MARINA PINOT NOIR 1.5LT","BRESCOME","Inventory","6.00"
"14795","SMIRNOFF CHERRY VODKA 50ML","EDER BROS","Inventory","-120.00"
"14796","ROMANA SAMBVCA 50 ML","MARTIGNETTI ","Inventory","113.00"
"14797","DEEP EDDY ORANGE VODKA 750ML","EDER BROS","Inventory","0.00"
"14798","BUSHMILLS BLACK BUSH 750ML","EDER BROS","Inventory","4.00"
"14800","CANADIAN CLUB 750ML","EDER BROS","Inventory","0.00"
"14801","HIRAM WALKER BLACKBERRY BRANDY 375 ML","EDER BROS","Inventory","0.00"
"14804","LA MARCA PROSECCO ROSE 750ML","CDI","Inventory","14.00"
"14805","GIFT CERTIFICATE","None","Inventory","-2.00"
"14806","GIFT CERTIFICATE PAYOUT","None","Inventory","0.00"
"14808","DR L LOOSEN BROS REISLING DRY 750ML","BRESCOME","Inventory","15.00"
"14809","SCARPETTA FRICO LAMBRUSCO 4PK CAN","BRESCOME","Inventory","0.00"
"14811","DEPOSIT","None","Inventory","0.00"
"14812","SCHWEPPES GINGER ALE","None","Inventory","0.00"
"14813","FREAKY DOG SODA ROOFFBEER","DRINX UNLIMITED","Inventory","32.00"
"14814","FREAKY DOG SODA WAGGIN TAIL CREAM 12OZ BOTTLE","DRINX UNLIMITED","Inventory","27.00"
"14815","FREAKY DOG SODA ORANGE BITE","DRINX UNLIMITED","Inventory","32.00"
"14816","FREAKY DOG SODA BARKIN BIRCH BEER","DRINX UNLIMITED","Inventory","29.00"
"14817","HOSMER BLACK CHERRY 12OZ BOTTLE","DRINX UNLIMITED","Inventory","1.00"
"14818","GOSLINGS GINGER BEER NON ALC12OZ CANS","BRESCOME","Inventory","-212.00"
"14819","SPRITE LEMON LIME SODA 8OZ BOTTLE","DRINX UNLIMITED","Inventory","7.00"
"14820","COCA COLA  8OZ BOTTLE","DRINX UNLIMITED","Inventory","35.00"
"14821","STEAZ GREEN TEA PEACH 16FLOZ CAN","DRINX UNLIMITED","Inventory","0.00"
"14822","WOODBURY WINTER LIGHTS LAGER 4PK BEER","WOODBURY BREWING","Inventory","0.00"
"14824","ICE BAG 5LB","None","Inventory","184.00"
"14825","FARMHOUSE RED BLEND 750ML","EDER BROS","Inventory","7.00"
"14826","ALEXANDER  VALLEY CABERNET SAUVIGNON 750ML","BRESCOME","Inventory","11.00"
"14827","HUGEL GENTIL ALSACE","BRESCOME","Inventory","1.00"
"14828","MAVERICK GOLD LIGHT BOX","MANCHESTER T","Inventory","7.00"
"14829","JOEL GOTT CABERNET SAUVIGNON","CDI","Inventory","15.00"
"14830","MYERS RUM 750ML","BRESCOME","Inventory","0.00"
"14831","VILLA JULANDA","TOUTON MONSIEUR TOUTON SELECTION LTD","Inventory","0.00"
"14832","NOILLY PRAT SWEET VERMOUTH 375ML","BRESCOME","Inventory","0.00"
"14834","THE SINGLETON 12YR SINGLE MALT WHISKEY 750ML","CDI","Inventory","0.00"
"14835","CYT FRONTERA CHARDONNAY 24 PACK","BRESCOME","Inventory","0.00"
"14836","THE COLLECTION PINOTAGE THE BEAN","CDI","Inventory","0.00"
"14837","1800 REPOSADO 375ML","MARTIGNETTI ","Inventory","3.00"
"14838","CASTELLO DEL POGGIO PROSECCO","EDER BROS","Inventory","0.00"
"14839","DOMAINE BOUSQUET UNOAKED CHARDONNAY ORGANIC WINE 750ML","CDI","Inventory","18.00"
"14840","J VINEYARDS PINOT GRIS CALIFORNIA","CDI","Inventory","0.00"
"14841","MARLBORO RED LABEL BOX","MANCHESTER T","Inventory","13.00"
"14842","KINGS COUNTY BOURBURN 750ML","BRESCOME","Inventory","0.00"
"14843","LANGERS CRANBERRY JUICE 320Z BOTTLE","A. GALLO","Inventory","11.00"
"14844","LAGONE AIA VECCHIA TOSCANA 750ML","SLOCUM & SONS INC","Inventory","0.00"
"14846","FONTERUTOLI MAZZEI POGGIO BADIOLA TOSCANA RED WINE","BRESCOME","Inventory","1.00"
"14847","ABERFELDY HIGHLAND SINGLE MALT 18 YRS","CDI","Inventory","0.00"
"14848","KING MALBEC","CDI","Inventory","0.00"
"14849","POMMERY BRUT APANAGE CHAMPAGNE","EDER BROS","Inventory","0.00"
"14850","SCHARFFENBERGER BRUT 750ML","None","Inventory","0.00"
"14851","PROSECCO FRANCO AMOROSO","CDI","Inventory","0.00"
"14852","MAS DONIS OLD VINES CAPCANES MONTSANT 750ML","Winebow, Inc.","Inventory","3.00"
"14854","HONORO VERA GARNACHA RED WINE 750ML","EDER BROS","Inventory","0.00"
"14855","ALTOVINUM EVODIA GARNACHA 750ML","Winebow, Inc.","Inventory","-12.00"
"14856","EL COTO CRIANZA RIOJA RED","OPICI","Inventory","0.00"
"14857","SIN COMPLEJOS TEMPRANILLO  ORGANIC RED WINE","TOUTON MONSIEUR TOUTON SELECTION LTD","Inventory","0.00"
"14858","LAGAR DE ROBLA","None","Inventory","12.00"
"14859","X XILOCA GARNACHA","UNKNOWN","Inventory","0.00"
"14860","CASTILLO MONJAEDIN CLASICI","None","Inventory","0.00"
"14861","VINA GODEVAL CEPAS VELLAS BODEGAS","SLOCUM & SONS INC","Inventory","0.00"
"14862","LA POSTA TINTO RED BLEND 750ML","BRESCOME","Inventory","6.00"
"14863","LICIA ALBARINO","Winebow, Inc.","Inventory","0.00"
"14864","TARIMA HILL  OLD VINES MONASTRELL 750ML","Winebow, Inc.","Inventory","0.00"
"14865","1000 STORIES  BOURBON BARREL CHARDONNAY","BRESCOME","Inventory","0.00"
"14866","BERINGER BOURBON BARREL RED WINE BLEND","EDER BROS","Inventory","15.00"
"14867","MULDERBOSCH CHENIN BLANC","BRESCOME","Inventory","0.00"
"14868","MULDERBOSCH CABERNET SAUVIGNON ROSE","BRESCOME","Inventory","0.00"
"14869","SKREWBALL PEANUT BUTTER WHISKEY 200ML","CDI","Inventory","0.00"
"14870","QUALITY HOUSE STRAIGHT BOURBON WHISKEY 750ML","MARTIGNETTI ","Inventory","10.00"
"14871","SKREWBALL PEANUT BUTTER WHISKEY 375ML","CDI","Inventory","0.00"
"14872","COURVOISIER VS COGNAC 200ML","EDER BROS","Inventory","0.00"
"14873","D'USSE VSOP COGNAC 375ML","None","Inventory","0.00"
"14874","TRIMBACH PINOT BLANC 750ML","BRESCOME","Inventory","1.00"
"14875","PETIT CHABLIS LA CHABLISIENNE","None","Inventory","0.00"
"14876","BONACCHI CHIANTI RISERVA DOCG","CDI","Inventory","0.00"
"14877","COTES DU RHONE VILLAGES FAMILLE PERRIN","BRESCOME","Inventory","0.00"
"14878","ROCCA DELLE MACIE CHIANTI CLASSICO 750ML","BRESCOME","Inventory","1.00"
"14879","STELLA ARTOIS 25OZ CAN","HDI","Inventory","7.00"
"14880","MORASSUTTI PINOT GRIGIO","HP","Inventory","0.00"
"14881","CAVIT SWEET RED","BRESCOME","Inventory","-12.00"
"14882","RABBLE RED BLEND PASO ROBLES","CDI","Inventory","0.00"
"14883","CAVIT ROSE","BRESCOME","Inventory","0.00"
"14885","THE CRUSHER PETITE SIRAH","BRESCOME","Inventory","0.00"
"14886","LINE 39 CABERNET SAUVIGNON","OPICI","Inventory","0.00"
"14887","MIDDLE SISTER MISCHIEF MAKER CABERNET SAUVIGNON","EDER BROS","Inventory","0.00"
"14888","JAMES MITCHELL CABERNET SAUVIGNON 750ML","MARTIGNETTI ","Inventory","9.00"
"14889","MERF CABERNET SAUVIGNON 750ML","EDER BROS","Inventory","0.00"
"14890","WENTE CABERNET SAUVIGNON 750ML","CDI","Inventory","0.00"
"14891","TWENTY ROWS RESERVE CAB","None","Inventory","0.00"
"14892","JOEL GOTT UNOAKED CHARDONNAY","CDI","Inventory","0.00"
"14893","BALLETTO CHARDONNAY TERESA'S UNOAKED","BRESCOME","Inventory","0.00"
"14894","BLACK STALLION NAPA CHARDONNAY","None","Inventory","0.00"
"14895","LIFEVINE CHARDONNAY ZERO SUGAR 750ML","CDI","Inventory","5.00"
"14896","CHATEA ST JEAN CRISP CHARDONNAY","EDER BROS","Inventory","0.00"
"14897","COSENTINO THE CHARD LODI CHARDONNAY","EDER BROS","Inventory","0.00"
"14898","CAMBRIA PINOT NOIR","CDI","Inventory","0.00"
"14899","BATTLE CREEK PINOT NOIR","None","Inventory","0.00"
"14900","LYLE-THOMAS PINO NOIR","None","Inventory","0.00"
"14901","LINE 39 PINOT NOIR","OPICI","Inventory","0.00"
"14902","BLACK STALLION NAPA VALLEY SAUVIGNON BLANC","HARTLEY PARKER","Inventory","0.00"
"14903","THE GLENLIVIT ILLICIT STILL SINGLE MALT 750ML","BRESCOME","Inventory","1.00"
"14904","PAUL MASSON VS BRANDY 375ML","CDI","Inventory","3.00"
"14905","MARLBORO RED 100S","MANCHESTER T","Inventory","0.00"
"14906","DOMAINE DU PERE CABOCHE COTES DU RHONE RESERVE RED 750ML","TOUTON MONSIEUR TOUTON SELECTION LTD","Inventory","0.00"
"14907","LA GRIVELIERE COTES DU RHONE","OPICI","Inventory","0.00"
"14908","MONSIEUR TOUTON MERLOT BORDEAUX 750ML","TOUTON MONSIEUR TOUTON SELECTION LTD","Inventory","0.00"
"14909","WEEKEND ZELUS","None","Inventory","0.00"
"14910","THIMBLE GHOST ISLAND DBL IPA","NORTHEAST","Inventory","0.00"
"14911","OLD SPECKLED HEN 6PK BOTTELS","NORTHEAST","Inventory","0.00"
"14912","PETER VELLA DEL BLUSH  5 LT","CDI MERCH-D","Inventory","0.00"
"14913","THE LEMONGRASS SAUVIGNON BLANC 750ML","CDI","Inventory","-12.00"
"14914","LIBERTY CREEK P GRIGIO TETRA 12PK","CDI","Inventory","0.00"
"14915","BELLOWS GIN 80 PET","None","Inventory","0.00"
"14916","ALEXANDER VALLEY VINEYARDS CABERNET SAUV","None","Inventory","0.00"
"14917","GIULIANO ROSATI CHIANTI 750ML","GATHERING HARVEST","Inventory","0.00"
"14918","CISCO WHALES TALE PALE 6 PK BOTTLE","None","Inventory","0.00"
"14919","BOLLA CABERNET SAUVIGNON","None","Inventory","0.00"
"14920","OLD SOUL CHARDONNAY 750ML","CDI","Inventory","0.00"
"14921","TWO ROADS OL FACTORY","A. GALLO","Inventory","0.00"
"14922","BEYLIE LA CROIX BORDEEEAUX","TOUTON MONSIEUR TOUTON SELECTION LTD","Inventory","0.00"
"14923","PADDY IRISH WHISKY 750ML","EDER BROS","Inventory","6.00"
"14924","AVIA CHARDONNAY 1.5L","MARTIGNETTI ","Inventory","0.00"
"14925","LAPHROAIG 10-YR ISLAY SINGLE MALT WHISKEY 750ML","BRESCOME","Inventory","1.00"
"14926","BEAUJOLAIS BLANC JEAN PAUL BRUN CHARDONNAY 750ML","SLOCUM & SONS INC","Inventory","0.00"
"14927","THE LITTLE SHEEP OF FRANCE PINOT NOIR RED","TOUTON MONSIEUR TOUTON SELECTION LTD","Inventory","49.00"
"14928","PETER VELLA BURGUNDY  5 LT","CDI MERCH-D","Inventory","6.00"
"14929","STONE CELLARS CABERNET SAUVIGNON 1.5LT","EDER BROS","Inventory","0.00"
"14931","NASSAU ROYALE LIQUEUR 750ML","None","Inventory","1.00"
"14932","CLEMENT CREOLE 750ML","None","Inventory","0.00"
"14933","IRISH MIST HONEY LIQUEUR","HARTLEY PARKER","Inventory","3.00"
"14934","METAXA 5 STAR GREEK LIQUEUR 750ML","None","Inventory","1.00"
"14935","ARROGANT FROG PINOT NOIR 750ML","BRESCOME","Inventory","-12.00"
"14936","LICOR 43 375ML","BRESCOME","Inventory","0.00"
"14937","MIKES HARD LEMONADE 16Oz CAN","A. GALLO","Inventory","23.00"
"14939","TIPPY COW SHAMROCK MINT RUM CREAM","None","Inventory","0.00"
"14941","MOLINARI SAMBUCA CAFFE","EDER BROS","Inventory","1.00"
"14942","FRANGELICO HAZEL NUT LIQUEUR 375ML","BRESCOME","Inventory","3.00"
"14943","DISARONNO VELVET CREAM LIQUEUR GIFT PACK (WITH GLASS) 750ML","CDI","Inventory","0.00"
"14944","HIRAM WALKER APRICOT BRANDY 750ML","EDER BROS","Inventory","11.00"
"14945","HIRAM WALKER GINGER BRANDY 750ML","EDER BROS","Inventory","2.00"
"14946","HIRAM WALKER CHERRY BRANDY 750ML","EDER BROS","Inventory","0.00"
"14947","HIRAM WALKER PEACH BRANDY 750ML","EDER BROS","Inventory","1.00"
"14948","CARIBAYA WHITE RUM 1LT","MARTIGNETTI ","Inventory","0.00"
"14949","HIRAM WALKER BLACK BERRY BRANDY 750ML","EDER BROS","Inventory","0.00"
"14950","H WALKER BLACKBERRY BRANDY","None","Inventory","0.00"
"14951","BARSOL PISCO 750ML","None","Inventory","0.00"
"14952","HIRAM WALKER AMARETTO LIQUEUR 1LT","EDER BROS","Inventory","0.00"
"14954","HIRAM WALKER ROCK & RYE LIQUEUR 750ML","EDER BROS","Inventory","1.00"
"14955","CHOPIN RYE  750ML","SLOCUM & SONS INC","Inventory","0.00"
"14956","CHOPIN WHEAT 750ML","SLOCUM & SONS INC","Inventory","0.00"
"14957","LVOV VODKA 1.75LT","SLOCUM & SONS INC","Inventory","0.00"
"14958","BULLDOG GIN 750ML","HARTLEY PARKER","Inventory","0.00"
"14959","RIME VODKA","None","Inventory","0.00"
"14960","LUKSUSOWA 80 1LT","CDI","Inventory","0.00"
"14961","BUSHMILLS RED BUSH 750ML","EDER BROS","Inventory","9.00"
"14962","HEAVENS DOOR AGED 10 YRS STRAIGHT BOURBON","CDI","Inventory","1.00"
"14963","HEAVENS DOOR SINGLE BARREL CASK STRENGTH","CDI","Inventory","0.00"
"14966","THREE OLIVES   CUCUMBER LIME VODKA 750ML","BRESCOME","Inventory","2.00"
"14967","HANSON SONOMA","None","Inventory","0.00"
"14968","ABSOLUT WATERMELON 750ML","None","Inventory","0.00"
"14969","SKYY  PEAR VODKA 750ML","None","Inventory","0.00"
"14970","MALFY GIN 750ML","None","Inventory","0.00"
"14971","JUNIPERO GIN","None","Inventory","0.00"
"14972","BURNETTS GIN 750ML","HARTLEY PARKER","Inventory","0.00"
"14973","BURNETTS LONDON DRY GIN 1.75L","BRESCOME","Inventory","4.00"
"14974","BOOTH'S GIN  1.75L","BRESCOME","Inventory","7.00"
"14975","SMIRNOFF 100 PROOF 1 LT","EDER BROS","Inventory","2.00"
"14976","SMIRNOFF WILD HONEY VODKA 1LT","EDER BROS","Inventory","0.00"
"14977","GEORGE DICKEL NO.8 SOUR MASH WHISKEY 750ML","MARTIGNETTI ","Inventory","2.00"
"14978","FIREFLY SWEET TEA VODKA 750ML","None","Inventory","2.00"
"14979","COURVOISIER VS COGNAC 375ML","EDER BROS","Inventory","4.00"
"14980","WOLFSCHMIDT VODKA 80PROOF 1.75LT","CDI","Inventory","9.00"
"14981","SEAGRAMS VODKA 1.75L","None","Inventory","1.00"
"14982","BURNETTS VANILLA VODKA 750ML","HP","Inventory","0.00"
"14984","JOHNNIE WALKER DOUBLE BLACLK 1LT","EDER BROS","Inventory","3.00"
"14985","CLASE AZUL REPOSADO 750ML","EDER BROS","Inventory","0.00"
"14986","JIM BEAM DEVIL'S CUT 1.75L","None","Inventory","6.00"
"14987","JIM BEAM JACOB'S GHOST 750ML","None","Inventory","1.00"
"14988","LORD CALVERT CANADIAN WHISKEY 1.75L","BRESCOME","Inventory","0.00"
"14989","LORD CALVERT CANADIAN","None","Inventory","0.00"
"14990","OLD OVERHOLT STRAIGHT RYE WHISKEY 4 YEARS","BRESCOME","Inventory","-4.00"
"14991","CANADIAN LTD 750ML","None","Inventory","0.00"
"14992","CARIBAYA GOLD RUM","None","Inventory","0.00"
"14993","MYERS'S PLATINUM WHITE RUM","BRESCOME","Inventory","0.00"
"14994","SCHWEPPES TONIC WATER 10FL OZ","None","Inventory","3.00"
"14995","21 SEEDS GRAPEFRUIT HIBISCUS TEQUILA 750ML","CDI","Inventory","6.00"
"14996","21 SEEDS VALENCIA ORANGE 750ML","CDI","Inventory","2.00"
"14997","QUALITY HOUSE BOURBON 1.75LT","MARTIGNETTI ","Inventory","9.00"
"14998","EZRA BROOKS 90 PROOF 750ML","None","Inventory","0.00"
"14999","GLENMORANGIE X SINGLE MALT SCOTCH WHISKEY 750 ML","BRESCOME","Inventory","2.00"
"15000","DEWAR'S CARIBBEAN SMOOTH RUM CASK FINISH SCOTCH WHISKEY 750ML","CDI","Inventory","0.00"
"15002","JOHN BARR SCOTCH BLACK 1.75L","None","Inventory","0.00"
"15003","JOHN BARR SCOTCH BLACK 750ML","None","Inventory","0.00"
"15004","PATRON EXTRA ANEJO","None","Inventory","0.00"
"15005","DOMAINE BOUSQUET SAUVIGNON BLANC ORGANIC WINE 750ML","CDI","Inventory","18.00"
"15006","BOUSQUET VIRGEN NATURAL MALBEC USDA ORGANIC 750ML","CDI","Inventory","0.00"
"15007","BOUSQUET VIRGEN NATURAL RED BLEND USDA ORGANIC 750ML","CDI","Inventory","0.00"
"15008","NATURAL ORIGINS PINOT GRIGIO","None","Inventory","0.00"
"15009","NATURAL ORIGINS UNOAKED CHARD","None","Inventory","0.00"
"15010","AVION REPOSADO TEQUILA 375ML","CDI","Inventory","1.00"
"15011","TAJA GREEN MONASTRELL JUMILLA","TOUTON MONSIEUR TOUTON SELECTION LTD","Inventory","0.00"
"15012","KENDALL JACKSON ROSE WINE","CDI","Inventory","0.00"
"15013","H3 ROSE 750ML","BRESCOME","Inventory","0.00"
"15014","MOLINARI SAMBUCA CAFFE","EDER BROS","Inventory","1.00"
"15015","SMOKING LOON SAUVIGNON BLANC","BRESCOME","Inventory","0.00"
"15016","MICHAEL DAVID WINERY PETITE PETIT 750ML","CDI","Inventory","0.00"
"15017","SAUZA HORNITOS LIME SHOT 750ML","CDI","Inventory","0.00"
"15018","SAUZA TEQUILA GOLD 750ML","BRESCOME","Inventory","12.00"
"15019","CHIVAS REGAL 13 YEAR 750 ML","CDI","Inventory","0.00"
"15020","ARDBEG WEE BEASTIE 5 YRS ISLAY SINGLE MALT WHISKEY 750ML","BRESCOME","Inventory","1.00"
"15021","ISLE OF JURA SCOTCH 750ML","None","Inventory","0.00"
"15022","JURA SINGLE MALT WHISKEY 12 YRS","None","Inventory","0.00"
"15023","AUCHENTOSHAN AMERICAN OAK 750ML","None","Inventory","0.00"
"15024","AUCHENTOSHAN 12YR 750ML","None","Inventory","1.00"
"15025","SAVORY & JAMES DELUXE MEDIUM SHERRY AMONTILLADO 750ML","MARTIGNETTI ","Inventory","-8.00"
"15026","CLOS PALET VOUVRAY WHITE","MONSIEUR T","Inventory","0.00"
"15027","LOUIS LATOUR ARDECHE CHARDONNAY WHITE","MONSIEUR T","Inventory","0.00"
"15028","LOUIS LATOUR MONTAGNY LES BUYS","MONSIEUR T","Inventory","0.00"
"15029","DANIEL POLLIER  POUILLY FUISSE","TOUTON MONSIEUR TOUTON SELECTION LTD","Inventory","0.00"
"15030","L'HALLALI GRANDE RESERVE GIGONDAS  750ML","TOUTON MONSIEUR TOUTON SELECTION LTD","Inventory","11.00"
"15031","POUILLY-FUME LAUVERJAT","CDI","Inventory","0.00"
"15032","VENTOUX VIEUX CLOCHER RED WINE 750ML","MONSIEUR T","Inventory","0.00"
"15033","COTES DU RHONE VIEUX CLOCHER 750ML","TOUTON MONSIEUR TOUTON SELECTION LTD","Inventory","0.00"
"15034","BROTTE LA ROLLANDE CROZES HERMITAGE RED 750","TOUTON MONSIEUR TOUTON SELECTION LTD","Inventory","9.00"
"15035","SAINT LANNES GASCOGNE","BRESCOME","Inventory","0.00"
"15036","CHATEAU NICOT","SLOCUM & SONS INC","Inventory","1.00"
"15037","CHATEAU DE LA BOUYERE","SLOCUM & SONS INC","Inventory","0.00"
"15038","CHATEAU PETIT MOUTA","TOUTON MONSIEUR TOUTON SELECTION LTD","Inventory","0.00"
"15039","CHATEAU BONNET MERLOT/CABERNET SAUVIGNON 750ML","MONSIEUR T","Inventory","0.00"
"15040","BEAUJOLAIS-VILLAGES","None","Inventory","0.00"
"15041","SANDEMAN FINE RUBY PORTO 750ML","BRESCOME","Inventory","1.00"
"15042","ALTA LUNA PINOT GRIGIO","BRESCOME","Inventory","0.00"
"15043","ORVIETO CLASSICO ROCCA DELLE MACCIE","BRESCOME","Inventory","0.00"
"15045","COPPO LA ROCCA GAVI DOCG","MONSIEUR T","Inventory","0.00"
"15046","CAMPOBELLO VILLA DI CHIANTI 750ML","OPICI","Inventory","10.00"
"15047","CUSUMANO NERO D'AVOLA SICILIA DOC RED 750ML","BRESCOME","Inventory","0.00"
"15048","QUATTRO MANI PIEMONTE BARBERA","BRESCOME","Inventory","0.00"
"15049","ROCCA DELLE MACIE RUBIZZO RED","BRESCOME","Inventory","0.00"
"15050","BERTANI VALPOLICELLA RED WINE","BRESCOME","Inventory","1.00"
"15051","VERMENTINO DI MONTEVERRO TOSCANA 750ML","OPICI","Inventory","0.00"
"15052","LES HAUTIS DE TRINTAUDON HAUT MEDOC","TOUTON MONSIEUR TOUTON SELECTION LTD","Inventory","0.00"
"15053","SANDEMAN TAWNY PORTO 750ML","BRESCOME","Inventory","2.00"
"15054","WARRE'S TAWNY OTIMA 20YR 750ML","BRESCOME","Inventory","2.00"
"15055","DOW'S TRADEMARK FINEST RESERVE PORTO","HP","Inventory","3.00"
"15056","CROFT DISTINCTION PORT BLEND","BRESCOME","Inventory","0.00"
"15057","CROFT 10YR TAWNY PORT 750ML","BRESCOME","Inventory","3.00"
"15058","QUINTA DO NOVAL LATE BOTTLED VINTAGE UNFILTERED","SLOCUM & SONS INC","Inventory","1.00"
"15059","TAYLOR FLADGATE LATE BOTTLED VINTAGE PORTO 750ML","BRESCOME","Inventory","3.00"
"15060","TAYLOR FLADGATE  20 YR TAWNY 750ML","BRESCOME","Inventory","0.00"
"15061","FERREIRA RUBY PORTO 750ML","BRESCOME","Inventory","12.00"
"15062","FERREIRA TAWNY PORTO 750ML","BRESCOME","Inventory","3.00"
"15063","DRAMBUIE","None","Inventory","6.00"
"15064","HARTLEY & GIBSON CREAM SHERRY 750ML","BRESCOME","Inventory","2.00"
"15065","SAVORY & JAMES FINO DELUXE DRY SHERRY 750ML","MARTIGNETTI ","Inventory","3.00"
"15066","HARTLEY & GIBSON AMONTILLADO MEDIUM SHERRY 750ML","BRESCOME","Inventory","3.00"
"15067","HARTLEY & GIBSON FINO VERY DRY SHERRY 750ML","BRESCOME","Inventory","5.00"
"15068","BROADBENT RAINWATER  MADEIRA MEDIUM DRY 750ML","BRESCOME","Inventory","0.00"
"15069","FLORIO MARSALA SUPERIORE DRY 750ML","MARTIGNETTI ","Inventory","-9.00"
"15070","OSBORNE MEDIUM SHERRY 750ML","EDER BROS","Inventory","2.00"
"15071","OSBORNE FINO SHERRY 750ML","EDER BROS","Inventory","1.00"
"15072","SHEFFIELD CREAM SHERRY 1.5 L","BRESCOME","Inventory","6.00"
"15073","SHEFFIELD CREAM SHERRY 750ML","BRESCOME","Inventory","1.00"
"15075","RIUNITE LAMBRUSCO 1.5 L","BRESCOME","Inventory","0.00"
"15076","BESO DEL SOL ROSA SANGRIA 1.5LT","MARTIGNETTI ","Inventory","0.00"
"15077","PROTOCOLO VINO DELA DE CASTILLA","None","Inventory","1.00"
"15078","GATO NEGRO MALBEC 1.5LT","HP","Inventory","0.00"
"15079","GATO NEGRO SAUVIGNON BLANC","None","Inventory","0.00"
"15080","ESTRELLA SHIRAZ 1.5LT","HARTLEY PARKER","Inventory","0.00"
"15081","LIBERTY CREEK RED BLEND 1.5 L","CDI","Inventory","0.00"
"15082","JAPANESE PLUM GEKKEIKAN 750ML","BRESCOME","Inventory","0.00"
"15083","OZEKI HANA AWAKA SPARKLING PEACH 250ML","MARTIGNETTI ","Inventory","0.00"
"15084","OZEKI SAKE KARATAMBA BOTTLE 300ML","MARTIGNETTI ","Inventory","0.00"
"15085","BOSCO DEI CIRMIOLI PINOT GRIGIO DOC 1.5LT","None","Inventory","0.00"
"15086","DANAUS RED WINE 750ML","CDI","Inventory","0.00"
"15087","CAVAZZA PINOT GRIGIO 1.5LT","MARTIGNETTI ","Inventory","11.00"
"15088","ZONIN WINEMAKER'S COLLECTION PINOT GRIGIO 1.5LT","EDER BROS","Inventory","0.00"
"15089","CYT FRONT VINTAGE RED 1.5 L","None","Inventory","0.00"
"15090","CYT FRONTERA CHARDONNAY 24 PACK","BRESCOME","Inventory","0.00"
"15091","SUTTER HOME PINOT NOIR 1.5LT","None","Inventory","5.00"
"15093","BOLLA SOAVE","EDER BROS","Inventory","1.00"
"15094","ALVERDI SANGIOVESE 1.5LT","OPICI","Inventory","0.00"
"15095","BRUNELLESCO MERLOT 1.5LT","TOUTON MONSIEUR TOUTON SELECTION LTD","Inventory","0.00"
"15097","BRUNELLESCO PINOT GRIGIO","TOUTON MONSIEUR TOUTON SELECTION LTD","Inventory","0.00"
"15098","CITRA MONTEPULCIANO 1.5LT","None","Inventory","0.00"
"15099","CITRA PINOT GRIGIO 1.5LT","None","Inventory","0.00"
"15100","BELL'AGIO CHIANTI 750ML","None","Inventory","0.00"
"15101","RUFFINO RED CHIANTI","BRESCOME","Inventory","0.00"
"15102","OPICI VINEYARDS CHIANTI 3LT","OPICI","Inventory","2.00"
"15104","STONE CELLARS PINOT NOIR 1.5LT","EDER BROS","Inventory","-6.00"
"15105","REX GOLIATH MERLOT 1.5 L","EDER BROS","Inventory","0.00"
"15106","THE SINGLETON 15 YR SINGLE MALT WHISKEY 750NL","CDI","Inventory","0.00"
"15107","GORDON & MACPHAIL HIGHLAND PARK 8YRS SINGLE MALT SCOTCH WHISKEY","SLOCUM & SONS INC","Inventory","1.00"
"15108","JOHN BEGG BLUE CAP BLENDED SCOTCH WHISKEY 1.75LT","BRESCOME","Inventory","6.00"
"15109","SCORESBY BLENDED SCOTCH WHISKEY 1.75LT","None","Inventory","1.00"
"15110","BANDIT PINOT GRIGIO 1LTR BOX","CDI","Inventory","0.00"
"15111","JOSE CUERVO AUTH  BERRY PUNCH MARGARITA 1.75L","EDER BROS","Inventory","0.00"
"15112","JOSE CUERVO AUTHENTIC MARGARITA LIGHT 750ML","EDER BROS","Inventory","0.00"
"15113","Margarita strawberry","EDER BROS","Inventory","0.00"
"15114","JIM BEAM HONEY 200ML","BRESCOME","Inventory","3.00"
"15115","RANCHO LA GLORIA STRAWBERRY 12 CS","CDI","Inventory","0.00"
"15116","JIM BEAM APPLE 200ML","CDI","Inventory","-9.00"
"15117","STOCK LIONELLO EXTRA DRY VERMOUTH","BRESCOME","Inventory","1.00"
"15118","STOCK LIONELLO ROSSO VERMOUTH 750ML","BRESCOME","Inventory","0.00"
"15119","NOILLY PRAT EXTRA DRY VERMOUTH 375ML","BRESCOME","Inventory","-6.00"
"15120","NOILLY PRAT DRY VERMOUTH 750","BRESCOME","Inventory","2.00"
"15121","OLE SMOKY MOONSHINE PINEAPPLES","HP","Inventory","0.00"
"15122","JOSE CUERVO GOLD 50ML","EDER BROS","Inventory","0.00"
"15123","SMIRNOFF PINEAPPLE 375ML","EDER BROS","Inventory","0.00"
"15124","CALVERT EXTRA BLEND","None","Inventory","0.00"
"15125","IMPERIAL BLENDED AMERICAN WHISKEY 375ML","None","Inventory","0.00"
"15126","REMY MARTIN V 375ML","None","Inventory","0.00"
"15128","PACIFICO CAN 12 FL OZ","A. GALLO","Inventory","-12.00"
"15129","YUENGLING LAGER 24PK CAN  12OZ SUITCASE","A. GALLO","Inventory","0.00"
"15134","YUENGLING BLACK & TAN 12 OZ CAN 12PK","A. GALLO","Inventory","90.00"
"15135","YUENGLING BLACK & TAN 12 OZ CAN 12PK","A. GALLO","Inventory","-24.00"
"15136","YUENGLING LIGHT 24PK CAN 12 OZ SUITCASE","A. GALLO","Inventory","-6.00"
"15137","BUD LIGHT LIME CAN 12 OZ","HDI","Inventory","0.00"
"15138","BUD LIGHT LIME CAN 12 OZ","HDI","Inventory","24.00"
"15139","FOUNDERS ALL DAY IPA 12 OZ CANS","A. GALLO","Inventory","60.00"
"15140","FOUNDERS ALL DAY IPA 12 OZ CANS","A. GALLO","Inventory","0.00"
"15142","PABST CAN 30PK 12 OZ","NORTHEAST","Inventory","-998.00"
"15143","TWISTED TEA ORIGINAL 12 OZ CANS 18PK","A. GALLO","Inventory","-18.00"
"15146","WOLFFER DREY ROSE CIDER","None","Inventory","0.00"
"15147","NATURAL ICE 30 PK CAN 12 OZ","HDI","Inventory","2007.00"
"15148","NATURAL ICE 30 PK CAN 12 OZ","HDI","Inventory","-1968.00"
"15149","NATURAL LIGHT CAN 30PK 12 OZ","HDI","Inventory","12.00"
"15150","NATURAL LIGHT CAN 30PK 12 OZ","HDI","Inventory","-12.00"
"15151","BUSCH LIGHT 30PK CAN 12 OZ","HDI","Inventory","-6080.00"
"15152","BUSCH CAN 30PK 12 OZ","HDI","Inventory","5391.00"
"15153","BUSCH CAN 30PK 12 OZ","HDI","Inventory","-4983.00"
"15155","TWO ROADS ESPRESSWAY 12OZ CANS 6PK","A. GALLO","Inventory","0.00"
"15156","SCHWEPPES CLUB SODA 10OZ","DRINX UNLIMITED","Inventory","5.00"
"15158","ZING ZANG BLOODY MARY MIX  7.5FL OZ CAN","CDI","Inventory","96.00"
"15159","LANGERS ORANGE JUICE 32OZ BOTTLE","A. GALLO","Inventory","0.00"
"15160","VINA BORGIA BORSAO ORGANIC GARNACHA 750ML","Winebow, Inc.","Inventory","0.00"
"15161","QUINTA DE CHOCAPALHA CASTELAO TINTO","Winebow, Inc.","Inventory","2.00"
"15164","BLACK HAUS BLACKBERRY LIQUEUR","None","Inventory","2.00"
"15165","DOLIN BLANC VERMOUTH DE CHAMBERY 750ML","EDER BROS","Inventory","3.00"
"15166","ADMIRAL NELSON SPICED RUM 200ML","MARTIGNETTI ","Inventory","1.00"
"15167","HENDRICKS GIN 375ML","None","Inventory","0.00"
"15169","CLAN MACGREGOR SCOTCH WHISKEY 375ML","CDI","Inventory","-2.00"
"15170","CROWN ROYAL RYE 375ML","None","Inventory","1.00"
"15171","LAGAR DE ROBLA PREMIUM MENCIA  VINOS DE ARGANZA","TOUTON MONSIEUR TOUTON SELECTION LTD","Inventory","0.00"
"15172","99 SALTED CARAMEL WHISKEY 50ML","EDER BROS","Inventory","11.00"
"15173","CANADIAN CLUB BLENDED WHISKEY 375","EDER BROS","Inventory","1.00"
"15174","CANADIAN CLUB BLENDED WHISKEY 200ML","BRESCOME","Inventory","2.00"
"15175","LORD CALVERT CANADIAN","None","Inventory","0.00"
"15176","LEROUX GINGER FLAVOURED BRANDY","None","Inventory","1.00"
"15177","HIRAM WALKER COFFEE FLAVORED BRANDY 200ML","EDER BROS","Inventory","1.00"
"15178","HIRAM WALKER APRICOT BRANDY 200ML","EDER BROS","Inventory","1.00"
"15179","SEAGRAMS VO CANADIAN WHISKEY200ML","BRESCOME","Inventory","0.00"
"15180","SEAGRAMS VO CANADIAN WHISKEY 375ML","CDI","Inventory","0.00"
"15181","GREY GOOSE WATERMELON & BASIL VODKA 50ML","BRESCOME","Inventory","9.00"
"15182","GREY GOOSE STRAWBERRY & LEMONGRASS","None","Inventory","0.00"
"15183","GREY GOOSE WHITE PEACH & ROSEMARY VODKA 50ML","BRESCOME","Inventory","12.00"
"15184","GORDON LONDON DRY GIN 50ML","HARTLEY PARKER","Inventory","0.00"
"15185","HIRAM WALKER BLACKBERRY 50 ML","None","Inventory","0.00"
"15192","JIM BEAM APPLE 200ML","CDI","Inventory","13.00"
"15193","OLE SMOKY MOONSHINE CHERRIES 750ML","MARTIGNETTI ","Inventory","6.00"
"15194","EVAN WILLIAMS BLACK LABEL BOURBON 750ML","MARTIGNETTI ","Inventory","60.00"
"15195","ENV FEE","HP","Inventory","15.00"
"15196","ENV FEE","HP","Inventory","29.00"
"15198","RETURNS 24PK BTL CAN","HDI","Inventory","-147.00"
"15205","RETURN","NORTHEAST","Inventory","-52.00"
"15206","SOUTHERN COMFORT DOUBLE SHOT","EDER BROS","Inventory","84.00"
"15207","SOUTHER COMFORT 80 PROOF 50 ML","EDER BROS","Inventory","56.00"
"15208","RIPE AGAVE MARGARITA 750ML","BRESCOME","Inventory","4.00"
"15209","JW MORRIS CHARDONNAY","BRESCOME","Inventory","0.00"
"15210","JW MORRIS CABERNET SAUVIGNON","BRESCOME","Inventory","0.00"
"15211","THREESOME ESPRESSO MARTINI RTM","SoNo ARTISAN DISTILLERS LLC","Inventory","0.00"
"15212","EVAN WILLIAMS BLACK LABEL 375ML","MARTIGNETTI ","Inventory","196.00"
"15213","EVAN WILLIAMS BLACK LABEL BOURBON 200ML","MARTIGNETTI ","Inventory","0.00"
"15215","JW MORRIS PINOT NOIR","BRESCOME","Inventory","0.00"
"15216","JW MORRIS WHITE ZINFANDALE","BRESCOME","Inventory","0.00"
"15217","VICOLO PINOT GRIGIO","CDI","Inventory","0.00"
"15218","AVA GRACE PINOT GRIGIO 750 ML","None","Inventory","5.00"
"15219","BAREFOOT ROSE 750 ML","CDI","Inventory","0.00"
"15220","AVIA CHARDONNAY 1.5L","MARTIGNETTI ","Inventory","0.00"
"15221","KENDALL-JACKSON CHARDONNAY  375ML","CDI","Inventory","0.00"
"15222","JIM BEAM SINGLE BARREL BOURBON WHISKEY","BRESCOME","Inventory","1.00"
"15223","TWENTY ROWS CABERNET SAUVIGNON","BRESCOME","Inventory","0.00"
"15224","HENDRICKS FLORA ADORA 750ML","CDI","Inventory","0.00"
"15225","SHACKLETON BLENDED MALT SCOTCH 750M","CDI","Inventory","0.00"
"15226","CLAUSTHALER N.A. DRY HOPPED IPA 6PK BTL","A. GALLO","Inventory","0.00"
"15227","GROLSCH 16OZ BOTTLE","A. GALLO","Inventory","0.00"
"15228","BUDWEISER CAN 30PK 12 OZ","HDI","Inventory","-2930.00"
"15229","STOLICHNAYA 80PF 1.75L","BRESCOME","Inventory","0.00"
"15230","ENVIRONMENTAL FEE10X12","HP","Inventory","14.00"
"15231","LEROUX PEPPERMINT SCHNAPPS 100 PROOF 375ML","CDI","Inventory","0.00"
"15232","WILSON WHISKEY 375ML","MARTIGNETTI ","Inventory","0.00"
"15233","ENVIORNMENTAL FEE 15X8","HP","Inventory","11.00"
"15234","RETURNS EMPTY","HDI","Inventory","-36.00"
"15235","BAREFOOT PINOT GRIGIO 4PK 187ML","CDI MERCH-D","Inventory","0.00"
"15236","CARLO ROSSI BURGUNDY 4L","CDI","Inventory","0.00"
"15237","SUTTER HOME MOSCATO 4 PK 187ML","CDI","Inventory","0.00"
"15238","SUTTER HOME PINOT GRIGIO 4PK 187ML","CDI","Inventory","-251.00"
"15239","SUTTER HOME SAUV BLANC 4PK 187ML","CDI","Inventory","139.00"
"15241","SUTTER HOME CABERNET SAUVIGNON 4PK 187ML","CDI","Inventory","-447.00"
"15242","SUTTER HOME MERLOT 4PK 187ML","CDI","Inventory","-173.00"
"15243","SKREWBALL PEANUT BUTTER WHISKEY 100ML CANS","CDI","Inventory","0.00"
"15244","DOMAINE BOUSQUET RESERVE MALBEC 750ML","CDI","Inventory","10.00"
"15245","DOMAINE BOUSQUET CABERNET SAUVIGNON RESERVE 2013 750ML","CDI","Inventory","0.00"
"15246","SIX GRAPES GRAHAM'S  RESERVE PORTO","HP","Inventory","2.00"
"15247","MILLER LITE CAN 30 PK 12 OZ","A. GALLO","Inventory","-66.00"
"15248","WHITE CLAW PINEAPPLE VODKA","CDI","Inventory","1.00"
"15249","WHITE CLAW MANGO VODKA 750ML","CDI","Inventory","2.00"
"15250","WHITE CLAW BLACK CHERRY VODKA","CDI","Inventory","0.00"
"15251","WHITE CLAW PREMIUM VODKA","CDI","Inventory","2.00"
"15252","FIVE FARMS IRISH CREAM 750ML","CDI","Inventory","0.00"
"15253","WALKER ROAD RED TABLE WINE","WALKER ROAD VINEYARDS","Inventory","8.00"
"15254","WALKER ROAD WHITE TABLE WINE","WALKER ROAD VINEYARDS","Inventory","7.00"
"15255","MERCER & PRINCE BLENDED CANADIAN WHISKEY","CDI","Inventory","5.00"
"15257","RETURNS","HDI","Inventory","-5251.00"
"15258","COORS LIGHT CAN 30PK 12 OZ","A. GALLO","Inventory","-36.00"
"15259","ENVIRONMENTAL FEE 20X4","HP","Inventory","1.00"
"15260","TWISTED TEA SWEET TEA WHISKEY 50ML","CDI","Inventory","177.00"
"15261","HIGH NOON TEQUILA SELTZER VARIETY PACK 8PK","CDI","Inventory","7.00"
"15262","CAVIT SWEET RED","BRESCOME","Inventory","12.00"
"15263","NEW AMSTERDAM VODKA 750ML","CDI","Inventory","0.00"
"15264","BUSKER IRISH WHISKEY","CDI","Inventory","0.00"
"15265","REDWOOD EMPIRE EMERALD GIANT RYE WHISKEY","BRESCOME","Inventory","2.00"
"15266","REDWOOD EMPIRE PIPE DREAM BOURBON WHISKEY 750ML","BRESCOME","Inventory","3.00"
"15268","LA MARCA PROSECCO 3PK 187ML","CDI","Inventory","-9.00"
"15269","DON JULIO ROSADO","BRESCOME","Inventory","3.00"
"15270","BOUCHARD BOURGOGNE RESERVE PINOT NOIR","SLOCUM & SONS INC","Inventory","0.00"
"15271","BILA HAUT BLANC COTES M. CHAPOUTIER","SLOCUM & SONS INC","Inventory","-12.00"
"15272","BILA HAUT BLANC COTES M. CHAPOUTIER","SLOCUM & SONS INC","Inventory","12.00"
"15273","WOODBRIDGE  CHARDONNAY 1.5LT","MARTIGNETTI ","Inventory","0.00"
"15274","VILLA SOPITA SANGIOVESE DI PUGLIA RED","TOUTON MONSIEUR TOUTON SELECTION LTD","Inventory","0.00"
"15276","LAGAVULIN DISTILLERS EDITION 86PROOF","BRESCOME","Inventory","2.00"
"15277","CORONA EXTRA  6PK BOTTLE 12OZ","A. GALLO","Inventory","0.00"
"15278","ARROGANT FROG PINOT NOIR 750ML","BRESCOME","Inventory","12.00"
"15280","KETEL ONE VODKA 50ML (GLASS)","BRESCOME","Inventory","108.00"
"15281","DEWAR'S SIGNATURE-25 YR BLENDED SCOTCH WHISKEY","CDI","Inventory","1.00"
"15282","CHIVAS REGAL 25 YEARS OLD ULTRA BLENDED SCOTCH WHISKEY","CDI","Inventory","1.00"
"15283","GLEN GRANT-18 YR SINGLE MALT SCOTCH WHISKEY","MARTIGNETTI ","Inventory","1.00"
"15284","GLEN GRANT-15 YR SINGLE MALT SCOTCH WHISKEY","HP","Inventory","2.00"
"15285","GLEN GRANT-12 YR SINGLE MALT SCOTCH WHISKEY","HP","Inventory","1.00"
"15286","HEINEKEN 6PK BOTTLE 12OZ","HDI","Inventory","24.00"
"15287","ON THE ROCKS MIDOURI SOUR","BRESCOME","Inventory","0.00"
"15288","CIROC HONEY MELON LIMITED EDITION","BRESCOME","Inventory","0.00"
"15289","LARIOS ROSE MEDITERRANEA STRAWBERRIES GIN","BRESCOME","Inventory","2.00"
"15290","LARIOS MEDITERRANEA PREMIUM ORANGE BLOSSOM GIN","BRESCOME","Inventory","3.00"
"15291","ENVORONMENTAL FEE 20X4","HARTLEY PARKER","Inventory","1.00"
"15292","SKREWBALL PEANUT BUTTER WHISKEY 50ML","CDI","Inventory","120.00"
"15293","TWO ROADS LIL HEAVEN CRUSHABLE IPA 12PK CANS","A. GALLO","Inventory","0.00"
"15294","DOS MADERAS CASK BARREL 5+3 DOUBLE AGED RUM","BRESCOME","Inventory","-3.00"
"15295","BAREFOOT SPRITZER SUMMER RED 250ML 4PK CAN","CDI","Inventory","-57.00"
"15297","DOS MADERAS CASK BARREL 5+3 DOUBLE AGED RUM","BRESCOME","Inventory","3.00"
"15298","ENV FEE 20X4","HP","Inventory","1.00"
"15299","KNOB CREEK RYE WHISKEY 750ML","BRESCOME","Inventory","-4.00"
"15303","THREESOME COSMOPOLITAN RTM","SoNo ARTISAN DISTILLERS LLC","Inventory","2.00"
"15304","KNOB CREEK RYE WHISKEY 750ML","BRESCOME","Inventory","7.00"
"15305","TRIMBACH  RIESLING 750ML","BRESCOME","Inventory","-12.00"
"15306","SILVER BOURBON BLEND 1420","SoNo ARTISAN DISTILLERS LLC","Inventory","0.00"
"15307","BLAZE CINNAMON FLAVORED WHISKEY 750ML","SoNo ARTISAN DISTILLERS LLC","Inventory","3.00"
"15308","MEIOMI PINOT NOIR 375ML","SLOCUM & SONS INC","Inventory","0.00"
"15309","SUTTER HOME CHARDONNAY 4 PK 187ML","CDI","Inventory","-286.00"
"15311","TRIMBACH  RIESLING 750ML","BRESCOME","Inventory","12.00"
"15313","CAVIT PINOT GRIGIO 4PK 187ML","BRESCOME","Inventory","25.00"
"15315","GREY GOOSE CLASSIC MARTINI COCKTAIL","BRESCOME","Inventory","1.00"
"15316","HOUSE PAY","None","Inventory","-92.00"
"15317","HEINEKEN SILVER 12OZ BOTTLES","HDI","Inventory","0.00"
"15318","RETURNS 18PK CAN BTL","HDI","Inventory","-1.00"
"15319","KENDALL JACKSON CABERNET SAUVIGNON VINTERS RESERVE 375ML","CDI","Inventory","0.00"
"15320","STOLICHNAYA VANIL (VANILLA) FLAVORED VODKA 750ML","BRESCOME","Inventory","0.00"
"15321","JACK DANIELS & COCA COLA RTD CANS","EDER BROS","Inventory","-24.00"
"15322","JACK DANIELS & COCA COLA ZERO SUGAR RTD CANS","EDER BROS","Inventory","0.00"
"15323","THREE PEARS PINOT GRIGIO","CDI","Inventory","12.00"
"15324","JACK DANIELS & COCA COLA RTD CANS","EDER BROS","Inventory","24.00"
"15325","SEAGRAM'S CLUB SODA 6PK 10 OZ","DRINX UNLIMITED","Inventory","2.00"
"15326","HOOP TEA VARIETY PACK 12OZ 12PK CANS","HDI","Inventory","0.00"
"15327","BUD LIGHT 30PC CANS 12OZ","HDI","Inventory","-2619.00"
"15328","BARSOLPISCO TORONTEL BRANDY","SLOCUM & SONS INC","Inventory","2.00"
"15329","LA CHABLISIENNE SAINT-BRIS SAUVIGNON BLANC","BRESCOME","Inventory","0.00"
"15330","BANDIT CHARDONNAY 1LTR BOX","CDI","Inventory","0.00"
"15331","BUD LIGHT LIME-A-RITA 25 OZ","HDI","Inventory","0.00"
"15333","BAREFOOT REFRESH RED SANGRIA 4 PACK CAN","CDI","Inventory","12.00"
"15334","BAREFOOT SPRITZER ROSE 4PK CAN","CDI","Inventory","-22.00"
"15335","BAREFOOT SPRITZER ROSE 4PK CAN","CDI","Inventory","22.00"
"15336","BAREFOOT REFRESH RED SANGRIA 4 PACK CAN","CDI","Inventory","-4.00"
"15337","BAREFOOT SPRITZER MOSCATO 250ML 4PK CAN","CDI","Inventory","-6.00"
"15338","BAREFOOT SPRITZER CRISP WHITE 250ML 4PK CAN","CDI","Inventory","1.00"
"15339","WHITE CLAW VODKA + SODA VARIETY PACK 8PK CANS","A. GALLO","Inventory","0.00"
"15340","WOODBURY MANGO SOUR LET THE MANGO THROUGH 4PK CAN","WOODBURY BREWING","Inventory","0.00"
"15341","RETURNS 12PK BTL CN","HDI","Inventory","-4.00"
"15342","WOODBRIDGE WHITE ZINFANDEL 4PK 187ML","HARTLEY PARKER","Inventory","0.00"
"15343","CHATEAU LES GRANDS MARECHAUX RED 750ML","TOUTON MONSIEUR TOUTON SELECTION LTD","Inventory","9.00"
"15344","LITCHFIELD BATCHERITA 4PK CANS","SLOCUM & SONS INC","Inventory","18.00"
"15345","RODNEY STRONG MERLOT 750ML","HP","Inventory","12.00"
"15346","CLASE AZUL MEZCAL GUERRERO","EDER BROS","Inventory","3.00"
"15348","SCATTERED PEAKS FUME BLANC NAPA VALLEY 750ML","BRESCOME","Inventory","0.00"
"15349","BARCELO IMPERIAL ONYX","SLOCUM & SONS INC","Inventory","0.00"
"15350","CASAMIGOS BLANCO TEQUILA GLASS GIFT PACK","BRESCOME","Inventory","0.00"
"15351","MONACO MANGO PEACH VODKA COCKTAIL 12OZ CN","CDI","Inventory","0.00"
"15352","CAPTAIN MORGAN OSR 100 PROOF 50ML","NORTHEAST","Inventory","242.00"
"15353","FAUX PAS CKTL BARTLETT PEAR VODKA MULE 4PK CANS","CDI","Inventory","0.00"
"15354","FAUX PAS CKTL SPICY MANGO MARGARITA 4PK CANS","CDI","Inventory","0.00"
"15355","FAUXPAS CKTL LEMON & MINT VODKA SODA 4PK CANS","CDI","Inventory","0.00"
"15356","FAUX PAS CKTL TEQ GRAPEFRUIT ORANGE 4PK CANS","CDI","Inventory","0.00"
"15358","MONTAUK WAVE CHASER IPA 6PK CANS","NORTHEAST","Inventory","0.00"
"15359","PAUL JOHN PEATED INDIAN SINGLE MALT WHISKEY","NORTHEAST","Inventory","0.00"
"15360","GLENBROOK CABERNET SAUVIGNON","TOUTON MONSIEUR TOUTON SELECTION LTD","Inventory","0.00"
"15361","GEORGE DICKEL BARREL BOTTLED IN BOND #4 100PF","MARTIGNETTI ","Inventory","1.00"
"15362","DOMAINE BARVILLE CHATEAUNEUFD","TOUTON MONSIEUR TOUTON SELECTION LTD","Inventory","12.00"
"15364","BOOTH'S GIN  1.75L","BRESCOME","Inventory","-3.00"
"15365","STOLICHNAYA RAZBERI (RASPBERRY) FLAVORED VODKA 750ML","BRESCOME","Inventory","6.00"
"15366","EL CAMPEON PALE LAGER 4PK CANS","WOODBURY BREWING","Inventory","0.00"
"15367","OH HUELL YES PALE LAGER","WOODBURY BREWING","Inventory","0.00"
"15368","JAMESON IRISH WHISKY 50 ML","NORTHEAST","Inventory","0.00"
"15369","LITCHFIELD BOURBON FATHER'S DAY SPECIAL LTD EDITION AGED 6 YRS 750ML","SLOCUM & SONS INC","Inventory","0.00"
"15370","BUCHANAN'S PINEAPPLE SCOTCH 750ML","BRESCOME","Inventory","0.00"
"15371","JORDAN CABERNET SAUVUGNON ALEXANDER VALLEY 750ML","BRESCOME","Inventory","0.00"
"15372","TWO ROADS ROADS MARYS BABY PUMPKIN ALE 6PK BOTTLE 120Z","A. GALLO","Inventory","0.00"
"15373","SILVERADO CABERNET SAUVIGNON BLOCK BLEND NAPA","BRESCOME","Inventory","2.00"
"15374","NICLEL & NICKEL STATE RANCH CABERNET SAUVIGNON","BRESCOME","Inventory","0.00"
"15375","FITVINE CABERNET SAUVIGNON 750ML","HP","Inventory","0.00"
"15376","LONG DRINK STRONG CITRUS 12OZ 6PK","CDI","Inventory","0.00"
"15377","PODERE CASTORANI CADETTO MONTEPULICIANO","TOUTON MONSIEUR TOUTON SELECTION LTD","Inventory","0.00"
"15378","BELLINI CIPRIANI RTD COCKTAIL WITH WHITE PEACH PUREE 750ML","BRESCOME","Inventory","0.00"
"15379","JAGERMEISTER 50 ML","BRESCOME","Inventory","0.00"
"15380","RAYMOND CABERNET SAUVIGNON GENERATIONS NAPA VALLEY","HP","Inventory","5.00"
"15381","TANQUERAY GIN AND TONIC 4PK","BRESCOME","Inventory","0.00"
"15382","CROWN ROYAL PEACH TEA RTD 4PK CANS","BRESCOME","Inventory","13.00"
"15383","Coors Light 1/2 Keg","A. GALLO","Inventory","0.00"
"15384","PUNT E MES CARPANO ROSSO VERMOUTH APERITIVO 750ML","SLOCUM & SONS INC","Inventory","1.00"
"15385","SEQUOIA GROVE NAPA CABERNET SAUVIGNON 750ML","BRESCOME","Inventory","15.00"
"15386","ROBERT MONDAVI CABERNET SAUVIGNON OAKVILLE NAPA VALLEY","HP","Inventory","6.00"
"15387","REDWOOD EMPIRE CASK STRENGTH PIPE DREAM 750ML","BRESCOME","Inventory","3.00"
"15388","REDWOOD EMPIRE CASK STRENGTH EMERALD GIANT 750ML","BRESCOME","Inventory","5.00"
"15389","REDWOOD EMPIRE CASK STRENGTH LOST MONARCH 117.2PROOF 750ML","BRESCOME","Inventory","7.00"
"15390","SAM ADAMS CHERRY 6 PK BOTTLE","A. GALLO","Inventory","-6.00"
"15391","BELLIS BLUE AGAVE TEQUILA 80 PROOF 750ML","A. GALLO","Inventory","1.00"
"15395",,"None","Inventory","6.00"
"15396","OVERTURE BY OPUS ONE RED NAPA VALLEY","HARTLEY PARKER","Inventory","0.00"
"15397","JIM BEAM APPLE 375 ML","CDI","Inventory","1.00"
"15399","TWISTED TEA PEACH 12 0Z 6 PK BOTTLE","A. GALLO","Inventory","-1.00"
"15400","BLUE ICE HUCKLEBERRY VODKA","CDI MERCH-D","Inventory","0.00"
"15401","RECESS BLACK CHERRY INFUSED SPARKLING WATER","CDI","Inventory","0.00"
"15402","HIGH NOON PINEAPPLE VODKA 4 PK","CDI","Inventory","0.00"
"15403","CHARTREUSE 110 GREEN LIQUEUR 750ML","BRESCOME","Inventory","0.00"
"15404","ROMANA SAMBVCA BLACK  50ML","HP","Inventory","8.00"
"15405","NEWCASTLE 6PK 12 OZ","A. GALLO","Inventory","-5.00"
"15407","BAREFOOT SPRITZER PINK MOSCATO 4PK CANS","CDI","Inventory","16.00"
"15408","BAREFOOT SPRITZER PINK MOSCATO 4PK CANS","CDI","Inventory","-4.00"
"15409","Q SPECTACULAR TONIC WATER 4PK  BOTTLES","CDI","Inventory","17.00"
"15410","Q SPECTACULAR TONIC WATER 4PK  BOTTLES","CDI","Inventory","-16.00"
"15411","BAREFOOT SPRITZER SUMMER RED 250ML 4PK CAN","CDI","Inventory","59.00"
"15412","BAREFOOT SPRITZER PINOT GRIGIO 4PK CANS","CDI","Inventory","0.00"
"15413","BAREFOOT SPRITZER PINOT GRIGIO 4PK CANS","CDI","Inventory","2.00"
"15414","KEG DEPOSIT","HDI","Inventory","-8.00"
"15415","TAP DEPOSIT","None","Inventory","-3.00"
"15416","ENVIRONMENTAL FEE 20X4","HP","Inventory","12.00"
"15417","TWO ROADS NIGHTSHAKER ESPRESSO MARTINI 4PK CANS","A. GALLO","Inventory","0.00"
"15418","ABERLOUR A'BUNADH ALBA SINGLE MALT 124 PROOF 750ML","BRESCOME","Inventory","1.00"
"15419","LOUIS LATOUR ARDECHE CHARDONNAY","TOUTON MONSIEUR TOUTON SELECTION LTD","Inventory","16.00"
"15420","VILLA FASSINI TREBBIANO CHARDONNAY WHITE 750ML","TOUTON MONSIEUR TOUTON SELECTION LTD","Inventory","0.00"
"15422","LEROUX POLISH BLACKBERRY BRANDY 50ML","CDI","Inventory","-1337.00"
"15423","TWO ROADS SUMMER HEAVEN TROPICAL IPA 12OZ CANS","A. GALLO","Inventory","132.00"
"15424","TWO ROADS SUMMER HEAVEN TROPICAL IPA 12OZ CANS","A. GALLO","Inventory","-84.00"
"15425","FLIP FLOP PINOT NOIR 750ML","EDER BROS","Inventory","0.00"
"15426","FLIP FLOP MERLOT 750ML","EDER BROS","Inventory","0.00"
"15427","LANGERS ORANGE JUICE 32OZ BOTTLE","A. GALLO","Inventory","0.00"
"15428","DOMAINE DURAND SANCERRE 750ML","HP","Inventory","0.00"
"15429","LONG DRINK VARIETY PACK 8PK CAN","CDI","Inventory","2.00"
"15431","RANCHO LA GLORIA LIME MARGARITA WINE COCKTAIL","CDI","Inventory","0.00"
"15432","BERNARD MAGREZ BORDEAUX WHITE 750ML","TOUTON MONSIEUR TOUTON SELECTION LTD","Inventory","0.00"
"15433","OTAZU PREMIUM CUVEE RED 750ML","TOUTON MONSIEUR TOUTON SELECTION LTD","Inventory","0.00"
"15434","RANCHO LA GLORIA  REPOSADO TEQUILA","CDI","Inventory","0.00"
"15435","RANCHO LA GLORIA BLANCO TEQUILLA","CDI","Inventory","0.00"
"15436","CANADIAN CLUB APPLE 1.75ML","None","Inventory","0.00"
"15438","MASSAYA ARAK LEBANON 100PROOF","BRESCOME","Inventory","0.00"
"15439","CYNAR RICETTA ORIGINAL LIQUERE 1 L","BRESCOME","Inventory","0.00"
"15440","HARPOON IPA 22 OZ","A. GALLO","Inventory","-6.00"
"15441","HESS COLLECTION CABERNET SAUVIGNON  IRON CORRAL NAPA VALLEY","CDI","Inventory","1.00"
"15442","MASSAYA ARAK 100PF","BRESCOME","Inventory","0.00"
"15443","OTAZU PREMIUM CUVEE RED 750ML","TOUTON MONSIEUR TOUTON SELECTION LTD","Inventory","0.00"
"15444","CASA AZUL TEQUILA SODA 8PK VARIETY CANS","OPICI","Inventory","0.00"
"15445","SUPERBOD DOUBLE DRY HOPPED LAGER 4PK CANS","WOODBURY BREWING","Inventory","0.00"
"15446","CASAMIGOS CRISTALINO REPOSADO 750ML","BRESCOME","Inventory","0.00"
"15447","REGATTA GINGER ALE 7.5FL OZ 6PK CAN","DRINX UNLIMITED","Inventory","-8.00"
"15448","NOILLY PRAT EXTRA DRY VERMOUTH 375ML","BRESCOME","Inventory","7.00"
"15449","TRULY VODKA SODA CLASSIC VARIETY 8 PACK CANS","A. GALLO","Inventory","0.00"
"15451","LEROUX POLISH BLACKBERRY BRANDY 375ML","CDI","Inventory","-54.00"
"15452","MALFY LEMON GIN 750ML","EDER BROS","Inventory","1.00"
"15453","KONA BIG WAVE 1/6 LOG","HDI","Inventory","0.00"
"15454","DELS SPARKLING LEMONADE12OZ CAN","DRINX UNLIMITED","Inventory","0.00"
"15455","MUSCADET SERVE & MAINE WHITE CHEREAU CARRE 750ML","TOUTON MONSIEUR TOUTON SELECTION LTD","Inventory","0.00"
"15456","SANTA MARGHERITA PINOT GRIGIO 375ML","BRESCOME","Inventory","-39.00"
"15457","GOLDSCHLAGER 200ML","MARTIGNETTI ","Inventory","2.00"
"15458","LILLET RED 750ML","HARTLEY PARKER","Inventory","0.00"
"15459","NIKKA COFFEY JAPANESE VODKA  750ML","EDER BROS","Inventory","9.00"
"15460","LONG DRINK MID SUMMER VARIETY PACK 8PK CANS","CDI","Inventory","0.00"
"15461","SANTA MARGHERITA PINOT GRIGIO 375ML","BRESCOME","Inventory","48.00"
"15462","PAUL SUTTON KENTUCKY STRAIGHT BOURBON WHISKEY 750ML","Winebow, Inc.","Inventory","0.00"
"15463","YAMAZAKI 12 YRS 100TH ANNIVERSARY JAPANESE SUNTORY WHISKEY","BRESCOME","Inventory","0.00"
"15464","WARSTEINER GERMAN PILSNER BEER 11.2OZ CANS SUITCASE","NORTHEAST","Inventory","3.00"
"15465","AMERICAN SPIRIT LIGHT BLUE CIGARETTE","MANCHESTER T","Inventory","0.00"
"15467","RIFF PINOT GRIGIO 750ML","EDER BROS","Inventory","48.00"
"15468","LIME","None","Inventory","22.00"
"15469","SILVER OAK 2013 LIBRARY RELEASE CABERNET SAUVIGNON ALEXANDER VALLEY","BRESCOME","Inventory","5.00"
"15470","BLACKENED CASK STRENGTH WHISKEY LIMITED EDITION VOL 03","HP","Inventory","3.00"
"15471","ON THE ROCKS JALAPENO PINEAPPLE MARGARITA","BRESCOME","Inventory","3.00"
"15472","ON THE ROCKS JALAPENO PINEAPPLE MARGARITA","BRESCOME","Inventory","0.00"
"15473","MONSIEUR TOUTON SAUVIGNON BLANC BORDEAUX 375ML","TOUTON MONSIEUR TOUTON SELECTION LTD","Inventory","17.00"
"15474","RESERVE PRIEURE ST FLAURENT RED 375ML","TOUTON MONSIEUR TOUTON SELECTION LTD","Inventory","2.00"
"15475","BELL'S LIGHT HEARTED IPA 12PK CANS","NORTHEAST","Inventory","0.00"
"15476","1792 SMALL BATCH RIDGEMONT RESERVE BOURBON 750ML","BRESCOME","Inventory","0.00"
"15477","CAVIT PINOT NOIR 4PK 187ML","BRESCOME","Inventory","0.00"
"15478","ARNOLD PALMER SPIKED HALF & HALF 12 OZ 12 PK CAN","A. GALLO","Inventory","0.00"
"15479","HESS SELECT PINOT GRIS","CDI","Inventory","0.00"
"15480","Freight Charge 1 1 oz Each","EDER BROS","Inventory","6.00"
"15481","CASAMIGOS BLANCO TEQUILA 750ML","BRESCOME","Inventory","0.00"
"15482","LITCHFIELD MAPLE SYRUP (BOURBON BARREL) 375ML","EDER BROS","Inventory","1.00"
"15483","LONG DRINK ZERO SUGAR 120Z 12PK CANS","CDI","Inventory","66.00"
"15484","LONG DRINK ZERO SUGAR 120Z 12PK CANS","CDI","Inventory","-48.00"
"15486","COORS LIGHT ALLUMIN 16 OZ BOTTLE 15PK","A. GALLO","Inventory","0.00"
"15487","MILLER LITE ALUMINIUM 15PK BOTTLE 16 OZ","A. GALLO","Inventory","0.00"
"15488","POLAND SPRING WATER BOTTLE 16.9FLOZ","NULL","Inventory","0.00"
"15489","AVALINE ROSE 750ML","Winebow, Inc.","Inventory","13.00"
"15490","CATENA CABERNET SAUVIGNON 750ML","Winebow, Inc.","Inventory","3.00"
"15491","OLE SMOKY TN MOONSHINE ORIGINAL 100PROOF 750ML","MARTIGNETTI ","Inventory","-1.00"
"15492","OLE SMOKY TN MOONSHINE ORIGINAL 100PROOF 750ML","MARTIGNETTI ","Inventory","1.00"
"15493","JOSEPH PHELPS CHARDONNAY PASTORALE VINEYARD SONOMA COAST","BRESCOME","Inventory","0.00"
"15494","LA PORTE DU CAILLOU SANCERRE RED ETIENNE DE LOURY 750ML","TOUTON MONSIEUR TOUTON SELECTION LTD","Inventory","8.00"
"15495","GRAND NAPA VINEYARDS CHARDONNAY","TOUTON MONSIEUR TOUTON SELECTION LTD","Inventory","1.00"
"15496","AXR CHARDONNAY NAPA VALLEY","TOUTON MONSIEUR TOUTON SELECTION LTD","Inventory","0.00"
"15497","BIB & TUCKER DOUBLE CHAR BOURBON 750ML","CDI","Inventory","2.00"
"15498","MODELO ORO 12PK CANS LIGHT BEER","A. GALLO","Inventory","0.00"
"15499","DEKUYPER TRIPLE SEC 30PROOF LIQUEUR 1LTR","BRESCOME","Inventory","0.00"
"15501","BELVEDERE PURE ORGANIC VODKA 750","CDI","Inventory","-30.00"
"15502","BOMBERGER'S DECLARATION BOURBON WHISKEY 1OYR 108PROOF","BRESCOME","Inventory","3.00"
"15503","CAKEBREAD NAPA CABERNET SAUVIGNON 750ML","BRESCOME","Inventory","2.00"
"15504","THE LEMONGRASS SAUVIGNON BLANC 750ML","CDI","Inventory","12.00"
"15505","STATESIDE LEMON CUCMBER MINT VODKA CAN","HP","Inventory","0.00"
"15506","SURFSIDE ICED TEA & VODKA VARIETY 8PK CAN","MARTIGNETTI ","Inventory","9.00"
"15507","NEW AMSTERDAM PINK WHITNEY VODKA 1.75 LT","CDI","Inventory","3.00"
"15508","NEW AMSTERDAM PINK WHITNEY VODKA 1.75 LT","CDI","Inventory","0.00"
"15509","CHATEAU MONTELENA CHARDONNAY NAPA VALLEY 750ML","TOUTON MONSIEUR TOUTON SELECTION LTD","Inventory","6.00"
"15510","SEAGRAM'S EXTRA DRY GIN 375ML","CDI","Inventory","-42.00"
"15511","818 TEQUILA BLANCO 750ML","CDI","Inventory","-1.00"
"15512","OLD GRAND-DAD 80 PROOF BOURBON 1.75LT","CDI","Inventory","-8.00"
"15513","CHIVAS REGAL 15 YRS BLENDED SCOTCH WHISKEY","CDI","Inventory","1.00"
"15514","818 TEQUILA BLANCO 750ML","CDI","Inventory","1.00"
"15515","OLD GRAND-DAD 80 PROOF BOURBON 1.75LT","CDI","Inventory","8.00"
"15516","MAKERS MARK 50 ML","CDI","Inventory","60.00"
"15517","MIKES LEMONADE ZERO SUGAR 12PK CANS","A. GALLO","Inventory","0.00"
"15519","HIGH NOON BLACK CHERRY HARD SELTZER 4 PK","CDI","Inventory","0.00"
"15520","CHIVAS REGAL ROYAL SALUTE 21 YRS BLENDED SCOTCH WHISKEY 750ML","CDI","Inventory","3.00"
"15521","WHISTLEPIG PIGGYBACK 6YR BOURBON 750ML","CDI","Inventory","3.00"
"15522","SEAGRAM'S EXTRA DRY GIN 200ML","CDI","Inventory","6.00"
"15523","FEVER TREE SPARKLING PINK GRAPEFRUIT 16.9 FL OZ BOTTLE","CDI","Inventory","0.00"
"15524","GREY GOOSE VODKA 750ML","BRESCOME","Inventory","0.00"
"15525","DR KONSTANTIN FRANK RKATSITELI 750ML","BRESCOME","Inventory","0.00"
"15526","FAMIGLIA CASTELLANI VERMENTINO WHITE 750ML","TOUTON MONSIEUR TOUTON SELECTION LTD","Inventory","-17.00"
"15527","ZENI SOAVE DOC CLASSICO VIGNEALTE WHITE 750ML","TOUTON MONSIEUR TOUTON SELECTION LTD","Inventory","0.00"
"15528","FAMIGLIA CASTELLANI VERMENTINO WHITE 750ML","TOUTON MONSIEUR TOUTON SELECTION LTD","Inventory","24.00"
"15529","PLACIDO CHIANTI (DOCG)","BRESCOME","Inventory","0.00"
"15530","GOLDSCHLAGER CINNAMON LIQUEUR 375ML","MARTIGNETTI ","Inventory","1.00"
"15531","STRAWBERRY LEMONADE HAZE VODKA COCKTAIL","SoNo ARTISAN DISTILLERS LLC","Inventory","0.00"
"15532","SOBIESKI VODKA 1.75L","OPICI","Inventory","-18.00"
"15533","WHITE CLAW RUBY GRAPEFRUIT HARD SELTZER 19.2 FL OZ CANS","A. GALLO","Inventory","0.00"
"15534","BLAZE CINNAMON FLAVORED WHISKEY 200ML","SoNo ARTISAN DISTILLERS LLC","Inventory","4.00"
"15535","ORANGE KUSH VODKA COCKTAIL","SoNo ARTISAN DISTILLERS LLC","Inventory","0.00"
"15536","TRANSFUSION VODKA COCKTAIL","SoNo ARTISAN DISTILLERS LLC","Inventory","0.00"
"15537","POOLS OF MAROON STRAWBERRY FRUITED SOUR 4PK CANS","WOODBURY BREWING","Inventory","0.00"
"15538","PENNSYLVANIA DUTCH EGGNOG 750ML","MARTIGNETTI ","Inventory","35.00"
"15539","TEREMANA ANEJO TEQUILA 750ML","BRESCOME","Inventory","2.00"
"15540","ABSENTE ABSINTHE 750ML","CDI","Inventory","1.00"
"15541","WILLETT FAMILY ESTATE 4YR RYE SMALL BATCH 750ML","OPICI","Inventory","1.00"
"15542","DUNKIN SPIKED HARD ICED TEA VARIETY PACK","A. GALLO","Inventory","0.00"
"15543","WOLFFER ESTATE SAUVIGNON BLANC 750ML","Winebow, Inc.","Inventory","-1.00"
"15544","ARIZONA HARD PEACH ICED TEA 220Z CAN","A. GALLO","Inventory","0.00"
"15545","BOL'S AMSTERDAM PUMPKIN SPICE LIQUEUR 750ML","BRESCOME","Inventory","0.00"
"15546","LINE 39 CHARDONNAY 750ML","CDI","Inventory","0.00"
"15547","GEORGE REMUS BOURBON WHISKEY 750ML","SLOCUM & SONS INC","Inventory","3.00"
"15549","WOLFFER ESTATE SAUVIGNON BLANC 750ML","Winebow, Inc.","Inventory","1.00"
"15551","BUDWEISER 12 OZ BOTTLE 24PK (BIG RED)","HDI","Inventory","254.00"
"15552","BUDWEISER 12 OZ BOTTLE 24PK (BIG RED)","HDI","Inventory","-200.00"
"15553","BUDWEISER 6PK BOTTLES 12OZ","HDI","Inventory","7.00"
"15554","WOODBURY WIRED STOUT 4PK CANS","WOODBURY BREWING","Inventory","0.00"
"15555","TWO ROADS OKTOBERFEST CANS","A. GALLO","Inventory","12.00"
"15556","BELVEDERE ORGANIC VODKA 1.75LT","CDI","Inventory","10.00"
"15557","COMPASS BOX METROPOLIS EXTINCT BLEND QUARTET LIMITED EDITION","CDI","Inventory","0.00"
"15558","MICHTER'S TOASTED BARREL FINISH RYE WHISKEY","BRESCOME","Inventory","0.00"
"15559","PRIME HYDRATION ICE POP DRINK","NORTHEAST","Inventory","0.00"
"15560","PRIME HYDRATION BLUE RASPBERRY DRINK","NORTHEAST","Inventory","0.00"
"15561","COMPASS BOX ORCHARD HOUSE SCOTCH WHISKEY 750ML","CDI","Inventory","4.00"
"15562","COMPASS BOX DELOSEXTINCT BLENDS QUARTET LIMITED EDITION","CDI","Inventory","1.00"
"15563","COMPASS BOX BLENDER'S COLLECTION 3X50ML PACK","CDI","Inventory","1.00"
"15564","COMPASS BOX SIGNATURE COLLECTION 3X50ML PACK","CDI","Inventory","0.00"
"15565","TWO ROADS OKTOBERFEST CANS","A. GALLO","Inventory","-12.00"
"15566","TWISTED HALF & HALF 12 PK BOTTLE","A. GALLO","Inventory","0.00"
"15567","COMPASS BOX THE SPANIARD BELNDED MALT SCOTCH WHISKEY 750ML","CDI","Inventory","1.00"
"15568","BLACK STALLION NAPA CABERNET SAUVIGNON 750ML","MARTIGNETTI ","Inventory","1.00"
"15571","BERTANI VALPOLICELLA RIPASSO DDOC 750ML","BRESCOME","Inventory","22.00"
"15572","SAM ADAMS WICKED IPA PARTY PACK 12PCANS","A. GALLO","Inventory","0.00"
"15573","ALBERTA PREMIUM CASK STRENGTH RYE WHISKEY","BRESCOME","Inventory","0.00"
"15574","JOHNNIE WALKER RED 1.75LT","BRESCOME","Inventory","3.00"
"15575","BUD LIGHT ALLUMINIUM BOTTLE 16OZ","HDI","Inventory","-296.00"
"15576","SPIRITLESS KENTUCKY 74 NON ALC SPICED CINNAMON WHISKEY","CDI","Inventory","0.00"
"15577","THE GLENLIVET OLD FASHIONED TWIST & MIX SPIRIT DRINK 375ML","CDI","Inventory","1.00"
"15578","THE GLENLIVET NEW MANHATTAN TWIST & MIX SPIRIT DRINK 375ML","CDI","Inventory","6.00"
"15579","SAVORY & JAMES CREAM  SHERRY 750ML","MARTIGNETTI ","Inventory","8.00"
"15580","REDWOOD EMPIRE LOST MONARCH AMERICAN WHISKEY 750ML","BRESCOME","Inventory","1.00"
"15581","CHEMIN DES ANGES CABERNET FRANC 750ML","TOUTON MONSIEUR TOUTON SELECTION LTD","Inventory","0.00"
"15582","TWO ROADS LIL HEAVEN IPA 16OZ 4PK CANS","A. GALLO","Inventory","9.00"
"15583","ARIZONA HARD LEMON  ICED TEA 22OZ CAN","A. GALLO","Inventory","4.00"
"15584","ARIZONA HARD ICED GREEN TEA 22OZ CAN","A. GALLO","Inventory","15.00"
"15585","ARIZONA HARD TEA VARIETY PACK 12PK 12OZ","A. GALLO","Inventory","0.00"
"15586","MARQUES DE MURIETA RIOJA RESERVA 750ML","BRESCOME","Inventory","-13.00"
"15587","BATCH & BOTTLE MONKEY SHOULDER OF RTD 375ML","CDI","Inventory","0.00"
"15588","GLENFIDDICH BATCH & BOTTLE REYKA THUBARB COSMOPOLITAN RTD 375ML","CDI","Inventory","0.00"
"15589","SAM ADAMS BEERFEST VARIETY PACK 12 PK CAN","A. GALLO","Inventory","0.00"
"15590","WOODBRIDGE  CHARDONNAY 1.5LT","MARTIGNETTI ","Inventory","0.00"
"15591","MICHELOB ULTRA BOTTLE 2/12PK 12 OZ","HDI","Inventory","1.00"
"15592","STOLICHNAYA OHRANJ (ORANGE) FLAVORED VODKA)  750ML","BRESCOME","Inventory","0.00"
"15593","MARQUES DE MURIETA RIOJA RESERVA 750ML","BRESCOME","Inventory","13.00"
"15594","Budweiser 1/2 Barrel","HDI","Inventory","0.00"
"15595","J VINEYARDS PINOT NOIR SONOMA COUNTY 375ML","None","Inventory","0.00"
"15597","LUXARDO MARASCHINO CHERRIES 400GM JAR","EDER BROS","Inventory","11.00"
"15598","COURVOISIER VS 50ML","BRESCOME","Inventory","12.00"
"15599","CLOS ANAIS NAPA VALLEY CHARDONNAY 750ML","TOUTON MONSIEUR TOUTON SELECTION LTD","Inventory","0.00"
"15600","MOUNTAIN PASS GLACIER CANADIAN WHISKEY 750ML","NORTHEAST","Inventory","-1.00"
"15601","CUTWATER MARGARITA VARIETY 12PK 200ML","None","Inventory","0.00"
"15602","REDEMPTION RYE BOURBON 750ML","BRESCOME","Inventory","7.00"
"15603","BAILEYS CHOCOLATE CREAM 750ML","MARTIGNETTI ","Inventory","13.00"
"15604","TANQUERAY NEGRONI COCKTAIL 750ML","EDER BROS","Inventory","0.00"
"15605","TANQUERAY NEGRONI COCKTAIL 375ML","EDER BROS","Inventory","0.00"
"15606","REDWOOD EMPIRE GRIZZLY BEAST BOURBON 750ML","BRESCOME","Inventory","0.00"
"15607","REDWOOD EMPIRE ROCKET TOP RYE 750ML","BRESCOME","Inventory","3.00"
"15608","FIREBALL TRICK OR TREAT 15PK 50ML BOTTLES","NORTHEAST","Inventory","0.00"
"15609","REMUS REPEAL RESERVE STRAIGHT BOURBON WHISKEY 100PROOF 750ML","SLOCUM & SONS INC","Inventory","2.00"
"15610","VEUVE CLICQUOT BRUT 750ML","EDER BROS","Inventory","14.00"
"15611","SKREWBALL EGGNOG 750ML","CDI","Inventory","-12.00"
"15612","LAGUNITAS LIL SUMPIN SUMPIN 12 PK CANS","A. GALLO","Inventory","1.00"
"15613","TWISTED TEA HALF & HALF 12 OZ 18 PK CAN","A. GALLO","Inventory","2.00"
"15614","PINHOOK VERTICAL SERIES 8YR CASK STRENGTH BOURBON 750ML","OPICI","Inventory","2.00"
"15615","MONSTER THE BEAST UNLEASHED VARIETY 12PK 12OZ","NORTHEAST","Inventory","0.00"
"15616","MONSTER THE BEAST UNLEASHED MEAN GREEN HARD 12OZ CAN","NORTHEAST","Inventory","0.00"
"15617","KETEL ONE VODKA 50ML (GLASS)","BRESCOME","Inventory","12.00"
"15618","SKREWBALL EGGNOG 750ML","CDI","Inventory","12.00"
"15619","WIDOW JANE BOURBON DECADENCE 10YR 750ML","CDI","Inventory","1.00"
"15620","BELLISSIMA ZERO SUGAR PINOT GRIGIO WINE 750ML","MARTIGNETTI ","Inventory","9.00"
"15621","LOS VASCOS CARMENERE GRAN RESERVE 750ML","BRESCOME","Inventory","22.00"
"15622","SAM ADAMS OCTOBERFEST 1/2 KEG","A. GALLO","Inventory","0.00"
"15623","MARQUES DE RISCAL RIOJA RESERVA 750ML","BRESCOME","Inventory","7.00"
"15624","ROLLING ROCK 6 PK BOTTLE 12OZ","HDI","Inventory","9.00"
"15625","WICKHAMS CURE HANGOVER CURE ALL NATURAL 20Z BTL","None","Inventory","0.00"
"15627","MACALLAN 18YRS DOUBLE CASK 750ML","MARTIGNETTI ","Inventory","2.00"
"15628","LEROUX PEPPERMINT SCHNAPPS 100 PROOF 200ML","CDI","Inventory","-88.00"
"15629","KETEL ONE COCKTAIL COSMOPOLITAN RTD 375ML","BRESCOME","Inventory","0.00"
"15630","KETEL ONE COCKTAIL ESPRESSO MARTINI RTD 375ML","BRESCOME","Inventory","0.00"
"15631","OPUS ONE NAPA VALLEY RED WINE  2017 750ML","HARTLEY PARKER","Inventory","5.00"
"15632","RETURNS 30PK CAN","NORTHEAST","Inventory","-24.00"
"15633","DON ABRAHAM ORGANIC REPOSADO TEQUILA 750ML","SLOCUM & SONS INC","Inventory","0.00"
"15634","CHATEAU BUENA VISTA CABERNET SAUVIGNON NAPA VALLEY 750ML","OPICI","Inventory","3.00"
"15635","BOLS ESPRESSO MARTINI RTD 375ML","BRESCOME","Inventory","0.00"
"15636","CROCODILE DANDY RED WINE 750ML","TOUTON MONSIEUR TOUTON SELECTION LTD","Inventory","5.00"
"15637","COUNTRY RIDGE CELLARS CHARDONNAY 750ML","TOUTON MONSIEUR TOUTON SELECTION LTD","Inventory","0.00"
"15638","TUMBLER & ROCKS ESPRESSO MARTINI COCKTAIL 375ML","NORTHEAST","Inventory","0.00"
"15639","TUMBLER & ROCKS OLD FASHIONED COCKTAIL 375ML","NORTHEAST","Inventory","0.00"
"15640","TUMBLER & ROCKS EL MARGARITA COCKTAIL 375ML","NORTHEAST","Inventory","2.00"
"15641","TUMBLER & ROCKS CLASSIC MARTINI COCKTAIL 375ML","NORTHEAST","Inventory","0.00"
"15642","TUMBLER & ROCKS COSMOPOLITAN COCKTAIL 375ML","NORTHEAST","Inventory","3.00"
"15643","JAMESON TRIPLE DISTILLED 18 YRS IRISH WHISKEY 750ML","EDER BROS","Inventory","0.00"
"15644","BANDIT CABERNET SAUVIGNON 1LTR BOX","CDI","Inventory","3.00"
"15645","CORONA EXTRA 24 PK 12 OZ LOOSE BOTTLES","A. GALLO","Inventory","3.00"
"15646","WHITE CLAW CRANBERRY SURGE CAN 19.2OZ","A. GALLO","Inventory","0.00"
"15647","BLACK STALLION NAPA CABERNET SAUVIGNON 750ML","MARTIGNETTI ","Inventory","0.00"
"15648","GILBEY'S GIN 1.75L","CDI","Inventory","0.00"
"15649","JIM BEAM BOUBON CREAM 750ML","CDI","Inventory","0.00"
"15650","CARNIVOR CABERNET SAUVIGNON BBN BARREL 750 ML","CDI","Inventory","0.00"
"15651","HEAVENS DOOR MINNESOTA WHEATED BOURBON HOMESICK BLUES 750ML","CDI","Inventory","2.00"
"15652","HARVEYS SOLERA SHERRY BRISTOL CREAM 750ML","BRESCOME","Inventory","0.00"
"15653","GRAVES GRAIN ALCOHOL 190 PROOF 750ML","BRESCOME","Inventory","12.00"
"15654","JOHNNY DRUM PRIVATE STOCK 101 BOURBON 750ML","OPICI","Inventory","1.00"
"15655","PURE KENTUCKY XO SMALL BATCH BOURBON 750ML","OPICI","Inventory","0.00"
"15656","SAM ADAMS WICKED IPA PARTY PACK 12PCANS","A. GALLO","Inventory","0.00"
"15657","HIGH NOON EL PRES VARIETY 12 PK CAN 355ML","CDI","Inventory","0.00"
"15658","ABERLOUR A'BUNADH CASK STRENGTH SPEYSIDE SNGL MALT WHISKEY 750ML","BRESCOME","Inventory","1.00"
"15659","ARIZONA HARD ICED LEMON 12PK CANS","A. GALLO","Inventory","0.00"
"15660","FLORIO MARSALA SUPERIORE SWEET 750ML","MARTIGNETTI ","Inventory","-1.00"
"15661","MOSELAND BLACK/GREEN/PINK/ORANGE CAT RIESLING 750ML","OPICI","Inventory","0.00"
"15662","MEILI VODKA 750ML","OPICI","Inventory","3.00"
"15663","OREGON TERRITORY PINOT NOIR 750ML","CDI","Inventory","0.00"
"15665","RON ZACAPA RUM 23 YEARS 750ML","BRESCOME","Inventory","4.00"
"15666","CASAMIGOS BLANCO TEQUILA 50ML","BRESCOME","Inventory","359.00"
"15667","CASAMIGOS REPOSADO TEQUILA 50ML","BRESCOME","Inventory","0.00"
"15668","FLORIO MARSALA SUPERIORE SWEET 750ML","MARTIGNETTI ","Inventory","4.00"
"15669","FLORIO MARSALA SUPERIORE DRY 750ML","MARTIGNETTI ","Inventory","10.00"
"15670","COTES DU RHONE VILLAGES FAMILLE PERRIN","BRESCOME","Inventory","0.00"
"15672","STELLA ARTOIS 18PK CAN 12OZ","HDI","Inventory","3.00"
"15673","JIM BEAM BLACK  EXTRA AGED BOURBON 375ML","BRESCOME","Inventory","0.00"
"15674","GLENFIDDICH 12 YRS SCOTCH WHISKEY 375ML","BRESCOME","Inventory","2.00"
"15675","CASAMIGOS REPOSADO TEQUILA 375ML","BRESCOME","Inventory","4.00"
"15676","CASAMIGOS ANEJO TEQUILA 375ML","BRESCOME","Inventory","3.00"
"15677","CASAMIGOS MEZCAL TEQUILA 375 ML","BRESCOME","Inventory","1.00"
"15678","JOHNNIE WALKER BLACK LABEL SCOTCH 50 ML","EDER BROS","Inventory","156.00"
"15679","JOHNNIE WALKER BLUE LABEL 50ML","BRESCOME","Inventory","3.00"
"15680","WAITERS CORKSCREW","MANCHESTER T","Inventory","20.00"
"15681","LITCHFIELD RTD OLD FASHIONED 100ML","EDER BROS","Inventory","10.00"
"15682","LITCHFIELD RTD MANHATTAN 100ML","EDER BROS","Inventory","9.00"
"15683","LITCHFIELD RTD COSMOPOLITAN 100ML","EDER BROS","Inventory","12.00"
"15684","LITCHFIELD RTD ESPRESSO MARTINI 100ML","EDER BROS","Inventory","3.00"
"15685","LITCHFIELD  BOURBON FINISHED IN RUM CASK 750ML 92PROOF","EDER BROS","Inventory","2.00"
"15686","FOUR ROSES SMALL BATCH GIFTPACK 750ML","SLOCUM & SONS INC","Inventory","12.00"
"15687","WOODBURY PAINTED BLACK PORTER BEER 4PK CAN","WOODBURY BREWING","Inventory","0.00"
"15688","2XO OAK SERIES OAK FINISHED BOURBON 750ML","CDI","Inventory","2.00"
"15689","2XO THE TRIBUTE BLEND BOURBON 750ML","CDI","Inventory","1.00"
"15690","GRAND NAPA CABERNET SAUVIGNON RESERVE 750ML","TOUTON MONSIEUR TOUTON SELECTION LTD","Inventory","2.00"
"15691","FILIBUSTER SINGLE ESTATE STRAIGHT BOURBON WHISKEY 750ML","TOUTON MONSIEUR TOUTON SELECTION LTD","Inventory","1.00"
"15692","KENTUCKY 10 WHEATED SMALL BATCH BOURBON WHISKEY 750ML","TOUTON MONSIEUR TOUTON SELECTION LTD","Inventory","0.00"
"15693","UNICO AMARO SICILIANO 1LT","TOUTON MONSIEUR TOUTON SELECTION LTD","Inventory","0.00"
"15694","WOODINVILLE BOURBON FINISHED IN PORT CASK 750ML 90PROOF","BRESCOME","Inventory","0.00"
"15695","KETEL ONE ESPRESSO MARTINI RTD COCKTAIL 750ML","BRESCOME","Inventory","0.00"
"15696","KETEL ONE COSMOPOLITAN RTD COCKTAIL 750ML","BRESCOME","Inventory","0.00"
"15697","2XO BOURBON GEM OF KENTUCKY 750ML","CDI","Inventory","2.00"
"15698","DOMAINE BOUSQUET AMERI RED BLEND ORGANIC 750ML","CDI","Inventory","-8.00"
"15699","LUXARDO MARASCHINO CHERRIES 400GM JAR","EDER BROS","Inventory","-8.00"
"15700","DOMAINE BOUSQUET AMERI RED BLEND ORGANIC 750ML","CDI","Inventory","6.00"
"15701","OLD OVERHOLT STRAIGHT RYE WHISKEY 4 YEARS","BRESCOME","Inventory","4.00"
"15702","SAM ADAMS JACK O PUMPKIN ALE 12 PK CAN","A. GALLO","Inventory","0.00"
"15703","SAM ADAMS WINTER LAGER 12PK CANS 12 OZ","A. GALLO","Inventory","0.00"
"15704","YUENGLING HERSHEY'S CHOCOLATE PORTER 6PK","A. GALLO","Inventory","0.00"
"15705","TESSERON COLLECTION COGNAC (4X50ML)","TOUTON MONSIEUR TOUTON SELECTION LTD","Inventory","0.00"
"15706","MACALLAN 18YR SNGLE MALT SHERRY OAK CASK SCOTCH WHISKEY 750ML","BRESCOME","Inventory","-3.00"
"15707","ABERLOUR 16 YEAR HIGHLAND SINGLE MALT 750ML","BRESCOME","Inventory","1.00"
"15708","LOUIS ROEDERER REIMS CRISTAL BRUT 750ML","BRESCOME","Inventory","1.00"
"15709","KENDALL JACKSON CHARDONNAY 750ML","CDI","Inventory","0.00"
"15710","TESSERON COLLECTION COGNAC (4X50ML)","TOUTON MONSIEUR TOUTON SELECTION LTD","Inventory","2.00"
"15711","ARMAND DE BRIGNAC BRUT GOLD ACE OF SPADE 750ML","SLOCUM & SONS INC","Inventory","2.00"
"15712","MACALLAN 18YR SNGLE MALT SHERRY OAK CASK SCOTCH WHISKEY 750ML","BRESCOME","Inventory","7.00"
"15713","HIGH WEST BOURBON WHISKEY 1.75LT","CDI","Inventory","0.00"
"15714","ST GERMAIN ELDERFLOWER LIQUEUR W CRF 6B 750ML","CDI","Inventory","0.00"
"15715","LICOR 43 50ML","BRESCOME","Inventory","6.00"
"15716","FITVINE PINOT GRIGIO 750ML","HP","Inventory","12.00"
"15718","GLENMORANGIE SIGNET SINGLE MALT SCOTCH 750ML","BRESCOME","Inventory","2.00"
"15719","BULLEIT BOURBON 90 PROOF 50ML","BRESCOME","Inventory","-609.00"
"15720","BULLEIT BOURBON 90 PROOF 50ML","BRESCOME","Inventory","690.00"
"15721","J & B RARE BLENDED SCOTCH WHISKEY 1.75L","MARTIGNETTI ","Inventory","1.00"
"15722","YUENGLING BLACK & TAN 12PK 12 OZ BOTTLE","A. GALLO","Inventory","0.00"
"15724","DAL FORNO ROMANO VALPOLICELLA 2010/2011/2012 750ML","WILSON DANIELS WHOLESALE LLC","Inventory","0.00"
"15725","KUMEU RIVER ESTATE CHARDONNAY 750ML","WILSON DANIELS WHOLESALE LLC","Inventory","7.00"
"15726","WIDOW JANE BOURBON THE VAULTS 15YR 750ML","CDI","Inventory","1.00"
"15727","SUGARLAND DARK CHOCOLATE COFFEE SIPPIN CREAM 750ML","SLOCUM & SONS INC","Inventory","0.00"
"15728","GIULIANO ROSATI CHIANTI 1.5LT","GATHERING HARVEST","Inventory","4.00"
"15729","BELLISSIMA ZERO SUGAR SPARKLINGK WINE 750ML","HP","Inventory","0.00"
"15730","ROCCA GIOVANNI BAROLO RED 750ML","TOUTON MONSIEUR TOUTON SELECTION LTD","Inventory","5.00"
"15731","LAURENT PERRACHON MORGON CORCELETTE RED 750ML","TOUTON MONSIEUR TOUTON SELECTION LTD","Inventory","0.00"
"15732","CHATEAU LAMOTHE SAINT GERMAINE BORDEAUX RED 750ML","TOUTON MONSIEUR TOUTON SELECTION LTD","Inventory","0.00"
"15733","CHATEAU LA FREYNELLE BORDEAUX ROUGE 750ML","TOUTON MONSIEUR TOUTON SELECTION LTD","Inventory","0.00"
"15734","POST & BEAM CABERNET SAUVIGNON BY FAR NIENTE 750ML","BRESCOME","Inventory","0.00"
"15735","1792 KENTUCKY STRAIGHT BOURBON WHISKEY 12YR  96.6 PROOF 750ML","BRESCOME","Inventory","0.00"
"15736","BELLISSIMA ZERO SUGAR CABERNET SAUVIGNON 750ML","MARTIGNETTI ","Inventory","3.00"
"15737","FAR NIENTE CABERNET SAUVIGNON NAPA VALLEY 750ML","BRESCOME","Inventory","2.00"
"15738","BIB & TUCKER SMALL BATCH BOURBON 10 YRS 750ML","CDI","Inventory","0.00"
"15739","LICOR 43 CUARENTA Y TRES 62 PROOF 750ML","BRESCOME","Inventory","0.00"
"15740","WALKER ROAD REFRESHING DRY ROSE WINE 750ML","WALKER ROAD VINEYARDS","Inventory","0.00"
"15741","APOTHIC CHARDONNAY 750ML","CDI","Inventory","0.00"
"15742","J VINEYARDS PINOT NOIR MONTEREY SONOMA COUNTY 750ML","CDI","Inventory","19.00"
"15743","AMARETTO DI PUGLIA 700ML","PUGLIA INC","Inventory","5.00"
"15744","CONEGLIANO VALDOBBIADENE PROSECCO SUPERIORE 750ML","PUGLIA INC","Inventory","0.00"
"15745","CORTE PITORA PINOT GRIGIO 1.5LT","PUGLIA INC","Inventory","0.00"
"15746","OPERA WHITE AMARETTO 750ML","PUGLIA INC","Inventory","2.00"
"15747","HIGH NOON PASSIONFRUIT HARD SELTZER 4PK","CDI","Inventory","0.00"
"15748","FERRARI BRUT 750ML","BRESCOME","Inventory","0.00"
"15749","CHARTREUSE 80 YELLOW LIQUEUR 750ML","BRESCOME","Inventory","0.00"
"15750","EZRA BROOKS 99 PROOF BOURBON WHISKEY 1.75LT","SLOCUM & SONS INC","Inventory","0.00"
"15751","LUSTAU AMONTILLADO LOS ARCOS DRY SHERRY 750ML","BRESCOME","Inventory","0.00"
"15752","DRY SACK MEDIUM SHERRY 750ML","BRESCOME","Inventory","-3.00"
"15753","PATRON EL CIELO TEQUILA 700ML","CDI","Inventory","1.00"
"15754","PATRON EL ALTO TEQUILA 750ML","CDI","Inventory","2.00"
"15755","MONOPOLE BRUT CHAMPAGNE BLUE TOP HEIDSIECK & CO  GIFT BOX 750ML","TOUTON MONSIEUR TOUTON SELECTION LTD","Inventory","-1.00"
"15756","POMMERY BLANC DE BLANC APANGE CHAMPAGNE GIFT BOX 750ML","TOUTON MONSIEUR TOUTON SELECTION LTD","Inventory","-2.00"
"15757","POMMERY BRUT ROSE ROYAL CHAMPAGNE GIFT BOX 750ML","TOUTON MONSIEUR TOUTON SELECTION LTD","Inventory","1.00"
"15758","POMMERY BRUT ROYAL CHAMPAGNE GIFT BOX 750ML","TOUTON MONSIEUR TOUTON SELECTION LTD","Inventory","0.00"
"15759","DRY SACK MEDIUM SHERRY 750ML","BRESCOME","Inventory","2.00"
"15760","NERO DI TROIA RED WINE 750ML","PUGLIA INC","Inventory","0.00"
"15761","FRESCOBALDI NIPPOZANO RESERVE CHIANTI RUFFINO 750ML","BRESCOME","Inventory","0.00"
"15762","HIBIKI 100YEAR AVNNIVERSARY JAPANESE HARMONY WHISKEY 750ML","BRESCOME","Inventory","0.00"
"15763","LUSTAU DELUXE CREAM SHERRY CAPTAZ ANDES SOLERA 750ML","BRESCOME","Inventory","0.00"
"15764","GRAVES GRAIN ALCOHOL 1.5LT","BRESCOME","Inventory","-9.00"
"15765","CHATEAU NICOT ENTRE-DEUX-MERS 750ML","SLOCUM & SONS INC","Inventory","0.00"
"15766","WICKHAMS CURE GIFT PACK  ALL NATURAL 4PK BOTTLE","None","Inventory","0.00"
"15767","HEMINGWAY RYE SIGNATURE EDITION 102 PROOF CRAFTED WHISKEY 750ML","CDI","Inventory","3.00"
"15768","ABERFELDY SINGLE MALT SCOTCH FINISHED IN CABERNET SAUVIGNON NAPA WINE CASK 18YEARS","CDI","Inventory","0.00"
"15769","GRAVES GRAIN ALCOHOL 190 PROOF 375ML","BRESCOME","Inventory","0.00"
"15770","GRAVES GRAIN ALCOHOL 1.5LT","BRESCOME","Inventory","12.00"
"15772","CAPTAIN MORGAN 100 PROOF 1.75L","NORTHEAST","Inventory","20.00"
"15773","BULLEIT BOURBON 90 PROOF 50ML","BRESCOME","Inventory","-20.00"
"15774","TOMATIN 12YR HIGHLAND SINGLE MALT SCOTCH WHISKEY BOURBON & SHERRY CASK 750ML","EDER BROS","Inventory","1.00"
"15775","LITCHFIELD RTD ASST 4PACK 100ML EACH SAMPLER PACK BOTTLES","SLOCUM & SONS INC","Inventory","0.00"
"15776","POMMERY BRUT ROSE ROYAL CHAMPAGNE GIFT BOX 750ML","TOUTON MONSIEUR TOUTON SELECTION LTD","Inventory","0.00"
"15777","MONOPOLE BRUT CHAMPAGNE BLUE TOP HEIDSIECK & CO  GIFT BOX 750ML","TOUTON MONSIEUR TOUTON SELECTION LTD","Inventory","1.00"
"15778","POMMERY BLANC DE BLANC APANGE CHAMPAGNE GIFT BOX 750ML","TOUTON MONSIEUR TOUTON SELECTION LTD","Inventory","2.00"
"15779","DOMAINE THIERRY MOTHE CHABLIS 750ML","TOUTON MONSIEUR TOUTON SELECTION LTD","Inventory","-190.00"
"15780","HIGH NOON SNOW BIRD LTD TDITION VARIETY 8PACK CAN","CDI","Inventory","0.00"
"15781","WOODBURY CHAMPILS PILSNER 4PK BEER","WOODBURY BREWING","Inventory","0.00"
"15782","WOODBURY PUCKER PUNCH SOUR 4PK CANS","WOODBURY BREWING","Inventory","0.00"
"15783","THE MACALLAN CLASSIC CUT LIMITED EDITION 2023 750ML","BRESCOME","Inventory","0.00"
"15784","CROWN ROYAL PEACH TEA RTD 4PK CANS","BRESCOME","Inventory","6.00"
"15785","WHITE CLAW BLACK CHERRY 12PK CAN","A. GALLO","Inventory","3.00"
"15786","CHARLES DE CAZANOVE BRUT PREMIER CRU CHAMPAGNE 750ML","TOUTON MONSIEUR TOUTON SELECTION LTD","Inventory","1.00"
"15787","MINE HILL GIN 82 PROOF 750ML","MINE HILL DISTILLERY","Inventory","1.00"
"15788","MINE HILL AMARO 750ML","MINE HILL DISTILLERY","Inventory","2.00"
"15789","MINE HILL BOURBON WHISKEY 82 PROOF 750ML","MINE HILL DISTILLERY","Inventory","1.00"
"15790","RUM CHATA PEPPERMINT BARK 750 ML","CDI","Inventory","12.00"
"15791","DEWAR'S  12YRS DOUBLE AGED SCOTCH WHISKEY 750ML","CDI","Inventory","1.00"
"15792","AVALON LODI CABERNET SAUVIGNON 750ML","BRESCOME","Inventory","0.00"
"15793","MAYSARA ARSHEEN PINOT GRIS 750ML","CDI","Inventory","3.00"
"15794","DEWAR'S 21YRS DBL DBL AGED FINISHED IN MIZUNARA OAK CASK 750ML","CDI","Inventory","0.00"
"15795","RABBIT HOLE DARERINGER BOURBON FOUNDERS COLLECTION LIMITED EDITION 750ML","CDI","Inventory","1.00"
"15796","MAYSARA ARSHEEN PINOT GRIS 750ML","CDI","Inventory","0.00"
"15797","BENEDICTINE LIQUEUR 750ML","CDI","Inventory","0.00"
"15798","SAINT VERAN DOMAINE DANIEL POLLIER LES TTOIS BOUSQUET WHITE BURGANDY 750ML","TOUTON MONSIEUR TOUTON SELECTION LTD","Inventory","0.00"
"15799","HEAVENS DOOR BOURBON WHISKEY BOOT LEG SERIES 18YRS","CDI","Inventory","1.00"
"15800","DOMAINE THIERRY MOTHE CHABLIS 750ML","TOUTON MONSIEUR TOUTON SELECTION LTD","Inventory","204.00"
"15801","RUMPLE MINZE 375ML","MARTIGNETTI ","Inventory","2.00"
"15802","BAILEYS VANILLA MINT SHAKE 750ML","MARTIGNETTI ","Inventory","0.00"
"15805","PROVENANCE NAPA VALLEY CABERNET SAUVIGNON 750ML","SLOCUM & SONS INC","Inventory","1.00"
"15806","GLENFIDDICH 12YR SHERRY CASK SINGLE MALT SCOTCH WHISKEY 750ML","CDI","Inventory","3.00"
"15807","LANGHE ARNEIS TERRE DEL BAROLO WHITE 750ML","TOUTON MONSIEUR TOUTON SELECTION LTD","Inventory","25.00"
"15808","AMARONE DELLA VALPOLICELLA ANTONIO GAUDIOSO 750ML","TOUTON MONSIEUR TOUTON SELECTION LTD","Inventory","2.00"
"15809","NEW BELGIUM VOODOO RANGER HARD TEA LEMON 24OZ","NORTHEAST","Inventory","0.00"
"15810","KINKY RED 50 ML","CDI","Inventory","34.00"
"15811","JOSH SEASWEPT SAUV BLANC & PINOT GRIGIO 750ML","CDI","Inventory","18.00"
"15812","REDWOOD EMPIRE DEVIL'S TOWER HIGH RYE WHISKEY 99 PROOF 750ML","BRESCOME","Inventory","0.00"
"15813","REDWOOD EMPIRE FOGGY BURL SINGLE MALT WHISKEY 99 PROOF 750ML","BRESCOME","Inventory","0.00"
"15814","ZING ZANG BLOODY MARY MIX  7.5FL OZ CAN","CDI","Inventory","-8.00"
"15815","BOTA BOX BREEZE CABERNET SAUVIGNON 3LT","CDI","Inventory","0.00"
"15816","BOTA BOX BREEZE CHARDONNAY 3LT","CDI","Inventory","0.00"
"15817","MARK WEST CABERNET SAUVIGNON 750ML","CDI","Inventory","11.00"
"15818","TULLAMORE DEW HONEY IRISH WHISKEY 750ML","CDI","Inventory","0.00"
"15819","HENDRICKS GIN GRAND CABARET 750ML","CDI","Inventory","0.00"
"15820","SMIRNOFF SMASH VODKA SODA 355ML 8PK VARIETY PACK CAN","EDER BROS","Inventory","0.00"
"15821","CHATEAU LES MILLAUX BORDEAUX RED 750ML","TOUTON MONSIEUR TOUTON SELECTION LTD","Inventory","0.00"
"15822","HIGH NOON LEMON HARD SELTZER 4PK","CDI","Inventory","24.00"
"15823","HIGH NOON MANGO 4PK CAN","CDI","Inventory","24.00"
"15824","HIGH NOON WATERMELON HARD SELTZER 4PK","CDI","Inventory","20.00"
"15825","LONG DRINK TRADITIONAL CITRUS 12OZ 6PK CAN","CDI","Inventory","0.00"
"15826","THOMAS HOOKER DOUBLE CHILL RASPBERRY RUSH CBD SELTZER 16OZ 4PK CANS","HDI","Inventory","0.00"
"15827","SAM ADAMS JUICY IPA 12PK CANS 12FLOZ","A. GALLO","Inventory","0.00"
"15828","CHAMBORD BLACK RASPBERRY LIQUEUR 700ML","EDER BROS","Inventory","1.00"
"15829","ON THE ROCKS CRUZAN STRAWBERRY DAIQUIRI 375ML","BRESCOME","Inventory","0.00"
"15830","MINUS 196 VODKA SELTZER RTD VARIETY PACK 8PK CAN","BRESCOME","Inventory","9.00"
"15831","PASO-D'ORO CABERNET SAUVIGNON PASO ROBLES 750ML","BRESCOME","Inventory","0.00"
"15832","ABSOLUTE COCKTAIL VODKA MOJITO RTD 750ML","CDI","Inventory","2.00"
"15833","ABSOLUT COCKTAIL RASPBERRY LEMONADE RTD 750ML","CDI","Inventory","2.00"
"15834","THE GLENLIVET RUM & BOURBON FUSION CASK SINGLE MALT SCOTCH 750ML","CDI","Inventory","2.00"
"15835","WHIP SHOTS VODKA INFUSED CARAMEL WHIPPED CREAM 375ML","CDI","Inventory","1.00"
"15836","WHIP SHOTS VODKA INFUSED STRAWBERRY WHIPPED CREAM 200ML","CDI","Inventory","0.00"
"15837","JAMESON ORANGE SPRITZ RTD 4PK CAN 355ML","CDI","Inventory","-6.00"
"15839","JAMESON ORANGE SPRITZ RTD 4PK CAN 355ML","CDI","Inventory","6.00"
"15840","DOS EQUIS AMBER 12OZ BEER","NORTHEAST","Inventory","0.00"
"15841","BLACK BOX RED BLEND DOLCE 3LT BOX","CDI","Inventory","0.00"
"15842","BULLEIT AMERICAN SINGLE MALT WHISKEY 90PROOF 750ML","BRESCOME","Inventory","0.00"
"15843","GUINNESS IRISH & PUB 15 PACK CANS 14.9OZ","A. GALLO","Inventory","0.00"
"15844","TWISTED TEA BLACK CHERRY 24OZ CAN","A. GALLO","Inventory","0.00"
"15845","APOLLONI VINEYARD ESTATE CHARDONNAY 750ML","TOUTON MONSIEUR TOUTON SELECTION LTD","Inventory","-6.00"
"15846","MEZCALUM MEZCAL ARTESANAL TEQUILA 750ML","TOUTON MONSIEUR TOUTON SELECTION LTD","Inventory","7.00"
"15847","APOLLONI VINEYARD ESTATE CHARDONNAY 750ML","TOUTON MONSIEUR TOUTON SELECTION LTD","Inventory","6.00"
"15848","ANGELS ENVY KENTUCKY STRAIGHT BOURBON WHISKEY 100ML","CDI","Inventory","0.00"
"15849","PIERRE FERRAND COGNAC GRANDE CHAMPAGNE AMBRE 750ML","HP","Inventory","0.00"
"15850","CUPCAKE LIGHT HEARTED PINOT GRIGIO 750ML","EDER BROS","Inventory","0.00"
"15851","JACK DANIELS TENNESSEE HONEY 50 ML","EDER BROS","Inventory","0.00"
"15852","JAMES E PEPPER DECANTER BARREL PROOF 750ML","OPICI","Inventory","0.00"
"15853","DOGFISH HEAD BAR CART VARIETY 8PK","A. GALLO","Inventory","0.00"
"15854","LITCHFIELD VANILLA BOURBON 100ML","EDER BROS","Inventory","7.00"
"15855","GRAND MARNIER 100 YR CUVEE DU CENTENAIRE 750ML","BRESCOME","Inventory","1.00"
"15856","GRAND MARNIER 80PROOF  1.75ML","BRESCOME","Inventory","-4.00"
"15857","CHATEAU DU CAILLOU CAHORS MALBEC 750ML","TOUTON MONSIEUR TOUTON SELECTION LTD","Inventory","0.00"
"15858","CHEMIN DES ANGES CHINON RED (CABERNET FRANC) 750ML","TOUTON MONSIEUR TOUTON SELECTION LTD","Inventory","0.00"
"15859","GRAND MARNIER 80PROOF  1.75ML","BRESCOME","Inventory","6.00"
"15860","FAR NIENTE CABERNET SAUVIGNON NAPA VALLEY 750ML","BRESCOME","Inventory","1.00"
"15861","APEROL APERITIVO LIQUEUR 750ML","BRESCOME","Inventory","30.00"
"15862","EAGLE RARE 10YR SINGLE 1.75LT","NORTHEAST","Inventory","0.00"
"15863","TRAVELLER WHISKEY 90 PROOF 750ML","NORTHEAST","Inventory","8.00"
"15864","WHIP SHOTS VODKA INFUSED MOCHA WHIP CREAM 375ML","CDI","Inventory","0.00"
"15865","TWO ROADS SPIKED FLAVORTOWN VARIETY PACK 8PK CANS","A. GALLO","Inventory","0.00"
"15866","EFFEN BLOOD ORANGE VODKA 1 LT","EDER BROS","Inventory","0.00"
"15867","JACK DANIELS GINGER ALE & WHISKEY RTD 4PK 12OZ","EDER BROS","Inventory","0.00"
"15868","LEROUX PEPPERMINT SCHNAPPS 100 PROOF 375ML","CDI","Inventory","8.00"
"15869","SPRINTER COCKTAIL VODKA VARIETY 8 PACK CAN","CDI","Inventory","0.00"
"15870","13TH COLONY SOUTHERN BOURBON 750ML","NORTHEAST","Inventory","2.00"
"15871","SIERRA NEVADA GOLDEN TRAIL ALE N/A 6PK CAN","NORTHEAST","Inventory","0.00"
"15872","LITCHFIELD BATCHERS BOURBON 100ML","EDER BROS","Inventory","2.00"
"15873","BUMBU CREME RUM 750 ,ML","SLOCUM & SONS INC","Inventory","4.00"
"15874","WOODBURY REDDY COPPER IRISH RED ALE 4PK CANS","WOODBURY BREWING","Inventory","0.00"
"15875","WOODBURY OMC OSH IRISH STOUT 4PK CANS","WOODBURY BREWING","Inventory","0.00"
"15876","HIGHLAND PARK 15YRS SINGLE MALT WHISKEY 750ML","BRESCOME","Inventory","0.00"
"15877","ALACRAN EXTRA ANEJO TEQUILA 750ML","None","Inventory","0.00"
"15878","HIGH NOON TEQUILA LIME COCKTAIL 24OZ CAN","CDI","Inventory","8.00"
"15879","CROWN ROYAL NOBLE COLLECTION 16YR RYE 750ML","BRESCOME","Inventory","1.00"
"15880","SAVORY & JAMES DELUXE MEDIUM SHERRY AMONTILLADO 750ML","MARTIGNETTI ","Inventory","14.00"
"15881","ENVIRONMENTAL FEE 15X8","MARTIGNETTI ","Inventory","1.00"
"15882","KRIS PINOT GRIGIO 750ML","EDER BROS","Inventory","84.00"
"15883","RUM CHATA PINEAPPLE CREAM LIQUEUR 750ML","CDI","Inventory","1.00"
"15884","SARACINA SOUL OF MENDOCINO RED WINE BLEND 750ML","BRESCOME","Inventory","2.00"
"15885","SARACINA UNOAKED CHARDONNAY MENDOCINO COUNTY 750ML","BRESCOME","Inventory","0.00"
"15886","SARACINA SAUVIGNON BLANC MENDOCINO COUNTY 750ML","BRESCOME","Inventory","0.00"
"15887","CUTWATER SPICY BLOODY MARY PREMIUM COCKTAIL MIX 1LT","NORTHEAST","Inventory","2.00"
"15888","TOMMASI LE FORNACI LUGANA 750ML","BRESCOME","Inventory","3.00"
"15889","BLACK BOX SAUVIGNON BLANC TART & TANGY 500ML","CDI","Inventory","0.00"
"15890","TRULY CITRUS VARIETY PACK 12PK CAN 12 OZ","A. GALLO","Inventory","3.00"
"15891","WHITE CLAW TEQUILA SMASH VARIETY 8PK CAN","A. GALLO","Inventory","0.00"
"15892","MACALLAN A NIGHT ON EARTH SCOTCH 750ML","BRESCOME","Inventory","0.00"
"15893","MACALLAN THE HARMONY COLLECTION AMBER MEADOW SCOTCH 750ML","BRESCOME","Inventory","1.00"
"15894","DOM PERIGNON CHAMPAGNE VINTAGE 2013 750ML","BRESCOME","Inventory","2.00"
"15895","99 MANGO 50 ML","EDER BROS","Inventory","0.00"
"15896","99 WATERMELON 50 ML","EDER BROS","Inventory","0.00"
"15897","JOHNNIE WALKER 18YR BLENDED SCOTCH WHISKEY  750ML","BRESCOME","Inventory","2.00"
"15898","DOM PERIGNON CHAMPAGNE VINTAGE 2013 750ML","BRESCOME","Inventory","0.00"
"15899","SUGARLAND BIRTHDAY CAKE SIPPIN CREAM 750ML","SLOCUM & SONS INC","Inventory","2.00"
"15900","MOLETTO GRAPPA DI BARBERA 750ML","EDER BROS","Inventory","0.00"
"15901","NICOLAS SANCERRE LES CHAMPS CLOS WHITE 750ML","OPICI","Inventory","6.00"
"15903","LOS AMANTES ANEJO MEZCAL 750ML","BRESCOME","Inventory","0.00"
"15904","DOMAINE DE CANTON FRENCH GINGER LIQUEUR 1LT","BRESCOME","Inventory","0.00"
"15905","J VINEYARDS PINOT NOIR RUSSIAN RIVER VALLEY 750ML","CDI","Inventory","7.00"
"15906","19 CRIMES REVOLUTIONARY RED BLEND 750ML","EDER BROS","Inventory","0.00"
"15907","TWO JAMES RYE DOG WHITE WHISKEY 750ML","None","Inventory","0.00"
"15908","LAGAVULIN 11 YR OFFERMAN EDITION CARRIBEAN RUM CASK 750ML","BRESCOME","Inventory","1.00"
"15909","CALEDONIA BAR HILL GIN & TONIC 4PK CANS","BRESCOME","Inventory","0.00"
"15910","PETIT SAUVAGE CABERNET RED 750ML","TOUTON MONSIEUR TOUTON SELECTION LTD","Inventory","0.00"
"15911","AGUARIBAY MALBEC EDMOND DE ROTHSCHILD 750ML","TOUTON MONSIEUR TOUTON SELECTION LTD","Inventory","0.00"
"15912","THE FEDERALIST CABERNET SAUVIGNON HAMILTON LODI 750ML","BRESCOME","Inventory","34.00"
"15913","REDWOOD EMPIRE SCREAMING TITAN WHEATED BOURBON WHISKEY 750ML","BRESCOME","Inventory","1.00"
"15914","DOM OTT ROSE COTES DE PROVENCE 750ML","BRESCOME","Inventory","9.00"
"15915","99 ROOT BEER 50 ML","EDER BROS","Inventory","15.00"
"15916","CHENIN BLANC RESERVE DU NAUFRAGET 750ML","TOUTON MONSIEUR TOUTON SELECTION LTD","Inventory","13.00"
"15917","LA MARCA ROSE PROSECCO 187ML 3 PK BOTTLE","CDI","Inventory","13.00"
"15918","MODELO ESPECIAL 6PK BOTTLE","A. GALLO","Inventory","0.00"
"15919","LA MARCA ROSE PROSECCO 187ML 3 PK BOTTLE","CDI","Inventory","-2.00"
"15921","SPIRITLESS KENTUCKY 74 NON ALC BOURBON 700ML","CDI","Inventory","1.00"
"15922","VOLCAN DI MI TIERRA REPOSADO TEQUILA 750ML","BRESCOME","Inventory","0.00"
"15923","VOLCAN DE MI TIERRA BLANCO TEQUILA 750 ML","BRESCOME","Inventory","1.00"
"15924","DOMAINES OTT CHATEAU DE SELLE ROSE 750ML","BRESCOME","Inventory","6.00"
"15925","THE FEDERALIST CABERNET SAUVIGNON HAMILTON LODI 750ML","BRESCOME","Inventory","12.00"
"15926","BOURGOGNE COLIN BAROLLET CHARDONNAY 750ML","TOUTON MONSIEUR TOUTON SELECTION LTD","Inventory","8.00"
"15927","OYSTER BAY ROSE 750ML","EDER BROS","Inventory","0.00"
"15928","LEROUX PEPPERMINT SCHNAPPS 100 PROOF 50ML","CDI","Inventory","-841.00"
"15929","LITCHFIELD MAPLE BOURBON 100ML","EDER BROS","Inventory","7.00"
"15930","ZING ZANG BLOODY MARY MIX  7.5FL OZ CAN","CDI","Inventory","-46.00"
"15931","GRATSI ROSE WINE 3LT BOX","OPICI","Inventory","5.00"
"15932","GRATSI RED WINE 3LT BOX","OPICI","Inventory","3.00"
"15933","GRATSI WHITE WINE 3LT BOX","OPICI","Inventory","0.00"
"15934","FIRESTONE CABERNET SAUVIGNON PASO ROBLES 750ML","BRESCOME","Inventory","5.00"
"15935","INDRI SINGLE MALT INDIAN WHISKEY 750ML","Skurnik Wines Inc. - NY","Inventory","0.00"
"15936","FAMIGLIA CASTELLANI CHIANTI RED 750ML","TOUTON MONSIEUR TOUTON SELECTION LTD","Inventory","10.00"
"15937","MODELO CHELADA LIMON Y SAL 12PK CAN","A. GALLO","Inventory","10.00"
"15938","TWISTED TEA EXTREME LEMON 24OZ CAN","A. GALLO","Inventory","23.00"
"15939","CORONA LIGHT CAN 12PK 12 OZ","A. GALLO","Inventory","0.00"
"15940","JACK DANIELS SINATRA TENNESSEE WHISKEY  1 LT","EDER BROS","Inventory","-1.00"
"15941","FILTHY MARGARITA MIX POUCH 32 OZ","CDI","Inventory","7.00"
"15943","STOCK LIONELLO EXTRA DRY VERMOUTH","BRESCOME","Inventory","-1.00"
"15945","JACK DANIELS SINATRA TENNESSEE WHISKEY  1 LT","EDER BROS","Inventory","2.00"
"15947","LONG DRINK TRADITIONAL CITRUS 12OZ CANS","CDI","Inventory","0.00"
"15948","LONG DRINK TRADITIONAL CITRUS 12OZ CANS","CDI","Inventory","0.00"
"15949","MONTEZUMA WHITE AZTEC SILVER TEQUILA 1LT","EDER BROS","Inventory","0.00"
"15950","HIGH NOON VODKA ICED TEA VARIETY 8PK CANS","CDI","Inventory","2.00"
"15951","JOSH CELLARS HEARTH CABERNET SAUVIGNON 750ML","CDI","Inventory","20.00"
"15952","ON THE ROCKS EFFIN COSMOPOLITAN 750ML","BRESCOME","Inventory","-23.00"
"15953","THE SEXTON SINGLE MALT IRISH WHISKEY 1LT","EDER BROS","Inventory","0.00"
"15954","ARIZONA HARD SWEET TEA 22OZ CAN","A. GALLO","Inventory","0.00"
"15955","MAYSARA ARSHEEN PINOT GRIS 750ML","CDI","Inventory","0.00"
"15956","ON THE ROCKS HORNITOS MARGARITA 375ML","BRESCOME","Inventory","31.00"
"15957","STONE CELLARS CABERNET SAUVIGNON 1.5LT","EDER BROS","Inventory","0.00"
"15958","DANZANTE PROSECCO EXTRA DRY 750ML","BRESCOME","Inventory","0.00"
"15959","THE SEEKER ROSE 750ML","BRESCOME","Inventory","0.00"
"15960","BUSCH LIGHT PEACH 30PK CAN 12OZ","HDI","Inventory","0.00"
"15962","NOZECO PEACH BELLINI FINE SPARKLING ALCOHOL REMOVED 750ML","TOUTON MONSIEUR TOUTON SELECTION LTD","Inventory","0.00"
"15963","NOZECO FINE SPARKLING ROSE NON ALCOHOLIC WINE 750ML","TOUTON MONSIEUR TOUTON SELECTION LTD","Inventory","2.00"
"15964","NOZECO FINE SPARKLING WHITE WINE NON ALCOHOLIC 750ML","TOUTON MONSIEUR TOUTON SELECTION LTD","Inventory","2.00"
"15965","LEROUX POLISH BLACKBERRY BRANDY 1.75LT","CDI","Inventory","-8.00"
"15967","JOHNNIE WALKER BLUE YEAR OF THE DRAGON LTD EDITION 750ML","BRESCOME","Inventory","0.00"
"15968","ELIJAH CRAIG TOASTED BARREL 750ML","MARTIGNETTI ","Inventory","15.00"
"15969","KRAKEN GOLD SPICED RUM 750ML","BRESCOME","Inventory","-1.00"
"15970","HEAVEN HILL 7YR BOURBON BOTTLED IN BOND 750ML","MARTIGNETTI ","Inventory","1.00"
"15971","CANDONI PINOT GRIGIO 1.5 L","MARTIGNETTI ","Inventory","66.00"
"15972","TITOS VODKA 50ML","MARTIGNETTI ","Inventory","240.00"
"15973","THE FEDERALIST CABERNET SAUVIGNON HAMILTON LODI 750ML","BRESCOME","Inventory","-46.00"
"15974","WHITE CLAW GREEN APPLE 6PK CAN","A. GALLO","Inventory","3.00"
"15975","SUN CRUISER CLASSIC ICED TEA VODKA VARIETY 8 PK CAN","A. GALLO","Inventory","8.00"
"15976","BAR DOG CHARDONNAY 750ML","EDER BROS","Inventory","0.00"
"15978","ON THE ROCKS EFFEN COSMOPOLITAN 375ML","BRESCOME","Inventory","-62.00"
"15979","KRAKEN GOLD SPICED RUM 750ML","BRESCOME","Inventory","1.00"
"15980","NEW AMSTERDAM PASSION FRUIT VODKA 50ML","CDI","Inventory","53.00"
"15981","JOSH PROSECCO ROSE 750ML","CDI","Inventory","20.00"
"15982","HAZEL & AXE CHARDONNAY 750ML","TOUTON MONSIEUR TOUTON SELECTION LTD","Inventory","0.00"
"15983","CHATEAU MARTINET SAINT EMILLION GRAND CRU RED BORDEAUX WINE 750ML","TOUTON MONSIEUR TOUTON SELECTION LTD","Inventory","15.00"
"15984","L'ESPRIT DE CHEVALIER PESSAC LEOGNAN RED BORDEAUX 750ML","TOUTON MONSIEUR TOUTON SELECTION LTD","Inventory","2.00"
"15985","CUERPO MOJITO LIQUEUR 700ML","TOUTON MONSIEUR TOUTON SELECTION LTD","Inventory","1.00"
"15986","LANIQUE SPIRIT OF ROSE","TOUTON MONSIEUR TOUTON SELECTION LTD","Inventory","0.00"
"15987","TAP RENTAL","None","Inventory","-1.00"
"15988","ABSOLUT WILD BERRY VODKA 750ML","CDI","Inventory","0.00"
"15989","ARDBEG UIGEADAIL ISLAY SINGLE MALT WHISKEY 750ML","BRESCOME","Inventory","0.00"
"15990","AVIATION GIN DEADPOOL LTD EDITION 750ML","BRESCOME","Inventory","0.00"
"15991","GRAND MARNIER LIQUEUR 200ML","BRESCOME","Inventory","2.00"
"15992","LANGERS ORANGE JUICE 32OZ BOTTLE","A. GALLO","Inventory","16.00"
"15993","CLINE ANCIENT VINE RED BLEND 750ML","SLOCUM & SONS INC","Inventory","0.00"
"15994","CLINE SONOMA COAST CHARDONNAY 750ML","SLOCUM & SONS INC","Inventory","-11.00"
"15995","CLINE SONOMA COAST CHARDONNAY 750ML","SLOCUM & SONS INC","Inventory","12.00"
"15996","CORONA SUNBREW CITRUS CERVEZA 6PK BTLS","A. GALLO","Inventory","0.00"
"15997","G4 BLANCO TEQUILA 80 PROOF 750ML","Winebow, Inc.","Inventory","3.00"
"15998","NEW BELGIUM VOODOO RANGER HARD TEA LEMON 12PK CANS","NORTHEAST","Inventory","0.00"
"15999","WHISTLE PIG CAMP STOCK WHEAT WHISKEY LTD EDITION 750ML","CDI","Inventory","2.00"
"16000","THE LITTLE SHEEP OF FRANCE ROSE 750ML","TOUTON MONSIEUR TOUTON SELECTION LTD","Inventory","0.00"
"16001","HERRERA ESTELI BY DREW ESTATE","None","Inventory","12.00"
"16002","OLIVA SERIE V TORPEDO","None","Inventory","0.00"
"16003","LAST CALL HABANO BY AJ FERNANDEZ","None","Inventory","0.00"
"16005","BARRINGTON HOPLAND PALE LOG","A. GALLO","Inventory","0.00"
"16006","STIRRINGS SIMPLE MARGARITA MIX  750ML","BRESCOME","Inventory","8.00"
"16007","LONG DRINK PEACH 6PK 12OZ","CDI","Inventory","0.00"
"16008","LONG DRINK PEACH 6PK 12OZ","CDI","Inventory","0.00"
"16009","THE BALVENIE 16YRS FRENCH OAK FINISHED IN PINEAU CASKS 750ML","BRESCOME","Inventory","1.00"
"16010","BEZEL CABERNET SAUVIGNON BY CAKEBREAD 750ML","BRESCOME","Inventory","0.00"
"16011","FONSECA TERRA BELLA PORTO RESERVE 750ML","BRESCOME","Inventory","1.00"
"16012","STIRRINGS SIMPLE MARGARITA MIX  750ML","BRESCOME","Inventory","0.00"
"16013","SURFSIDE LEMONADE VODKA VARIETY 8PK CAN","MARTIGNETTI ","Inventory","9.00"
"16014","TALBOTT KALI HART PINOT NOIR 750ML","CDI","Inventory","0.00"
"16016","MONTAGNY 1ER CRU LES BOUCHOTS  COLIN BAROLLET 750ML","TOUTON MONSIEUR TOUTON SELECTION LTD","Inventory","7.00"
"16017","LES CAILLOUX BLANCS MACON VILLAGES CHARDONNAY 750ML","TOUTON MONSIEUR TOUTON SELECTION LTD","Inventory","0.00"
"16018","FETZER ANTHONY'S HILL MERLOT 1.5 LT","BRESCOME","Inventory","0.00"
"16020","BLAZIN PEACHES LEMONADE RTD COCKTAIL 4PK CAN 355ML","SoNo ARTISAN DISTILLERS LLC","Inventory","-22.00"
"16021","OLE SMOKY APPLE PIE 750ML","MARTIGNETTI ","Inventory","0.00"
"16022","DALWHINNIE DISTILLERS EDITION WHISKEY 750ML","BRESCOME","Inventory","2.00"
"16023","CROFT PINK PORTO 750ML","BRESCOME","Inventory","3.00"
"16024","YUENGLING LAGER 1/2 BARREL","A. GALLO","Inventory","0.00"
"16025","ARDRAY BLENDED SCOTCH WHISKEY 700ML","CDI","Inventory","2.00"
"16026","1792 FULL PROOF BOURBON WHISKEY 125PROOF 750M","BRESCOME","Inventory","1.00"
"16027","PENELOPE BOURBON FOUR GRAIN 750ML","BRESCOME","Inventory","1.00"
"16028","MILAM & GREENE BOTTLED IN BOND 100 PROOF BOURBON 750ML","BRESCOME","Inventory","1.00"
"16029","MALIBU RUM PUNCH TETRA PACK 1LT","BRESCOME","Inventory","0.00"
"16030","PENELOPE TOASTED SERIES BARREL FINISH BOURBON 750ML","BRESCOME","Inventory","2.00"
"16031","WIDOW JANE BABY JANE BOURBON 750ML","CDI","Inventory","1.00"
"16032","TRULY BRUNCH VARIETY PACK 12 PK CANS","A. GALLO","Inventory","0.00"
"16033","BUDWEISER 12PK 16 OZ ALUMINIUM BOTTLE","HDI","Inventory","47.00"
"16034","SURFSIDE GREEN TEA & VODKA 4PK CANS","MARTIGNETTI ","Inventory","1.00"
"16035","RUSSELLS RESERVE BOURBON 15YEARS 117.2 PROOF 750ML","BRESCOME","Inventory","0.00"
"16036","MARGAUX BRIO DE CANTENAC BROWN 750ML","TOUTON MONSIEUR TOUTON SELECTION LTD","Inventory","0.00"
"16037","LOUIS LATOUR MARSANNAY RED 750ML","TOUTON MONSIEUR TOUTON SELECTION LTD","Inventory","0.00"
"16038","CHATEAU TOUR DE PEZ RED 750ML","TOUTON MONSIEUR TOUTON SELECTION LTD","Inventory","0.00"
"16039","WOLFFER ESTATE ROSE TABLE WINE 750ML","Winebow, Inc.","Inventory","-12.00"
"16040","CROWN ROYAL BLACKBERRY WHISKEY LIMITED EDITION 750ML","BRESCOME","Inventory","2.00"
"16041","GIESEN SAUVIGNON BLANC VINEYARD SELECTION 750ML","OPICI","Inventory","0.00"
"16042","SURFSIDE ICED TEA & LEMONADE VODKA 4PK 12OZ","MARTIGNETTI ","Inventory","-48.00"
"16043","LEROUX POLISH BLACKBERRY 750ML","CDI","Inventory","-23.00"
"16044","WOLFFER ESTATE ROSE TABLE WINE 750ML","Winebow, Inc.","Inventory","12.00"
"16045","SURFSIDE ICED TEA & LEMONADE VODKA 4PK 12OZ","MARTIGNETTI ","Inventory","48.00"
"16046","FISHER'S ISLAND ORIGINAL LEMONADE RTD 4PK CAN","NORTHEAST","Inventory","6.00"
"16047","FRESCA MIXED VODKA SPRITZ VARIETY 8PK CAN","A. GALLO","Inventory","0.00"
"16048","BUSCH LIGHT PEACH 12PK CANS","HDI","Inventory","0.00"
"16049","BELLINI CIPRIANI RTD COCKTAIL WITH WHITE PEACH PUREE 750ML","BRESCOME","Inventory","9.00"
"16050","MICHELOB ULTRA 25OZ CAN","HDI","Inventory","19.00"
"16051","CARLO ROSSI MERLOT  4 L","CDI","Inventory","0.00"
"16052","1800 BLACK CHERRY MARGARITA 1.75LT","EDER BROS","Inventory","0.00"
"16053","LA PORTE DU CAILLOU SANCERRE ROSE ETIENNE DE LOURY 750ML","TOUTON MONSIEUR TOUTON SELECTION LTD","Inventory","0.00"
"16054","COTE MAS ORANGE WINE 1LT","BRESCOME","Inventory","12.00"
"16055","MAKERS MARK WOODFINISHING SERIES THE HEART RELEASE 750ML","EDER BROS","Inventory","0.00"
"16056","WOODBURY FREEDOM PUNCH FRUITED SOUR 4PK CAN","WOODBURY BREWING","Inventory","0.00"
"16057","THE DALMORE 18YRS HIGHLAND SCOTCH 750ML","CDI","Inventory","1.00"
"16058","CORONA NON ALCOHOLIC BEER 120Z 6PK BOTTLES","A. GALLO","Inventory","5.00"
"16059","BUSCH LIGHT PEACH 12OZ CANS SUITCASE","HDI","Inventory","234.00"
"16060","BUSCH LIGHT PEACH 12OZ CANS SUITCASE","HDI","Inventory","-234.00"
"16061","GIN MARE GIN 750ML","EDER BROS","Inventory","0.00"
"16062","ASHTON HALF CORONA CIGARS","None","Inventory","0.00"
"16063","GERARD BERTRAND COTE DES ROSE 750ML","MARTIGNETTI ","Inventory","0.00"
"16064","LLAMA  MALBEC 750","SLOCUM & SONS INC","Inventory","0.00"
"16065","GORDON'S LONDON DRY GIN 750ML","MARTIGNETTI ","Inventory","2.00"
"16067","COUNTERWEIGHT HEADWAY 1/6 LOG","HDI","Inventory","0.00"
"16068","APEROL SPRITZ RTD 4PK BOTTLE","EDER BROS","Inventory","0.00"
"16069","SHENK'S HOMESTEAD SOUR MASH WHISKEY 91.2 PROOF 750ML","BRESCOME","Inventory","1.00"
"16070","VILLAGES DE FRANCE PIQUEPOULTERRET WHITE 750ML","TOUTON MONSIEUR TOUTON SELECTION LTD","Inventory","0.00"
"16071","SUMMIT PINOT GRIGIO BOX 3LT","EDER BROS","Inventory","0.00"
"16072","SUMMIT CABERNET SAUVIGNON BOX 3LT","EDER BROS","Inventory","-4.00"
"16073","PIRATE WATER BAHAMA MAMA 16OZ CAN","HDI","Inventory","0.00"
"16074","SUMMIT PINOT GRIGIO BOX 3LT","EDER BROS","Inventory","0.00"
"16075","SUMMIT CABERNET SAUVIGNON BOX 3LT","EDER BROS","Inventory","6.00"
"16076","HIGHLAND PARK 15YRS SINGLE MALT WHISKEY 750ML","BRESCOME","Inventory","2.00"
"16077","LITTLE BOOK CHAPTER 8 PATH NOT TAKEN '24 750ML","BRESCOME","Inventory","1.00"
"16078","CHATEAU MARTINET SAINT EMILLION GRAND CRU RED BORDEAUX WINE 750ML","TOUTON MONSIEUR TOUTON SELECTION LTD","Inventory","-15.00"
"16079","LITCHFIELD BLUEBERRY VODKA 100ML","EDER BROS","Inventory","6.00"
"16080","MILLER LITE 1/2 KEG","A. GALLO","Inventory","0.00"
"16081","BEN HOLLADAY SOFT RED WHEAT RICKHOUSE PF 750ML","CDI","Inventory","0.00"
"16082","POCKET NEGRONI 100ML CANS","NORTHEAST","Inventory","0.00"
"16083","BAREFOOT APPLE FRUITSCATO 1.5 LT","CDI","Inventory","2.00"
"16084","WILD HORSE CABERNET SAUVIGNON PASO ROBLES 750ML","CDI","Inventory","0.00"
"16085","MICHAEL DAVID WINERY FREAKSHOW CABERNET SAUVIGNON 4PK CANS","CDI","Inventory","3.00"
"16086","BROKEN SHED VODKA 1.75LT","CDI","Inventory","0.00"
"16087","MICHAEL DAVID WINERY FREAKSHOW CABERNET SAUVIGNON 4PK CANS","CDI","Inventory","0.00"
"16088","LITCHFIELD MANHATTAN RTD COCKTAIL 750ML","EDER BROS","Inventory","3.00"
"16089","AVALINE RED WINE 750ML","Winebow, Inc.","Inventory","0.00"
"16090","1792 SWEET WHEAT 91.2 PROOF 750ML","BRESCOME","Inventory","0.00"
"16091","MERDEDES EGUREN CABERNET SAUVIGNON 750ML","TOUTON MONSIEUR TOUTON SELECTION LTD","Inventory","0.00"
"16092","OLIVA SERIE G FIGURADO","None","Inventory","0.00"
"16093","CROWN ROYAL BLACK CHERRY WHISKEY SOUR COCKTAIL 375ML","BRESCOME","Inventory","0.00"
"16094","CROWN ROYAL BLACK CHERRY WHISKEY SOUR COCKTAIL 750ML","BRESCOME","Inventory","3.00"
"16095","DRAMBUIE LIQUEUR 750ML","CDI","Inventory","0.00"
"16096","HIGHLAND PARK 12 YR 750ML","BRESCOME","Inventory","2.00"
"16097","SELLA & MOSCA CANNONAU SARDEGNA RISERVA 750ML","BRESCOME","Inventory","0.00"
"16098","BAILEYS CINNAMON CHURROS 750ML","MARTIGNETTI ","Inventory","0.00"
"16099","BAILEYS CINNAMON CHUROS 50ML","MARTIGNETTI ","Inventory","0.00"
"16100","BELUGA TRANSATLANTIC RACING VODKA 750ML","MARTIGNETTI ","Inventory","-3.00"
"16101","BELUGA TRANSATLANTIC RACING VODKA 750ML","MARTIGNETTI ","Inventory","3.00"
"16102","21 SEEDS CUCUMBER JALAPENO TEQUILA 750ML","CDI","Inventory","-7.00"
"16103","90+ CELLARS PROSECCO LOT 50 750ML","LATITUDE BEVERAGE COMAPNY","Inventory","19.00"
"16104","GRAND MARNIER LIQUEUR 750ML","BRESCOME","Inventory","12.00"
"16105","LE FAT BASTARD CHARDONNAY 1.5L","Winebow, Inc.","Inventory","12.00"
"16106","REDEMPTION RYE STRAIGHT SUR LEE 750ML","CDI","Inventory","2.00"
"16107","CHIVAS REGAL 18YR 1.75LT","CDI","Inventory","0.00"
"16108","COORS BANQUET 12 OZ 30 PK CAN","A. GALLO","Inventory","4.00"
"16109","L'ESPRIT DE CHEVALIER PESSAC LEOGNAN RED BORDEAUX 750ML","TOUTON MONSIEUR TOUTON SELECTION LTD","Inventory","0.00"
"16110","ANGELS ENVY TRIPLE OAK BOURBON WHISKEY750ML","CDI","Inventory","2.00"
"16111","PLANTERAY  RUM 3 STAR 750ML","MARTIGNETTI ","Inventory","0.00"
"16112","LOUIS LATOUR SANTENAY 1ER CRU LA COMME RED 750ML","TOUTON MONSIEUR TOUTON SELECTION LTD","Inventory","0.00"
"16113","BROTTE COTE ROTIE LES MURETS RED 750ML","TOUTON MONSIEUR TOUTON SELECTION LTD","Inventory","0.00"
"16114","DOZOE ALBARINO WHITE 750ML","TOUTON MONSIEUR TOUTON SELECTION LTD","Inventory","0.00"
"16115","HAMILTON CREEK CABERNET SAUVIGNON NAPA VALLEY 750ML","TOUTON MONSIEUR TOUTON SELECTION LTD","Inventory","0.00"
"16116","OLE SMOKY BANANA WHISKEY 750ML","MARTIGNETTI ","Inventory","0.00"
"16117","BUFFALO TRACE BOURBON 1 L","NORTHEAST","Inventory","0.00"
"16118","2XO OAK SERIES FRENCH OAK BOURBON 750ML","CDI","Inventory","3.00"
"16123","CAZCANES NO 7 BLANCO ORGANIC TEQUILA 80 PF 750ML","Winebow, Inc.","Inventory","4.00"
"16124","CAZCANES NO 7 REPOSADO ORGANIC TEQUILA 80 PF 750ML","Winebow, Inc.","Inventory","3.00"
"16125","LITTLE BOOK THE INFINITE WHISKEY 119.3PF 750ML","BRESCOME","Inventory","0.00"
"16126","ZWACK HUNGARIAN SILVOWITZ PLUM BRANDY 80 PF 750ML","BRESCOME","Inventory","3.00"
"16127","MARK WEST PINOT NOIR 750ML","BRESCOME","Inventory","1.00"
"16128","LICOR 43 CUARENTA Y TRES 62 PROOF 750ML","BRESCOME","Inventory","12.00"
"16129","ZWACK HUNGARIAN SILVOWITZ PLUM BRANDY 80 PF 750ML","BRESCOME","Inventory","0.00"
"16130","SAM ADAMS OCTOBER FEST 12OZ CAN 12PK","A. GALLO","Inventory","0.00"
"16131","PIRATE WATER SEX ON THE BEACH 16OZ CAN","HDI","Inventory","0.00"
"16132","MITCHELLS GREEN SPOT LEOVILLE BARTON IRISH WHISKEY 750ML","EDER BROS","Inventory","0.00"
"16133","SPATEN OKTOBERFEST 6PK BOTTLE 12OZ","A. GALLO","Inventory","0.00"
"16134","MARASKA SLIVOVITZ PLUM BRANDY AGED 10 YR 750ML","ACE DISTRIBUTING","Inventory","6.00"
"16135","MIDNIGHT MOONSHAKE HOLIDAY NOG 50ML","CDI","Inventory","12.00"
"16136","VIKING BLOD DANSK MJOD MEAD 750ML","NORTHEAST","Inventory","1.00"
"16137","REDWOOD EMPIRE VAN DUZEN RYE 750ML","BRESCOME","Inventory","1.00"
"16138","JACK DANIEL'S GENTLEMAN JACK 200ML","EDER BROS","Inventory","2.00"
"16139","GLENMORANGIE NECTAR D'OR SINGLE MALT SCOTCH WHISKEY 750ML","BRESCOME","Inventory","1.00"
"16140","ANGELS ENVY KENTUCKY BOURBON & RYE DUO PACK","CDI","Inventory","1.00"
"16141","LEROUX POLISH BLACKBERRY  BRANDY 200ML","CDI","Inventory","-7.00"
"16142","JIM BEAM APPLE 750ML","BRESCOME","Inventory","1.00"
"16143","W.L. WELLER FULL PROOF BOURBON 750ML","NORTHEAST","Inventory","1.00"
"16144","CUTWATER ESPRESSO MARTINI 12OZ 4PK CAN","NORTHEAST","Inventory","12.00"
"16145","RUM CHATA PUMPKIN SPICE 750ML","CDI","Inventory","0.00"
"16147","GIESEN NON ALCOHOLIC SAUVIGNON BLANC 750ML","OPICI","Inventory","0.00"
"16148","GIESEN NON ALCOHOLIC PREMIUM RED WINE 750ML","OPICI","Inventory","0.00"
"16149","GIESEN NON ALCOHOLIC PINOT GRIGIO 750ML","OPICI","Inventory","0.00"
"16150","KONTEKI PEARLS OF SIMPLICITY JUNMAI DAIGINJO SAKE 720ML","BRESCOME","Inventory","0.00"
"16151","HUDSON NY BRIGHT LIGHTS, BIG BOURBON 750ML","BRESCOME","Inventory","0.00"
"16152","KNOB CREEK BOURBON X RYE BLEND 750ML","BRESCOME","Inventory","2.00"
"16153","MIDNIGHT MOONSHAKE CHOCOLATE BROWNIE 50ML","CDI","Inventory","0.00"
"16154","MIDNIGHT MOONSHAKE COOKIE & CREAM 50ML","CDI","Inventory","1.00"
"16155","FRONTERA CARMENERE 1.5 LT","BRESCOME","Inventory","9.00"
"16156","ON THE ROCKS EFFEN ESPRESSO MARTINI 750ML","BRESCOME","Inventory","3.00"
"16157","19 CRIMES FRANKENSTEIN CAB SAUV 750ML","EDER BROS","Inventory","0.00"
"16158","BURNETTS MANGO VODKA 750ML","MARTIGNETTI ","Inventory","0.00"
"16159","BURNETTS CITRUS VODKA 750ML","MARTIGNETTI ","Inventory","0.00"
"16160","THREE OLIVES TRPLE SHOT ESPRES  750ML","BRESCOME","Inventory","1.00"
"16161","TWO ROADS LIL HEAVEN 19.2OZ CAN","A. GALLO","Inventory","0.00"
"16162","BUFFALO TRACE BOURBON CREAM 750ML","NORTHEAST","Inventory","8.00"
"16163","BOEN PINOT NOIR TRI COUNTY 750ML","CDI","Inventory","11.00"
"16164","ELOUAN PINOT NOIR 750ML","CDI","Inventory","14.00"
"16165","JOSH RESERVE PINOT NOIR SANTA BARBARA COUNTY 750ML","CDI","Inventory","0.00"
"16166","LEROUX POLISH BLACKBERRY 750ML","CDI","Inventory","0.00"
"16167","KAHLUA CHOCOLATE SIPS COFFEE & CHOCOLATE LIQUEUR 750ML","CDI","Inventory","3.00"
"16168","KAHLUA CHOCOLATE SIPE COFFEE & WHITE CHOCOLATE LIQUEUR 750ML","CDI","Inventory","1.00"
"16169","ORIN SWIFT 8YRS IN THE DESERT RED WINE 750ML","CDI","Inventory","2.00"
"16170","BAKERS SINGLE BARREL 7 YRS HIGH RYE BOURBON LTD RELEASE 107 PROOF 750ML","CDI","Inventory","2.00"
"16171","JIM BEAM WINTER RESERVE BOURBON WHISKEY 750ML","CDI","Inventory","2.00"
"16172","JOHNNIE WALKER BLUE YEAR OF THE SNAKE 750ML","BRESCOME","Inventory","0.00"
"16173","GLENDALOUGH DOUBLE BARREL IRISH WHISKEY 750ML","EDER BROS","Inventory","1.00"
"16174","BOOKERS BOURBON 2024-03 MASTER DISTILLERS BATCH 130.3 PROOF","CDI","Inventory","0.00"
"16175","LAPHROAIG ELEMENTS 2.0 SCOTCH LIMITED RELEASE 700ML","BRESCOME","Inventory","1.00"
"16176","KNOB CREEK 18 YRS BOURBON LIMITED EDITION 750ML","BRESCOME","Inventory","0.00"
"16177","HARVEYS SOLERA SHERRY BRISTOL CREAM 1.5LT","BRESCOME","Inventory","1.00"
"16178","REISSDORF KOLSCH GERMAN ALE 4PK CANS","NORTHEAST","Inventory","0.00"
"16179","VON TRAPP PILSNER BOHEMIA STYLE LAGER 12OZ CAN","NORTHEAST","Inventory","60.00"
"16180","VON TRAPP PILSNER BOHEMIA STYLE LAGER 12OZ CAN","NORTHEAST","Inventory","-60.00"
"16181","W.L. WELLER C.Y.P.B WHEATED BOURBON 750ML","NORTHEAST","Inventory","0.00"
"16182","KNOB CREEK 18 YRS BOURBON LIMITED EDITION 750ML","BRESCOME","Inventory","1.00"
"16183","WHISTLE PIG RYE AGED 6YRS STAKE F1 LIMITED EDITION 750ML","CDI","Inventory","3.00"
"16184","GOOSE ISLAND TROPICAL BEER HUG IPA 19.2OZ","HDI","Inventory","15.00"
"16185","LIBERTY CREEK CABERNET SAUVIGNON TETRA 500ML","CDI","Inventory","0.00"
"16186","GLENMORANGIE QUINTA RUBAN PORT 14YRS SINGLE MALT SCOTCH WHISKEY 750ML","HP","Inventory","0.00"
"16187","JACK DANIELS BLACK LABEL 50 ML","EDER BROS","Inventory","120.00"
"16188","STORMALONG HAPPY HOLIDAY SPIDER CIDER 16OZ 4PK CAN","HDI","Inventory","0.00"
"16189","DELORD BAS ARMAGNAC XO 750ML","BRESCOME","Inventory","2.00"
"16190","WILLETT WHEATED  8YR STRAIGHT BOURBON 750ML","OPICI","Inventory","0.00"
"16191","LOUIS LATOUR CHARDONNAY VIOGNIER DUET 750ML","TOUTON MONSIEUR TOUTON SELECTION LTD","Inventory","0.00"
"16192","DELORD BAS ARMAGNAC XO 750ML","BRESCOME","Inventory","1.00"
"16193","ESPANITA DOUBLE BARREL REPOSADO TEQUILA 750ML","NORTHEAST","Inventory","1.00"
"16194","CHIVAS REGAL 12YRS 1L","CDI","Inventory","0.00"
"16195","CUTWATER LEMON DROP MARTINI RTD 4PK 12OZ","NORTHEAST","Inventory","5.00"
"16196","JOHNNIE WALKER BLACK 1.0L","BRESCOME","Inventory","0.00"
"16197","GLENLIVET 12 YEAR 1.0L","BRESCOME","Inventory","0.00"
"16198","GLENLIVET 12 YEAR 1.0L","BRESCOME","Inventory","0.00"
"16199","CLIO BODEGAS EL NIDO JUMILLA 750ML","OPICI","Inventory","5.00"
"16200","DIPLOMATICO RESERVA EXCLUSIVA RUM 750ML","EDER BROS","Inventory","-2.00"
"16201","1792 SINGLE BARREL 750ML","BRESCOME","Inventory","0.00"
"16202","EVAN WILLIAMS SINGLE BARREL 750ML","MARTIGNETTI ","Inventory","0.00"
"16203","ELIJAH CRAIG 18YR 750ML","MARTIGNETTI ","Inventory","0.00"
"16204","REDWOOD EMPIRE HAYSTACK NEEDLE STRAIGHT BOURBON 750ML","BRESCOME","Inventory","1.00"
"16205","LITCHFIELD CASK STRENGTH STRAIGHT BOURBON WHISKEY 750ML","SLOCUM & SONS INC","Inventory","0.00"
"16206","OLD ELK CIGAR CUT PUNCH CUT WHISKEY 750ML","SLOCUM & SONS INC","Inventory","2.00"
"16207","CREDIT","NORTHEAST","Inventory","-2.00"
"16208","WOODFORD RESERVE RYE 750ML","EDER BROS","Inventory","0.00"
"16209","DOMAINE DE LA COLLINE CHINON RED 750ML","TOUTON MONSIEUR TOUTON SELECTION LTD","Inventory","7.00"
"16210","DON JULIO 1942 TEQUILA 50ML","BRESCOME","Inventory","-3.00"
"16211","GREY GOOSE  VODKA 1.75L","BRESCOME","Inventory","16.00"
"16212","WOODFORD RESERVE MASTERS COLLECTION MADEIRA CASK FINISH 750ML","EDER BROS","Inventory","1.00"
"16213","THE GLENDRONACH 18YRS SHERRY CASK MATURED SINGLE MALT WHISKEY 750ML","EDER BROS","Inventory","0.00"
"16214","TANQUERAY 50ML","EDER BROS","Inventory","0.00"
"16215","DON JULIO 1942 TEQUILA 50ML","BRESCOME","Inventory","10.00"
"16216","BOULARD CALVADOS PAYS D'AUGE VSOP  750ML","BRESCOME","Inventory","2.00"
"16218","GAIERHOF PINOT NOIR TRENTINO DOP 750ML","MARTIGNETTI ","Inventory","0.00"
"16219","LOUIS LATOUR MARSANNAY RED 750ML","TOUTON MONSIEUR TOUTON SELECTION LTD","Inventory","-17.00"
"16220","CLOT DE PILA LA PERLA COTES DU ROUSSILLON RED 750ML","TOUTON MONSIEUR TOUTON SELECTION LTD","Inventory","4.00"
"16221","FISHER'S ISLAND OG VARIETY LEMONADE RTD 8PK","A. GALLO","Inventory","0.00"
"16222","LOUIS LATOUR MARSANNAY RED 750ML","TOUTON MONSIEUR TOUTON SELECTION LTD","Inventory","18.00"
"16223","LIQUID LIGHT BRUT 750ML","EDER BROS","Inventory","5.00"
"16224","LITCHFIELD FOUNDER'S RESERVE 7YRS BOURBON 750ML","SLOCUM & SONS INC","Inventory","0.00"
"16225","LITCHFIELD CREME DE MAPLE BOURBON 750ML","EDER BROS","Inventory","0.00"
"16226","BROADSIDE CABERNET SAUVIGNON 750ML","SLOCUM & SONS INC","Inventory","0.00"
"16227","COCA COLA 16.9OZ BOTTLE (500ML)","None","Inventory","25.00"
"16228","E&J BRANDY XO 1.75L","CDI","Inventory","1.00"
"16229","BOTA BOX NIGHTHAWK GOLD CHARDONNAY 3L","None","Inventory","0.00"
"16230","SURFSIDE STRAWBERRY LEMONADE VODKA 4PK CANS","MARTIGNETTI ","Inventory","16.00"
"16231","ADICTIVO ANEJO TEQUILA 750ML","NORTHEAST","Inventory","0.00"
"16232","NEW BELGIUM FAT TIRE 6PK 12 OZ","NORTHEAST","Inventory","2.00"
"16233","APPLE & EVE 100% APPLE JUICE 10OZ BOTTLE","None","Inventory","0.00"
"16234","PEPSI 16.9OZ BOTTLE (500ML)","None","Inventory","9.00"
"16235","GATORADE COOL BLUE 20 OZ","None","Inventory","0.00"
"16236","GATORADE FRUIT PUNCH 20 OZ","None","Inventory","0.00"
"16237","GATORADE LEMON LIME 20 OZ","None","Inventory","0.00"
"16238","ESPOLON BLANCO TEQUILA 1.75LT","MARTIGNETTI ","Inventory","6.00"
"16239","SAM ADAMS COLD SNAP 12PK CANS","A. GALLO","Inventory","0.00"
"16240","PENELOPE WHEATED BOURBON WHISKEY 750ML","BRESCOME","Inventory","2.00"
"16241","JAMESON IRISH WHISKY 50 ML","NORTHEAST","Inventory","120.00"
"16243","PATRON TEQUILA REPOSADO WITH 2 ROCK GLASS 750ML","CDI","Inventory","1.00"
"16244","DISARONNO AMARETTO 200ML","CDI","Inventory","8.00"
"16245","REBEL HARD MOCHA LATTE 11 OZ 4 PK CAN","HDI","Inventory","3.00"
"16246","BUD LIGHT SELTZER VARIETY PK 12 OZ 12 PK CAN","HDI","Inventory","0.00"
"16247","NUTRL CRANBERRY VODKA SELTZER 120Z 4PK CAN","HDI","Inventory","0.00"
"16248","NUTRL VODKA SELTZER ORANGE 12OZ 4PK","HDI","Inventory","0.00"
"16249","CHATEAU HAUT FLORIN BORDEAUX RED 750ML","TOUTON MONSIEUR TOUTON SELECTION LTD","Inventory","0.00"
"16250","JAMESON TRIPLE DISTILLED 18 YRS IRISH WHISKEY 750ML","EDER BROS","Inventory","2.00"
"16251","STONE CELLARS PINOT NOIR 1.5LT","EDER BROS","Inventory","6.00"
"16252","CHOPIN FAMILY RESERVE VODKA 750ML","SLOCUM & SONS INC","Inventory","0.00"
"16253","TOMMASI VALPOLICELLA RIPASSO SUPERIORE 750ML","BRESCOME","Inventory","0.00"
"16254","LITCHFIELD COFFEE BOURBON 750ML","SLOCUM & SONS INC","Inventory","0.00"
"16255","CANADA DRY 2L","None","Inventory","0.00"
"16256","TWO ROADS ROAD 2 RUIN DOUBLE IPA 12PK CANS","A. GALLO","Inventory","9.00"
"16257","LOUIS ROEDERER REIMS CRISTAL BRUT 750ML","BRESCOME","Inventory","1.00"
"16258","PLANTERAY ORIGINAL DARK RUM 750ML","MARTIGNETTI ","Inventory","1.00"
"16259","LITCHFIELD CINNAMON BOURBON 750ML","EDER BROS","Inventory","1.00"
"16260","WRAY NEPHEW OVERPROOF 126 9 200ML","BRESCOME","Inventory","0.00"
"16261","WRAY NEPHEW OVERPROOF 126 9 1LTR","BRESCOME","Inventory","0.00"
"16262","WRAY NEPHEW OVERPROOF 126 9 375ML","BRESCOME","Inventory","0.00"
"16263","WRAY & NEWPHEW WHITE RUM 750ML","BRESCOME","Inventory","2.00"
"16264","HIGH NOON VODKA PEACH ICED TEA 4PK CANS","CDI","Inventory","3.00"
"16265","HIGH NOON ORIGINAL VODKA ICED TEA 4PK CANS","CDI","Inventory","3.00"
"16266","HIGH NOON VODKA PEACH ICED TEA 4PK CANS","CDI","Inventory","6.00"
"16267","HIGH NOON ORIGINAL VODKA ICED TEA 4PK CANS","CDI","Inventory","6.00"
"16268","MONKEY BAY SAUVIGNON BLANC 1.5L","BRESCOME","Inventory","-20.00"
"16269","JOSE CUERVO DEVILS RESERVE TEQUILA 750ML","MARTIGNETTI ","Inventory","0.00"
"16270","VILLA FASSINI SANGIOVESE CABERNET RED 750ML","TOUTON MONSIEUR TOUTON SELECTION LTD","Inventory","-9.00"
"16271","NOZECO MIMOSA FINE SPARKLING REMOVED WINE 750ML","TOUTON MONSIEUR TOUTON SELECTION LTD","Inventory","3.00"
"16272","COCA COLA 12 OZ CANS","UNKNOWN","Inventory","0.00"
"16273","EL BUHO MEZCAL ARTESANAL TEQUILLA 375ML","EDER BROS","Inventory","2.00"
"16274","JACK DANIELS FIRE 50 ML","EDER BROS","Inventory","4.00"
"16275","SEAGLASS RIESLING 750ML","CDI","Inventory","11.00"
"16276","ROCKY PATEL GOLD MADURO","None","Inventory","0.00"
"16277","LAST CALL MADURO BY AJ FERNANDEZ","None","Inventory","0.00"
"16278","VILLA FASSINI SANGIOVESE CABERNET RED 750ML","TOUTON MONSIEUR TOUTON SELECTION LTD","Inventory","9.00"
"16279","SAM ADAMS JUICY IPA 1/8LOG","A. GALLO","Inventory","0.00"
"16280","NEBCO SEA HAG 1/8 LOG","A. GALLO","Inventory","0.00"
"16281","ST. GEORGE GREEN CHILE VODKA 750ML","BRESCOME","Inventory","0.00"
"16282","JAMESON TRIPLE TRIPLE WHISKEY 750ML","NORTHEAST","Inventory","1.00"
"16283","COPPER 29 VODKA 1.75LT","NORTHEAST","Inventory","9.00"
"16284","COOPER & THIEF RED WINE 750ML","EDER BROS","Inventory","-10.00"
"16285","TRINIDAD ESPIRITU SERIES NO3","None","Inventory","3.00"
"16286","ROCKY PATEL THE EDGE MADURO BATTALION 6X60","None","Inventory","22.00"
"16287","STOLICHNAYA SPICY HOT JALAPENO FLAVORED VODKA 1LT","BRESCOME","Inventory","-1.00"
"16288","LITCHFIELD BOURBON PORT CASK FINISH 750ML","SLOCUM & SONS INC","Inventory","1.00"
"16289","TRAVELLER WHISKEY 50ML","NORTHEAST","Inventory","103.00"
"16290","STOLICHNAYA SPICY HOT JALAPENO FLAVORED VODKA 1LT","BRESCOME","Inventory","1.00"
"16291","GATORADE FRUIT PUNCH 20 OZ","None","Inventory","12.00"
"16292","GATORADE LEMON LIME 20 OZ","None","Inventory","15.00"
"16293","CAZCANES NO 10 BLANCO STILL STRENGTH ORGANIC TEQUILA 750ML","Winebow, Inc.","Inventory","1.00"
"16294","LUXARDO MARASCHINO LIQUEUR 750ML","SLOCUM & SONS INC","Inventory","1.00"
"16295","LOKI YUZU DREAM THC SELTZER 3MG 4PK CANS","BRESCOME","Inventory","0.00"
"16296","HORSE SOLDIER STRAIGHT BOURBON 750ML","CDI","Inventory","0.00"
"16297","HORSE SOLDIER SMALL BATCH BOURBON 750ML","CDI","Inventory","0.00"
"16298","AYRLOOM HONEY CRISP 3MG THC 3MG CBD SELTZER 4PK CAN","NORTHEAST","Inventory","8.00"
"16299","WILLM PINOT NOIR RESERVE 750ML","TOUTON MONSIEUR TOUTON SELECTION LTD","Inventory","0.00"
"16300","SMIRNOFF CHERRY VODKA 50ML","EDER BROS","Inventory","120.00"
"16301","BACKEAST DOUBLE SCOOP 4PK CAN","HDI","Inventory","0.00"
"16302","PERONI 12PK BOTTLES 12 OZ","A. GALLO","Inventory","2.00"
"16303","REDEMPTION BOURBON 9YR BARREL PROOF 750ML","CDI","Inventory","1.00"
"16304","J VINEYARDS CHARDONNAY 750ML","CDI","Inventory","9.00"
"16305","MASSERIA LI VELI PASSAMANTE SALENTINO ROSSO 750ML","SLOCUM & SONS INC","Inventory","17.00"
"16306","OLD FORESTER 1924 10YR OLD BOURBON 750ML","EDER BROS","Inventory","1.00"
"16307","WOODFORD RESERVE DOUBLE DOUBLE OAKED BOURBON 750ML","EDER BROS","Inventory","1.00"
"16308","JOSE CUERVO SILVER TEQUILA 750ML","EDER BROS","Inventory","0.00"
"16309","JOSE CUERVO SILVER TEQUILA 750ML","EDER BROS","Inventory","24.00"
"16310","WHISTLE PIG 10YR SNOUT TO TAIL BOURBON 750ML","CDI","Inventory","2.00"
"16311","HIGH NOON COCKTAIL DAY PACK 8PACK CAN","CDI","Inventory","5.00"
"16312","HIGH NOON COCKTAIL BEACH PACK 12PK CAN","CDI","Inventory","6.00"
"16313","DEWAR'S WHITE LABEL 50 ML","BRESCOME","Inventory","120.00"
"16314","CRIOS TORRONTES WHITE 750ML","TOUTON MONSIEUR TOUTON SELECTION LTD","Inventory","3.00"
"16315","CRIOS MALBEC RED 750ML","TOUTON MONSIEUR TOUTON SELECTION LTD","Inventory","3.00"
"16316","LILLET ROSE 750ML","MARTIGNETTI ","Inventory","0.00"
"16317","SANTA MARINA RED TOSCANA IGT 1.5LT","BRESCOME","Inventory","5.00"
"16318","WOODFORD RESERVE BOURBON 1.75L","EDER BROS","Inventory","6.00"
"16319","JIM BEAM BALCK AGED 7YRS 375ML","CDI","Inventory","0.00"
"16320","ANTIGAL UNO CABERNET SAUVIGNON 750ML","BRESCOME","Inventory","1.00"
"16321","ESTRELLA RIVER PINOT GRIGIO 1.5LT","MARTIGNETTI ","Inventory","2.00"
"16322","BOTA MINI BREEZE CHARDONNAY 500ML","MARTIGNETTI ","Inventory","0.00"
"16323","ANTIGAL UNO MALBEC 750ML","BRESCOME","Inventory","0.00"
"16324","FLYING EMBERS PINEAPPLE CHILI 12OZ 6PK","NORTHEAST","Inventory","0.00"
"16325","BLACK VELVET CANADIAN WHISKEY 80 PROOF 1.75L","EDER BROS","Inventory","60.00"
"16326","METAXA OUZO 700ML","BRESCOME","Inventory","1.00"
"16327","PENELOPE HAVANA MAPLE SYRUP & RUM DBL CASK FINISH BOURBON 750ML","BRESCOME","Inventory","1.00"
"16328","SAM ADAMS BOSTON LAGER 6PK 12OZ BOTTLE","A. GALLO","Inventory","0.00"
"16329","MICHELOB ULTRA ZERO NON ALC BEER 6PK BOTTLE","HDI","Inventory","2.00"
"16330","MUZE RASPBERRY LIME 3MG THC 15MG CBG INFUSED SELTZER 4PK CANS","HDI","Inventory","0.00"
"16331","MUZE BLACKCHERRY 3MG THC 3MG CBG THC SELTZER PK CANS","HDI","Inventory","0.00"
"16332","SUMMARY LEVEL ADJUSTMENTS (THC CAN FEE)","HDI","Inventory","5.00"
"16334","AVIATION AMERICAN GIN","BRESCOME","Inventory","1.00"
"16335","LITCHFIELD BATCHERS RYE WHISKEY FINISHED IN SAUTERNES CASK 750ML","SLOCUM & SONS INC","Inventory","0.00"
"16336","ALMA DEL JAGUAR BLANCO TEQUILA 750ML","SLOCUM & SONS INC","Inventory","1.00"
"16337","HERRADURA SILVER TEQUILA  1LTR","EDER BROS","Inventory","3.00"
"16338","PRESS SIGNATURE SELTZER VARIETY 12PK CANS","A. GALLO","Inventory","0.00"
"16339","WHITE CLAW PEACH 6PK CANS","A. GALLO","Inventory","0.00"
"16340","SMIRNOFF BLUEBERRY VODKA 50ML","EDER BROS","Inventory","240.00"
"16341","GATORADE COOL BLUE 20 OZ","None","Inventory","21.00"
"16342","SMIRNOFF ROOT BEER 100 PROOF 50ML","EDER BROS","Inventory","1080.00"
"16343","ABSOLUT COCKTAIL ESPRESSO MARTINI RTD 750ML","CDI","Inventory","2.00"
"16344","ABSOLUT COCKTAIL COSMOPOLITAN RTD 750ML","CDI","Inventory","2.00"
"16345","BLACK BOX MERLOT 500ML","CDI","Inventory","14.00"
"16346","FRANCIS COPPOLA DIAMOND WHITE SHIMMER 750ML","CDI","Inventory","8.00"
"16347","GUINNESS DRAUGHT STOUT BOTTLE 12PK 12 OZ","A. GALLO","Inventory","0.00"
"16348","SMITHWICK'S IRISH RED ALE 4K 14OZ CANS","A. GALLO","Inventory","6.00"
"16349","GREY GOOSE VODKA 50ML","BRESCOME","Inventory","-51.00"
"16350","RUMPLE MINZE 200ML","MARTIGNETTI ","Inventory","-5.00"
"16351","DEEP EDDY PINEAPPLE VODKA 50ML","EDER BROS","Inventory","0.00"
"16352","GHOST SPICY BLANCO TEQUILA 750ML","CDI","Inventory","2.00"
"16353","GHOST SPICY BLANCO TEQUILA 750ML","CDI","Inventory","0.00"
"16355","WILLETT 7 YRS RYE BARREL SELECT #2609-CT 750ML","OPICI","Inventory","1.00"
"16356","WILLETT 11 YRS STRAIGHT BOURBON BARREL SELECT#3822-CT 750ML","OPICI","Inventory","1.00"
"16357","HIGH RISE BLUEBERRY 3MG THC SELTZER 4PK CANS","BRESCOME","Inventory","0.00"
"16358","OYSTER BAY CHARDONNAY 750ML","EDER BROS","Inventory","0.00"
"16359","BUSCH LIGHT  BOTTLE 2/12 120Z","HDI","Inventory","0.00"
"16360","BOMBERGER'S DECLARATION PFG BOURBON 100.2 PROOF 750ML","BRESCOME","Inventory","0.00"
"16361","HERRADURA REPOSADO TEQUILA 1LTR","EDER BROS","Inventory","3.00"
"16362","THE LITTLE PENGUIN SHIRAZ 1.5 L","CDI","Inventory","0.00"
"16363","BOOKERS BOURBON 2024-04 JIMMYS BATCH 125.8 PROOF 750ML","BRESCOME","Inventory","2.00"
"16364","BOOKERS BOURBON 2025-01 BARRYS BATCH 125.7 PROOF 750ML","CDI","Inventory","0.00"
"16365","BAILEYS CHOCOLATE 50ML","MARTIGNETTI ","Inventory","-161.00"
"16366","BAILEYS CHOCOLATE 50ML","MARTIGNETTI ","Inventory","240.00"
"16367","CHATEAU LA FREYNELLE CLARET RED 750ML","TOUTON MONSIEUR TOUTON SELECTION LTD","Inventory","11.00"
"16368","PALLINI LIMONCELLO LIQUEUR 50ML","MARTIGNETTI ","Inventory","48.00"
"16369","NIKKA COFFEY JAPANESE VODKA  750ML","EDER BROS","Inventory","-7.00"
"16370","DEWAR'S 125TH US OPEN CHAMPIONS EDITION 19 YRS BLENDED SCOTCH","BRESCOME","Inventory","-5.00"
"16371","PENELOPE ARCHITECT BOURBON 104PROOF 750ML","BRESCOME","Inventory","1.00"
"16372","HIGH WEST CASK COLLECTION FINISHED IN OLOROSO SHERRY BARREL 750ML","CDI","Inventory","2.00"
"16373","TWO ROADS NON ALC TWO JUICY IPA 6PK CANS","A. GALLO","Inventory","2.00"
"16374","TRULY UNRULY LEMONADE VARIETY 12 PACK CAN","A. GALLO","Inventory","2.00"
"16375","HIGH WEST DOUBLE RYE WHISKEY 750ML","CDI","Inventory","1.00"
"16376","BUD LIGHT 16 OZ 6PK CAN","HDI","Inventory","4.00"
"16377","BAREFOOT BUTTERY CHARD 3LT BOX","CDI","Inventory","5.00"
"16378","SANTA MARINA CABERNET SAUVIGNON 1.5LT","BRESCOME","Inventory","1.00"
"16379","GROISS GRUNER VELTLINER 1LTR","SLOCUM & SONS INC","Inventory","-11.00"
"16380","PENELOPE RIO DOUBLE CASK FINISH BOURBON 750ML","BRESCOME","Inventory","1.00"
"16381","PENELOPE PEACH OLD FASHIONED COCKTAIL 750ML","BRESCOME","Inventory","2.00"
"16382","JIM BEAM PINEAPPLE 50ML","BRESCOME","Inventory","100.00"
"16383","THE BARKER ESPRESSO MARTINI 700ML","EDER BROS","Inventory","3.00"
"16384","THE BARKER ESPRESSO MARTINI 375ML","EDER BROS","Inventory","2.00"
"16385","GROISS GRUNER VELTLINER 1LTR","SLOCUM & SONS INC","Inventory","12.00"
"16386","SUN CRUISER LEMONADE VODKA VARIETY 8PK CANS","A. GALLO","Inventory","8.00"
"16387","R JELINEK 10YR PLUM BRANDY 700ML","None","Inventory","0.00"
"16388","SONOMA CUTRER SAUVIGNON BLANC 750ML","EDER BROS","Inventory","3.00"
"16389","SURFSIDE ICED TEA & VODKA 4PK CANS","MARTIGNETTI ","Inventory","-18.00"
"16390","ATHLETIC BREWING FREE WAVE NON ALC BEER 6PK 12OZ","A. GALLO","Inventory","5.00"
"16391","OHHO RED CHERRY & LIME SELTZER 3MG THC 5MG CBD 5MG CBG 4PK CANS","CDI","Inventory","180.00"
"16392","OHHO PINK GRAPEFRUIT & ELDER FLOWER SELTZER 3MG THC 5MG CBD 5MG CBG 4PK CANS","CDI","Inventory","31.00"
"16393","OHHO BLOOD ORANGE & POMEGRANATE SELTZER 3MG THC 5MG CBD 5MG CBG 4PK CANS","CDI","Inventory","68.00"
"16394","OBAN SINGLE MALT CASK STRENGTH 110.6PF 15YEAR WHISKEY 750ML","BRESCOME","Inventory","0.00"
"16395","GOSLINGS GINGER BEER DIET 12OZ 6 PK CANS","BRESCOME","Inventory","-5.00"
"16396","HIGH NOON TEQUILA SELTZER LIME 4PK CANS","CDI","Inventory","1.00"
"16397","HIGH NOON TEQUILA SELTZER LIME 4PK CANS","CDI","Inventory","6.00"
"16398","WOODFORD RESERVE 50 ML","EDER BROS","Inventory","144.00"
"16399","MODELO ORO LIGHT BEER 12PK BTLS","A. GALLO","Inventory","1.00"
"16400","BUFFALO TRACE BOURBON CREAM 50ML","NORTHEAST","Inventory","16.00"
"16401","BUDWEISER 12PK 16 OZ ALUMINIUM BOTTLE","HDI","Inventory","-18.00"
"16402","SUN CRUISER HALF & HALF 8PK CANS","A. GALLO","Inventory","7.00"
"16403","BADSONS GREAT DAY IPA 12OZ CANS","NORTHEAST","Inventory","-12.00"
"16404","BADSONS GREAT DAY IPA 12OZ CANS","NORTHEAST","Inventory","12.00"
"16405","MR BOSTON LIGHT RUM 1LT","BRESCOME","Inventory","0.00"
"16406","ROCCA GIOVANNI NEBBIOLO D ALBA RED 750ML","TOUTON MONSIEUR TOUTON SELECTION LTD","Inventory","-59.00"
"16407","ROCCA GIOVANNI NEBBIOLO D ALBA RED 750ML","TOUTON MONSIEUR TOUTON SELECTION LTD","Inventory","60.00"
"16408","BUZZBALLZ BERRY CHERRY LIMEADE CHILLER 187ML","MARTIGNETTI ","Inventory","22.00"
"16409","MINUS 196 VODKA SELTZER RTD VARIETY PACK 8PK CAN","BRESCOME","Inventory","-9.00"
"16410","MINUS 196 STRAWBERRY VODKA RTD 4PK 12OZ","BRESCOME","Inventory","0.00"
"16411","SELECT ZERO PROOF WATERMELON THC SELTZER 2.5MG 4PK CANS","SARENE CRAFT BEER","Inventory","0.00"
"16412","SELECT ZERO PROOF GRAPE FRUIT THC SELTZER 2.5MG 4PK CANS","SARENE CRAFT BEER","Inventory","0.00"
"16413","GROOV CITRUS D9 THC SELTZER 3MG 4PK CANS","SARENE CRAFT BEER","Inventory","0.00"
"16414","BEERD DOGS & BOATS DOUBLE IPA 16OZ 4PK CANS","SARENE CRAFT BEER","Inventory","1.00"
"16415","WHITE CLAW SURGE BLOOD ORANGE 19.2OZ CAN","A. GALLO","Inventory","10.00"
"16416","NOT YOUR FATHER ROOT BEER 6 PK BOTTLE","NORTHEAST","Inventory","0.00"
"16417","HAPPY DAD HARD SELTZER VARIETY 12 PACK CANS","NORTHEAST","Inventory","3.00"
"16418","YUKON JACK 100 PROOF 50 ML","BRESCOME","Inventory","0.00"
"16419","ALTOVINUM EVODIA GARNACHA 750ML","Winebow, Inc.","Inventory","0.00"
"16420","ALTOVINUM EVODIA GARNACHA 750ML","Winebow, Inc.","Inventory","12.00"
"16421","ALVARIUM PHRESH IPA 16OZ 4PK CANS","SARENE CRAFT BEER","Inventory","12.00"
"16422","JEFFERSON RESERVE CASK STRENGTH BOURBON LIMITED EDITION 750ML","MARTIGNETTI ","Inventory","0.00"
"16423","PENELOPE BARRELL STRENGTH BOURBON 114 PROOF 750ML","BRESCOME","Inventory","1.00"
"16424","CANN LEMON LAVENDER SELTZER 3MG THC 6MG CBD 4PK CANS","SARENE CRAFT BEER","Inventory","0.00"
"16425","CANN BLOOD ORANGE CARDAMOM SELTZER 3MG THC 6MG CBD 4PK CANS","SARENE CRAFT BEER","Inventory","8.00"
"16426","GROOV MIXED BERRY D9 THC SELTZER 3MG 4PK CANS","SARENE CRAFT BEER","Inventory","0.00"
"16427","WYNK TANGERINE SELTZER 3MG THC 3MG CBD 4PK CANS","NORTHEAST","Inventory","6.00"
"16428","WYNK LIME TWIST SELTZER 3MG THC 3MG CBD 4PK CANS","NORTHEAST","Inventory","-6.00"
"16429","HIGH NOON LUCKY ONE VODKA BLUEBERRY LEMONADE 4PK CANS","CDI","Inventory","6.00"
"16430","HIGH NOON LUCKY ONE VODKA RASPBERRY LEMONADE 4PK CANS","CDI","Inventory","-2.00"
"16431","HIGH NOON LUCKY ONE VODKA PEACH LEMONADE 4PK CANS","CDI","Inventory","-2.00"
"16432","HIGH NOON LUCKY ONE ORIGINAL VODKA LEMONADE 4PK CANS","CDI","Inventory","3.00"
"16433","HIGH NOON LUCKY ONE VODKA LEMONADE VARIETY 8PK CANS","CDI","Inventory","1.00"
"16434","CHARLES KRUG SAUVIGNON BLANC NAPA VALLEY 750ML","CDI","Inventory","-12.00"
"16435","HIGH NOON LUCKY ONE VODKA BLUEBERRY LEMONADE 4PK CANS","CDI","Inventory","0.00"
"16436","HIGH NOON LUCKY ONE ORIGINAL VODKA LEMONADE 4PK CANS","CDI","Inventory","6.00"
"16437","HIGH NOON LUCKY ONE VODKA PEACH LEMONADE 4PK CANS","CDI","Inventory","6.00"
"16438","HIGH NOON LUCKY ONE VODKA RASPBERRY LEMONADE 4PK CANS","CDI","Inventory","6.00"
"16439","WYNK LIME TWIST SELTZER 3MG THC 3MG CBD 4PK CANS","NORTHEAST","Inventory","11.00"
"16440","WYNK TANGERINE SELTZER 3MG THC 3MG CBD 4PK CANS","NORTHEAST","Inventory","-3.00"
"16441","CORONA EXTRA 24OZ BOTTLE","A. GALLO","Inventory","18.00"
"16442","WILD TURKEY BOURBON 8YEAR 101 PROOF 750ML","BRESCOME","Inventory","1.00"
"16443","JOSE CUERVO  SALT FOR MARGARITAS 6 OZ","EDER BROS","Inventory","0.00"
"16444","LAGUNITAS MAXIMUS 6PK 12 OZ CANS","A. GALLO","Inventory","1.00"
"16445","ORIGAMI SAKE A THOUSAND CRANES 750ML","OPICI","Inventory","0.00"
"16446","ORIGAMI SAKE WHITE LOTUS NIGOR 750ML","OPICI","Inventory","0.00"
"16447","SPINDRIFT SPIKED PARADISE PACK 12PK CAN","NORTHEAST","Inventory","0.00"
"16448","CAPRAIA CHIANTI CLASSICO DOCG 750ML","TOUTON MONSIEUR TOUTON SELECTION LTD","Inventory","8.00"
"16449","JOSE CUERVO SILVER TEQUILA 50ML","EDER BROS","Inventory","160.00"
"16450","GLENMORANGIE 18YR  HIGHLAND SINGLE MALT SCOTCH WHISKEY 750ML","EDER BROS","Inventory","1.00"
"16451","BUSCH LIGHT APPLE 120Z CAN 30PK","HDI","Inventory","0.00"
"16453","AYRLOOM BLACK CHERRY 3MG THC 3MG CBD SPARKLING WATER 4PK CAN","NORTHEAST","Inventory","0.00"
"16454","AYRLOOM PINEAPPLE MANGO 3MG THC 3MG CBD SPARKLING WATER 4PK CAN","NORTHEAST","Inventory","0.00"
"16455","NUTRL STRAWBERRY VODKA RTD 4PK","HDI","Inventory","0.00"
"16456","TRIBUS BENJI NEW ENGLAND IPA 16OZ 4PK CAN","DRINX UNLIMITED","Inventory","0.00"
"16457","TRIBUS TANK SPACE NEW ENGLAND IPA 16OZ 4PK CANS","DRINX UNLIMITED","Inventory","0.00"
"16458","TWO ROADS IPA VARIETY PACK 12PK CANS","A. GALLO","Inventory","0.00"
"16459","BUSCH LIGHT APPLE 12OZ CAN","HDI","Inventory","-144.00"
"16460","VOLANTE BELLINI RED 750ML","TOUTON MONSIEUR TOUTON SELECTION LTD","Inventory","0.00"
"16461","CHAMPAGNE MOUTARD BRUT RESERVE WHITE 750ML","TOUTON MONSIEUR TOUTON SELECTION LTD","Inventory","-4.00"
"16462","KNOB CREEK BOURBON 9YRS 100PROOF 750ML","BRESCOME","Inventory","12.00"
"16463","SPRING IN A BOTTLE ROSE NON ALC WINE 750ML","Winebow, Inc.","Inventory","2.00"
"16464","SUN CRUISER CLASSIC ICED TEA VODKA 8PK CANS","A. GALLO","Inventory","8.00"
"16465","BAILEYS IRISH CREAM 1L","MARTIGNETTI ","Inventory","-1.00"
"16466","SANTA MARINA MERLOT 1.5LT","BRESCOME","Inventory","0.00"
"16467","ESTRELLA JALISCO CERVEZA 12OZ BOTTLE","HDI","Inventory","24.00"
"16468","ESTRELLA JALISCO CERVEZA 12OZ BOTTLE","HDI","Inventory","-24.00"
"16469","HIGH WEST STRAIGHT BOURBON WHISKEY 750ML","EDER BROS","Inventory","2.00"
"16470","BROTTE BAIES DOREES VIOGNIER WHITE 750ML","TOUTON MONSIEUR TOUTON SELECTION LTD","Inventory","0.00"
"16471","CHAMPAGNE MOUTARD BRUT RESERVE WHITE 750ML","TOUTON MONSIEUR TOUTON SELECTION LTD","Inventory","4.00"
"16472","MIKES HARD CRANBERRY 6PK 12 OZ","A. GALLO","Inventory","0.00"
"16473","AVALINE SAUVIGNON BLANC ORGANIC WINE 750ML","Winebow, Inc.","Inventory","7.00"
"16474","NEBCO WEE HAG LITTLE IPA 6PK CANS","A. GALLO","Inventory","4.00"
"16475","JOHNNIE WALKER BLACK SQUID GAMES LTD EDT 750ML","BRESCOME","Inventory","43.00"
"16476","LONG DRINK ZERO SUGAR VARIETY 12PK CAN","CDI","Inventory","0.00"
"16477","STELLA ARTOIS NON ALC BEER 6PK BTLS","HDI","Inventory","5.00"
"16478","FETZER LO & BEHOLD SAUVIGNON BLANC 750ML","BRESCOME","Inventory","0.00"
"16479","LA GLORIA CUBANA SPIRIT OF THE LADY","None","Inventory","4.00"
"16480","CROWN ROYAL PEACH 375ML","CDI","Inventory","0.00"
"16481","CROWN ROYAL BLACKBERRY 375ML","CDI","Inventory","1.00"
"16482","CORONA LIGHT 24 PK 12 OZ LOOSE BOTTLES","A. GALLO","Inventory","0.00"
"16483","LOVE(R) ROSE VIN DE PROVENCE 750ML","EDER BROS","Inventory","0.00"
"16484","LITTLE BOOK CHAPTER 9 NONE FOR GRANTED 121.8PROOF 750ML","BRESCOME","Inventory","1.00"
"16485","NEW ROADS BERRY GOOD VIBES 3MG THC 3MG CBD 12OZ CANS","SARENE CRAFT BEER","Inventory","0.00"
"16486","FLOAT HOUSE THC LITE BREW 3MG THC 6MG CBD 12OZ 4PK CANS","SARENE CRAFT BEER","Inventory","4.00"
"16487","FLOAT HOUSE HOPPY BREW 3MG THC 6MG CBD 12OZ 4PK CANS","SARENE CRAFT BEER","Inventory","1.00"
"16488","HI 5 BLACK CHERRY SELTZER 3MG THC 2MG CBD 12OZ 4PK CANS","SARENE CRAFT BEER","Inventory","0.00"
"16489","HI 5 PEACH MANGO SELTZER 3MG THC 2MG CBD 12OZ 4PK CANS","SARENE CRAFT BEER","Inventory","0.00"
"16490","HI 5 AMERICA SELTZER 3MG THC 2MG CBD 12OZ 4PK CANS","SARENE CRAFT BEER","Inventory","0.00"
"16491","BUZZBALLZ MARGARITA LIME RITA CHILLERS 187ML","MARTIGNETTI ","Inventory","-95.00"
"16492","21 SEEDS GRAPEFRUIT HIBISCUS TEQUILA 750ML","CDI","Inventory","-3.00"
"16493","PINNACLE VODKA 1.75L","BRESCOME","Inventory","-17.00"
"16494","CASAMIGOS RTD MARGARITA VARIETY 8PK CANS","BRESCOME","Inventory","0.00"
"16495","BUZZBALLZ MARGARITA LIME RITA CHILLERS 187ML","MARTIGNETTI ","Inventory","121.00"
"16496","FOUR LOKO SOUR BLUE RAZZ 23.5 FLOZ CAN","HDI","Inventory","22.00"
"16497","BUSCH LIGHT LIME 12OZ CAN","HDI","Inventory","48.00"
"16498","BUSCH LIGHT LIME 12OZ CAN","HDI","Inventory","-48.00"
"16499","BITBURGER RADLER NATURTRUB 4PK CANS","NORTHEAST","Inventory","0.00"
"16500","LINDEMANS BIN 85 PINOT GRIGIO 750ML","SLOCUM & SONS INC","Inventory","0.00"
"16501","BOLIVAR COFRADIA BELICOSO FINO 2","None","Inventory","0.00"
"16502","90+ CELLARS LOT 2 SAUVIGNON BLANC 1.5LT","LATITUDE BEVERAGE COMAPNY","Inventory","9.00"
"16503","90+ CELLARS LOT 42 PINOT GRIGIO 1.5LT","LATITUDE BEVERAGE COMAPNY","Inventory","10.00"
"16504","BUD LIGHT RITA'S STRAW-BER-RITA  7.5OZ 12PK CANS","HDI","Inventory","0.00"
"16505","TRULY UNRULY HARD SELTZER VARIETY PACK 12PK 12OZ","A. GALLO","Inventory","4.00"
"16506","BEVERAGE WRENCH KEY CHAIN","None","Inventory","40.00"
"16507","HIGH NOON LUCKY ONE VODKA LEMONADE VARIETY 8PK CANS","CDI","Inventory","3.00"
"16508","SURFSIDE ICED TEA & VODKA 4PK CANS","MARTIGNETTI ","Inventory","18.00"
"16509","DOMAINE SALLET MACON-UCHIZY LES MARANCHES WHITE 750ML","TOUTON MONSIEUR TOUTON SELECTION LTD","Inventory","2.00"
"16510","FARMER'S BOTANICAL ORGANIC GIN 93.4 PROOF 750ML","BRESCOME","Inventory","1.00"
"16511","TALKHOUSE LIME VODKA SODA 4PK CANS","NORTHEAST","Inventory","4.00"
"16512","TALKHOUSE ICED TEA & LEMONADE VODKA SODA 4PK CANS","NORTHEAST","Inventory","2.00"
"16513","TALKHOUSE GRAPEFRUIT TEQUILA SODA 4PK CANS","NORTHEAST","Inventory","7.00"
"16514","TALKHOUSE BLOOD ORANGE TEQUILA SODA 4PK CANS","NORTHEAST","Inventory","5.00"
"16515","GOOD DAZE PEACH TEA 3MG THC 5MG CBD 12OZ 4PK CANS","SARENE CRAFT BEER","Inventory","0.00"
"16516","SCHOFFERHOFER GRAPEFRUIT 4PK CAN 9 OZ","A. GALLO","Inventory","0.00"
"16517","OLE SMOKY WHITE LIGHTNIN 50 ML","MARTIGNETTI ","Inventory","4.00"
"16518","TALKHOUSE ENCORE VODKA & TEQUILA VARIETY PACK 8PK CANS","NORTHEAST","Inventory","3.00"
"16519","BUD LIGHT LIME 12 OZ 6 PACK BOTTLE","HDI","Inventory","0.00"
"16520","BOOKERS BOURBON 2025-02 BY THE POND BATCH 126.5 PROOF 750ML","CDI","Inventory","0.00"
"16521","ROSES GRENADINE SYRUP 25FLOZ BOTTLE","EDER BROS","Inventory","2.00"
"16522","OLE SMOKY SALTY CARAMEL WHISKEY 750ML","MARTIGNETTI ","Inventory","2.00"
"16523","BIB & TUCKER 6YR GOLD ROAST BOURBON 750ML","CDI","Inventory","3.00"
"16524","JIM BEAM BLACK EXTRA AGED 7YR BOURBON750ML","BRESCOME","Inventory","-7.00"
"16525","PENELOPE ARCTITECT CREME BRULE 110 PROOF BOURBON 750ML","BRESCOME","Inventory","0.00"
"16526","PENELOPE CIGAR SESSIONS CHAPTER 01 101 PROOF BOURBON 750ML","BRESCOME","Inventory","0.00"
"16527","SOUTHSIDE ORIGINAL GIN COCKTAIL ORGANIC 4PK CANS","OPICI","Inventory","-16.00"
"16529","SOUTHSIDE ORIGINAL GIN COCKTAIL ORGANIC 4PK CANS","OPICI","Inventory","18.00"
"16530","FOURNIER SANCERRE ROSE LES BELLES VIGNES 750ML","OPICI","Inventory","0.00"
"16531","SMIRNOFF SPICY TAMARIND 750ML","EDER BROS","Inventory","0.00"
"16532","COUNTERWEIGHT CLEAR INTENT PALE LAGER 4PK CANS","HDI","Inventory","0.00"
"16533","G4 REPOSADO TEQUILA 80 PROOF 750ML","Winebow, Inc.","Inventory","2.00"
"16534","G4 TEQUILA FERMENTADA DE MADERA BLANCO 750ML","Winebow, Inc.","Inventory","1.00"
"16535","CASCAHUIN BLANCO TEQUILA  750ML","Winebow, Inc.","Inventory","1.00"
"16536","19 CRIMES MARTHA'S CHARDONNAY 750ML","EDER BROS","Inventory","0.00"
"16537","WHITE CLAW SURGE VARIETY PACK 1 12PK CAN","A. GALLO","Inventory","0.00"
"16538","PENELOPE RYE TOKAJI CASK FINISH AGED 9YRS 104PROOF 750ML","BRESCOME","Inventory","0.00"
"16539","OHHO RED CHERRY & LIME SELTZER 3MG THC 5MG CBD 5MG CBG 4PK CANS","CDI","Inventory","-42.00"
"16540","OHHO PINK GRAPEFRUIT & ELDER FLOWER SELTZER 3MG THC 5MG CBD 5MG CBG 4PK CANS","CDI","Inventory","5.00"
"16541","OHHO BLOOD ORANGE & POMEGRANATE SELTZER 3MG THC 5MG CBD 5MG CBG 4PK CANS","CDI","Inventory","-29.00"
"16542","SMIRNOFF 50ML STRAWBERRY TWIST","EDER BROS","Inventory","590.00"
"16543","MICHELOB ULTRA 1/2 barrel","HDI","Inventory","0.00"
"16544","PENELOPE RYE TOKAJI CASK FINISH AGED 9YRS 104PROOF 750ML","BRESCOME","Inventory","2.00"
"16545","HAUTES COTES DE BEAUNE BOURGOGNE WHITE 750ML","TOUTON MONSIEUR TOUTON SELECTION LTD","Inventory","3.00"
"16546","BOISSY & DELAYGUE LOU PONTIAS COTES DE RHONE RED 750ML","TOUTON MONSIEUR TOUTON SELECTION LTD","Inventory","4.00"
"16547","HERE BY CHANCE CABERNET SAUVIGNON PASO ROBLES 750ML","CDI","Inventory","0.00"
"16548","COUNTERWEIGHT HEADWAY IPA 1/2 KEG","HDI","Inventory","0.00"
"16549","BADSONS DOOBIOUS HAZY IPA 16OZ 4PK CANS","NORTHEAST","Inventory","20.00"
"16550","SIERRA NEVADA HAZY LITTLE THING 12OZ 12PK CAN","NORTHEAST","Inventory","24.00"
"16551","SIERRA NEVADA HAZY LITTLE THING 12OZ 12PK CAN","NORTHEAST","Inventory","18.00"
"16552","THE WILD FIGHTER CHARDONNAY MENDOCINO 750ML","TOUTON MONSIEUR TOUTON SELECTION LTD","Inventory","0.00"
"16553","LONG DRINK STRONG 19.2OZ CAN","CDI","Inventory","0.00"
"16554","BUSCH LIGHT 25 OZ CAN","HDI","Inventory","20.00"
"16555","FIVE ISLANDS CLASSIC THC ICED TEA 3MG THC 2MG CBD 4PK CANS","SARENE CRAFT BEER","Inventory","4.00"
"16556","BERLINETTA VELVET PILSNER LAGER BEER 160Z 4PK CANS","SARENE CRAFT BEER","Inventory","4.00"
"16557","JACK DANIEL BLACKBERRY TENNESSEE WHISKEY 1LTR","EDER BROS","Inventory","0.00"
"16558","FRANZIA MARGARITA WINE COCKTAIL 5LT","EDER BROS","Inventory","0.00"
"16559","SURFSIDE ICED TEA VARIETY 12PK CANS","MARTIGNETTI ","Inventory","-97.00"
"16560","SURFSIDE LEMONADE VARIETY PACK 12PK CANS","MARTIGNETTI ","Inventory","-71.00"
"16561","SURFSIDE ICED TEA VARIETY 12PK CANS","MARTIGNETTI ","Inventory","108.00"
"16562","SURFSIDE LEMONADE VARIETY PACK 12PK CANS","MARTIGNETTI ","Inventory","82.00"
"16563","NOCA TOO TURNT BOOZY ICE TEA 12PACK 12OZ CANS","HDI","Inventory","0.00"
"16564","NUTRL VARIETY PACK VODKA SELTZER 12PK CANS","HDI","Inventory","0.00"
"16565","PENELOPE BLACK WALNUT OLD FASHIONED COCKTAIL 750ML","BRESCOME","Inventory","1.00"
"16566","TALKHOUSE CRANBERRY VODKA SODA 4PK CANS","NORTHEAST","Inventory","5.00"
"16567","TALKHOUSE HAMPTON MULE VODKA SODA GINGER 4PK CANS","NORTHEAST","Inventory","7.00"
"16568","TALKHOUSE PINEAPPLE TEQUILA SODA 4PK CANS","NORTHEAST","Inventory","4.00"
"16569","DOWNEAST CIDER DONUT CRAFT CIDER 4PK CANS","NORTHEAST","Inventory","0.00"
"16570","BUZZBALLZ TEQUILA RITA COCKTAIL 200ML","MARTIGNETTI ","Inventory","0.00"
"16571","BUZZBALLZ TEQUILA RITA COCKTAIL 200ML","MARTIGNETTI ","Inventory","2.00"
"16572","ASHTON HALF CORONA CT 5PK CIGARS","None","Inventory","0.00"
"16573","AJ FERNENDEZ NEW WORLD DECINO CIGARS","CDI","Inventory","12.00"
"16574","MODELO ESPECIAL 24 OZ CAN","A. GALLO","Inventory","17.00"
"16575","MODELO ESPECIAL 24PK  BOTTLE 12 OZ","A. GALLO","Inventory","2.00"
"16576","MIGHTY SQUIRREL CLOUD CANDY IPA 16OZ 4PK CANS","SARENE CRAFT BEER","Inventory","2.00"
"16577","OHHO WHITE PEACH & LEMON SELTZER 3MG THC 5MG CBG 4PK CANS","CDI","Inventory","0.00"
"16578","SAUZA TEQUILA SILVER 750ML","BRESCOME","Inventory","0.00"
"16579","DEWAR'S 125TH US OPEN CHAMPIONS EDITION 19 YRS BLENDED SCOTCH","BRESCOME","Inventory","3.00"
"16581","SMIRNOFF STRAWBERRY VODKA 375ML","EDER BROS","Inventory","1.00"
"16582","JACK DANIEL SINGLE HERITAGE TOASTED BARREL TENNESSEE WHISKEY 100 PF 750ML","EDER BROS","Inventory","1.00"
"16583","FIREBALL BLAZIN APPLE 200ML","NORTHEAST","Inventory","0.00"
"16584","FIREBALL BLAZIN APPLE 50ML","NORTHEAST","Inventory","14.00"
"16585","JACK DANIEL'S BLACK 750 ML GIFT SET","EDER BROS","Inventory","0.00"
"16586","MODELITO ESPECIAL 7 OZ 24 PK","A. GALLO","Inventory","29.00"
"16587","MODELITO ESPECIAL 7 OZ 24 PK","A. GALLO","Inventory","0.00"
"16588","WHITE CLAW SURGE LIME 19.2OZ CAN","A. GALLO","Inventory","9.00"
"16589","LEROUX PEPPERMINT SCHNAPPS 100 PROOF 750ML","CDI","Inventory","-1.00"
"16590","LEROUX PEPPERMINT SCHNAPPS 100 PROOF 1.75LT","CDI","Inventory","0.00"
"16591","THE LEGENDARY DARK SILKIE IRISH WHISKEY 750ML","SLOCUM & SONS INC","Inventory","0.00"
"16592","DOMAINE DU PERE CABOCHE BLANC WHITE 750ML","TOUTON MONSIEUR TOUTON SELECTION LTD","Inventory","9.00"
"16593","ALMA GRANDE DOURO TINTO DOC RESERVA 750ML","TOUTON MONSIEUR TOUTON SELECTION LTD","Inventory","4.00"
"16594","OLD FITZGERALD BOTTLED IN BOND 7YRS BOURBON 750ML","MARTIGNETTI ","Inventory","0.00"
"16595","LINGUA FRANCA AVNI PINOT NOIR 750ML","CDI","Inventory","9.00"
"16596","RIPE SPICY MARGARITA 750ML","BRESCOME","Inventory","1.00"
"16597","STATESIDE PEACH VODKA SODA 4PK CANS","MARTIGNETTI ","Inventory","0.00"
"16598","JACK DANIEL BLACKBERRY TENNESSEE WHISKEY 750ML","EDER BROS","Inventory","6.00"
"16599","THE BARKER COMAPNY ESPRESSO MARTINI 1.75LT","EDER BROS","Inventory","3.00"
"16600","CALDWELL LONG LIVE THE KING MAD MAD MOFO CIGAR","None","Inventory","7.00"
"16601","AIX ROSE PROVENCE 750ML","BRESCOME","Inventory","24.00"
"16602","ABERFELDY SINGLE MALT SCOTCH FINISHED IN TUSCON RED WINE CASK 18YEARS","CDI","Inventory","0.00"
"16603","FINCA LUZON RED ORGANIC MONASTRELL JUMILLA 750ML","BRESCOME","Inventory","-12.00"
"16604","FIREBALL BLAZIN APPLE WHISKEY 750ML","NORTHEAST","Inventory","2.00"
"16605","CUTWATER SPICY MANGO MARGARITA 12OZ 4PK","NORTHEAST","Inventory","7.00"
"16606","COURVOISIER VS COGNAC 200ML","EDER BROS","Inventory","1.00"
"16607","COURVOISIER VS COGNAC 375ML","EDER BROS","Inventory","0.00"
"16608","FINCA LUZON RED ORGANIC MONASTRELL JUMILLA 750ML","BRESCOME","Inventory","12.00"
"16609","RADEBERGER PILSNER 6PK BTL","A. GALLO","Inventory","0.00"
"16610","GLENFIDDICH 16YR ASTON MARTIN SINGLE MALT SCOTCH WHISKEY","CDI","Inventory","1.00"
"16611","DOMAINE PERE CABOCHE COTES DU RHONE RESERVE RED 750ML","TOUTON MONSIEUR TOUTON SELECTION LTD","Inventory","12.00"
"16612","JOHNNIE WALKER RED LABEL SCOTCH 50 ML","EDER BROS","Inventory","156.00"
"16613","CLASE AZUL GOLD TEQUILA 750ML","SLOCUM & SONS INC","Inventory","1.00"
"16614","JACK  DANIELS DOWNHOME PUNCH 6PK 12 OZ","EDER BROS","Inventory","0.00"
"16615","KNOB CREEK SMOKED MAPLE BOURBON 750ML","BRESCOME","Inventory","0.00"
"16616","LA AROMA DE CUBA MI AMOR","None","Inventory","15.00"
"16617","KNOB CREEK SMOKED MAPLE BOURBON 750ML","BRESCOME","Inventory","3.00"
"16618","MAZZETTI D'ALTAVILLA GRAPPA DO MOSCATO 750ML","TOUTON MONSIEUR TOUTON SELECTION LTD","Inventory","1.00"
"16619","NEW RIFF BIB BOURBON 100 PROOF 750ML","OPICI","Inventory","2.00"
"16620","NEW RIFF SINGLE BARREL BOURBON 110.1 PROOF 750ML","OPICI","Inventory","1.00"
"16621","MINI WINE STOPPER","None","Inventory","4.00"
"16622","DOMAINE DU PERE CABOCHE BLANC WHITE 750ML","TOUTON MONSIEUR TOUTON SELECTION LTD","Inventory","0.00"
"16623","FEVER TREE SPARKLING CUCUMBER 4PK BOTTLE 200ML","A. GALLO","Inventory","6.00"
"16624","LAPHROAIG ELEMENTS 3.0 SCOTCH LIMITED RELEASE 700ML","CDI","Inventory","1.00"
"16625","CROWN ROYAL CHOCOLATE WHISKEY LIMITED EDITION 750ML","MARTIGNETTI ","Inventory","2.00"
"16626","LES DAUPHINS COTES DU RHONE RESERVE 750ML","TOUTON MONSIEUR TOUTON SELECTION LTD","Inventory","9.00"
"16627","GORDON'S LONDON DRY GIN 750ML","MARTIGNETTI ","Inventory","4.00"
"16628","BOYD & BLAIR POTATO VODKA 750ML","CDI","Inventory","0.00"
"16629","HAPPY MOM HARD RASPBERRY SELTZER 12PK CANS","NORTHEAST","Inventory","3.00"
"16630","MATCHBOOK THE ARSONIST RED BLEND 750ML","Winebow, Inc.","Inventory","8.00"
"16631","MATCHBOOK THE ARSONIST CABERNET SAUVIGNON 750ML","Winebow, Inc.","Inventory","3.00"
"16632","BERKSHIRE BREWING LIFE ON MARZEN OKTOBERFEST LAGER 12OZ 6PK CANS","NORTHEAST","Inventory","0.00"
"16633","OHHO EMPIRE APPLE & BLACKBERRY SELTZER 3MG THC 5MG CBG 4PK CANS","CDI","Inventory","9.00"
"16634","YUENGLING FLIGHT 12OZ CAN 12PK","A. GALLO","Inventory","24.00"
"16635","DUDLEYTOWN BREWING CO BERRIED BONES MIXED BERRY SOUR 4PK 16OZ","SARENE CRAFT BEER","Inventory","0.00"
"16636","BERLINETTA OKTOBERFEST MARZEN STYLE LAGER 16OZ 4PK CANS","SARENE CRAFT BEER","Inventory","0.00"
"16637","MIRA SALINAS ESTATE BOTTLED OLD VINE MONASTRELL 750ML","SLOCUM & SONS INC","Inventory","2.00"
"16638","DELS PINK LEMONADE 16OZ BOTTLE","DRINX UNLIMITED","Inventory","9.00"
"16639","CHIVAS REGAL ROYAL SALUTE 21 YRS BLENDED SCOTCH WHISKEY 750ML","CDI","Inventory","-2.00"
"16640","SVEDKA VODKA 80 PROOF 1.75L","EDER BROS","Inventory","-42.00"
"16641","MIJENTA REPOSADO TEQUILA 750ML","OPICI","Inventory","2.00"
"16642","MIJENTA GRAN RESERVA ANEJO TEQUILA 750ML","OPICI","Inventory","0.00"
"16643","FOUR ROSES SMALL BATCH GIFTPACK 750ML","SLOCUM & SONS INC","Inventory","-12.00"
"16644","PINNACLE  WHIPPED VODKA 1.75L","BRESCOME","Inventory","-3.00"
"16645","MICHELOB ULTRA ORGANIC SELTZER VARIETY PACK 12 OZ 12 PK CAN","HDI","Inventory","0.00"
"16646","PABST 6PK CANS 16 OZ","NORTHEAST","Inventory","0.00"
"16647","PINNACLE  WHIPPED VODKA 1.75L","BRESCOME","Inventory","6.00"
"16648","ARGIANO NON CONFUNDITUR TOSCANA RED 750ML","CDI","Inventory","6.00"
"16649","90+ CELLARS LOT 179 PINOT NOIR 1.5LT","LATITUDE BEVERAGE COMAPNY","Inventory","9.00"
"16650","WOODFORD RESERVE SWEET OAK BOURBON 700ML","EDER BROS","Inventory","1.00"
"16651","FERRARI CARANO FUME BLANC SAUVIGNON BLANC 750ML","BRESCOME","Inventory","12.00"
"16652","THE BALVENIE 14YR CARIBBEAN CASK 200ML","CDI","Inventory","3.00"
"16653","RETURN","NORTHEAST","Inventory","-13.00"
"16654","LAURENT PERRIER DEMI SEC HARMONY 750ML","Winebow, Inc.","Inventory","1.00"
"16655","DOMAINE BERNARD DEFAIX PETIT CHABLIS 750ML","Winebow, Inc.","Inventory","11.00"
"16656","LE PETIT SALVERD DELAILLE PINOT NOIR 750ML","Winebow, Inc.","Inventory","-2.00"
"16657","DOUGH PINOT NOIR 750ML","Winebow, Inc.","Inventory","3.00"
"16658","LYNCH CHATEAU DUCASSE BORDEAUX BLANC 750ML","Winebow, Inc.","Inventory","8.00"
"16659","LABRUSCA ROSSO LINI 910 750ML","Winebow, Inc.","Inventory","2.00"
"16660","GRUET BRUT SPARKLING WINE 750ML","OPICI","Inventory","15.00"
"16661","VALLE REALE TREBBIANO D'ABRUZZO 750ML","Winebow, Inc.","Inventory","7.00"
"16662","PABST 12PK BOTTLES","NORTHEAST","Inventory","3.00"
"16663","YAMAZAKI SINGLE MALT DISTILLERS RESERVE 750ML","BRESCOME","Inventory","0.00"
"16664","JANARE SANNIO GRECO WHITE 750ML","TOUTON MONSIEUR TOUTON SELECTION LTD","Inventory","-6.00"
"16665","CHATEAU DE RIBEBON BORDEAUX SUPERIEUR 750ML","TOUTON MONSIEUR TOUTON SELECTION LTD","Inventory","5.00"
"16667","JANARE SANNIO GRECO WHITE 750ML","TOUTON MONSIEUR TOUTON SELECTION LTD","Inventory","12.00"
"16668","OCTOMORE ISLAY SINGLE MALT WHISKEY 15.1 118.2PROOF 750ML","BRESCOME","Inventory","0.00"
"16669","KERMIT LYNCH COTES DU RHONE ROUGE 750ML","Winebow, Inc.","Inventory","13.00"
"16670","PENELOPE MARSHMALLOW TOAST BARREL STRENGTH WHISKEY 750ML","BRESCOME","Inventory","0.00"
"16671","PENELOPE F*CK CANCER BLEND OF STRAINGT WHISKEY 750ML","BRESCOME","Inventory","0.00"
"16672","BOHEMIA PILSNER 6PK 12 OZ BEER","NORTHEAST","Inventory","0.00"
"16673","SMIRNOFF SOURS BERRY LEMON 50ML","EDER BROS","Inventory","-531.00"
"16674","JOSH CELLARS PROSECCO 750ML","CDI","Inventory","15.00"
"16675","ORIN SWIFT ABSTRACT RED BLEND 750ML","CDI","Inventory","13.00"
"16676","CAPTAIN ZIG SIDEKICK PILSNER 16OZ 4PK CANS","DRINX UNLIMITED","Inventory","1.00"
"16677","KNOB CREEK 21 YRS BOURBON LIMITED EDITION 750ML","BRESCOME","Inventory","1.00"
"16678","JOSH CABERNET SAUVIGNON 1.5LT","CDI","Inventory","33.00"
"16679","OCTOMORE ISLAY SINGLE MALT WHISKEY 16.1 118.6PROOF 750ML","BRESCOME","Inventory","0.00"
"16680","SMIRNOFF KISSED CARAMEL VODKA 1.75L","EDER BROS","Inventory","0.00"
"16681","METAXA 7 STAR GREEK SPECIALITY LIQUEUR 750ML","BRESCOME","Inventory","1.00"
"16682","CLEAN CO V VODKA NON ALC 750ML","BRESCOME","Inventory","1.00"
"16683","NICOLAS FEUILLATTE RESERVE BRUT 750ML","BRESCOME","Inventory","-1.00"
"16684","SHOTTYS GREEN TEA WHISKEY SHOTS 50ML","NORTHEAST","Inventory","-16.00"
"16685","SHOTTYS GREEN TEA WHISKEY SHOTS 50ML","NORTHEAST","Inventory","61.00"
"16686","BONANZA THE VINEKEEPER CABERNET SAUVIGNON NAPA VALLEY 750ML","EDER BROS","Inventory","12.00"
"16687","CLEAN CO V VODKA NON ALC 750ML","BRESCOME","Inventory","1.00"
"16688","NICOLAS FEUILLATTE RESERVE BRUT 750ML","BRESCOME","Inventory","13.00"
"16689","SUNNY WITH A CHANCE OF FLOWERS PINOT NOIR 750ML","Winebow, Inc.","Inventory","5.00"
"16690","SUNNY WITH A CHANCE OF FLOWERS SAUVIGNON BLANC 750ML","Winebow, Inc.","Inventory","12.00"
"16691","PIZZOLATO MUSE PROSECCO DOC ORGANIC 750ML","OPICI","Inventory","12.00"
"16692","MACALLAN HARMONY COLLECTION JING PHEONIX HONEY ORCHID TEA SCOTCH 750ML","BRESCOME","Inventory","0.00"
"16694","RUM CHATA WITH COFFEE CUP 750ML","CDI","Inventory","0.00"
"16695","SAZERAC RYE WHISKEY 6YRS 1.75LT","NORTHEAST","Inventory","2.00"
"16696","THOMAS HOOKER CHOCOLATE TRUFFLE STOUT 16OZ 4PK CANS","HDI","Inventory","0.00"
"16697","MIONETTO PROSECCO BRUT 187ML 2PACK","EDER BROS","Inventory","9.00"
"16698","YUENGLING FLIGHT 12OZ CAN 12PK","A. GALLO","Inventory","-24.00"
"16699","CLEF DE LENCLAVE COTES DU RHONE VIEILLES VIGNES 750ML","CDI","Inventory","6.00"
"16700","OCTOMORE ISLAY SINGLE MALT WHISKEY 16.2 116.2 PROOF 750ML","BRESCOME","Inventory","0.00"
"16701","STOLICHNAYA ELITE VODKA 750ML","BRESCOME","Inventory","-2.00"
"16702","OLE SMOKY MINI APPLE PIE 50 ML","MARTIGNETTI ","Inventory","7.00"
"16703","MAKERS MARK BOURBON 1LT","EDER BROS","Inventory","2.00"
"16704","GENTLEMAN JACK TENNESSE WHISKEY 750ML","EDER BROS","Inventory","0.00"
"16705","PENELOPE PRIVATE SELECT 10YR BOURBON WHISKEY 106.8PROOF 750ML","BRESCOME","Inventory","1.00"
"16706","LOUIS DE JOLIMONT CASTELBEAUX CHARDONNAY 750ML","TOUTON MONSIEUR TOUTON SELECTION LTD","Inventory","10.00"
"16707","STOLICHNAYA ELITE VODKA 750ML","BRESCOME","Inventory","2.00"
"16709","GREY GOOSE VODKA 50ML","BRESCOME","Inventory","96.00"
"16710","PAUL HOBBS PINOT NOIR CROSSBARN 750ML","BRESCOME","Inventory","0.00"
"16711","ELK COVE WILLAMETTE VALLEY PINOT NOIR 750ML","Winebow, Inc.","Inventory","0.00"
"16712","LALO BLANCO TEQUILA 1LT","MARTIGNETTI ","Inventory","0.00"
"16713","SVEDKA VODKA 50 ML","EDER BROS","Inventory","-236.00"
"16714","JEAN BEAUVILLON SANCERRE WHITE 750ML","TOUTON MONSIEUR TOUTON SELECTION LTD","Inventory","15.00"
"16715","SOON HARI STRAWBERRY 375ML","CDI","Inventory","0.00"
"16716","GEORGES DUBOEUF BEAUJOLAIS NOUVEAU 750ML","BRESCOME","Inventory","12.00"
"16717","SVEDKA VODKA 50 ML","EDER BROS","Inventory","120.00"
"16718","ORIN SWIFT PALERMO CABERNET SAUVIGNON 750ML","CDI","Inventory","0.00"
"16719","NICKEL & NICKEL C.C. RANCH CABERNET SAUVIGNON 750ML","BRESCOME","Inventory","3.00"
"16720","CANN GRAPEFRUIT ROSEMARY SELTZER 3MG THC 6MG CBD 4PK CANS","SARENE CRAFT BEER","Inventory","8.00"
"16721","COCA COLA  8OZ BOTTLE","DRINX UNLIMITED","Inventory","-21.00"
"16722","HAKUSHU SINGLE MALT JAPANESE WHISKEY 12YEARS","BRESCOME","Inventory","1.00"
"16723","BOOKERS BOURBON 2025-03 JERRYS BATCH 124.7 PROOF 750ML","CDI","Inventory","1.00"
"16724","SIEMBRA VALLES ANIVERSARIO JOVEN TEQUILA 750ML","Winebow, Inc.","Inventory","1.00"
"16725","PENELOPE ESTATE COLLECTION 10 YR SINGLE BARREL BOURBON 99 PROOF 750ML","BRESCOME","Inventory","0.00"
"16726","DOWNEAST OVERBOARD ORIGINAL CIDER 4PK CANS","NORTHEAST","Inventory","3.00"
"16727","90+ CELLARS LOT 225 CABERNET SAUVIGNON 1.5LT","LATITUDE BEVERAGE COMAPNY","Inventory","10.00"
"16728","COPPOLA DIRECTORS CUT CABERNET SAUVIGNON 750ML","EDER BROS","Inventory","0.00"
"16729","LITCHFIELD DISTILLERY SMALL BATCH CIGAR","SLOCUM & SONS INC","Inventory","14.00"
"16730","LONG DRINK PINEAPPLE ZERO SUGAR 6PK 12OZ","CDI","Inventory","-4.00"
"16731","LONG DRINK PINEAPPLE ZERO SUGAR 6PK 12OZ","CDI","Inventory","4.00"
"16732","LES SARMENTS COTEAUX BOURGUIGNONS RED 750ML","TOUTON MONSIEUR TOUTON SELECTION LTD","Inventory","2.00"
"16734","ISLE OF SKYE BLENDED SCOTCH WHISKEY 30YRS","None","Inventory","-1.00"
"16735","FIREBALL YULE NOG EGG NOG 750ML","NORTHEAST","Inventory","0.00"
"16736","SMIRNOFF RASPBERRY 1.75L","EDER BROS","Inventory","7.00"
"16737","OHHO BLOOD ORANGE & POMEGRANATE SELTZER 3MG THC 5MG CBD 5MG CBG 4PK CANS","CDI","Inventory","-17.00"
"16738","WINE GLASS 4PK","None","Inventory","3.00"
"16739","CHAMPAGNE GLASS 4PK","None","Inventory","1.00"
"16740","PLASTIC CUPS 16OZ 12PK","None","Inventory","4.00"
"16741","WINE PAPER GIFT BAG","None","Inventory","4.00"
"16742","WINE PAPER GIFT BAG","None","Inventory","2.00"
"16743","WINE PAPER GIFT BAG","None","Inventory","1.00"
"16744","RAPAURA SPRINGS SAUVIGNON BLANC 750ML","BRESCOME","Inventory","12.00"
"16745","FRUITFUL MIXOLOGY ESPRESSO LIQUEUR 1LTR","BRESCOME","Inventory","3.00"
"16746","PALACIO DE ARGANZA CABERNET SAUVIGNON 750ML","TOUTON MONSIEUR TOUTON SELECTION LTD","Inventory","-14.00"
"16747","CAZCANES NO 7 ANEJO ORGANIC TEQUILA 750ML","Winebow, Inc.","Inventory","3.00"
"16748","TEQUILA OCHO SINGLE ESTATE REPOSADO 750ML","CDI","Inventory","4.00"
"16749","CASTELLO COLLE MASSARI MELACCE VERMENTINO DOC 750ML","Winebow, Inc.","Inventory","8.00"
"16750","SAN FELICE VERMENTINO TOSCANA 750ML","Winebow, Inc.","Inventory","0.00"
"16751","ARGIOLAS COSTAMOLINO BEACH CLUB VERMENTINO DI SARDEGNA 750ML","Winebow, Inc.","Inventory","0.00"
"16752","ADICTIVO REPOSADO TEQUILA 750ML","NORTHEAST","Inventory","0.00"
"16753","GRAN PASSIONE ROSSO 750ML","Winebow, Inc.","Inventory","5.00"
"16754","PALACIO DE ARGANZA CABERNET SAUVIGNON 750ML","TOUTON MONSIEUR TOUTON SELECTION LTD","Inventory","24.00"
"16755","SUGARLAND MARK & DIGGERS HAZELNUT RUM 750","SLOCUM & SONS INC","Inventory","0.00"
"16756","90+ CELLARS LOT 33 ROSE 750ML","LATITUDE BEVERAGE COMAPNY","Inventory","6.00"
"16757","FEVER TREE PREMIUM GINGER BEER 8PK CAN","A. GALLO","Inventory","4.00"
"16758","MARIE BRIZARD ANISETTE 750ML","CDI","Inventory","0.00"
"16759","WHEEL HORSE BOURBON WHISKEY 750ML","LATITUDE BEVERAGE COMAPNY","Inventory","0.00"
"16760","FRANGELICO LIQUEUR 750ML","BRESCOME","Inventory","2.00"
"16761","SAUZA TEQUILA REPOSADO 750ML","BRESCOME","Inventory","2.00"
"16762","MANNY'S ULTIMATE  BLOODY MARY MIX 25OZ BOTTLE","MARTIGNETTI ","Inventory","12.00"
"16764","CHATEAU JANON BORDEAUX RED 750ML","TOUTON MONSIEUR TOUTON SELECTION LTD","Inventory","6.00"
"16765","GLORIA VIOLET CHARDONNAY 750ML","TOUTON MONSIEUR TOUTON SELECTION LTD","Inventory","7.00"
"16766","ANGELS ENVY STRAIGHT BOURBON WHISKEY 375ML","CDI","Inventory","1.00"
"16767","WHITE CLAW SURGE PINEAPPLE 19.2OZ CAN","A. GALLO","Inventory","11.00"
"16768","WHITE CLAW SURGE BLUEBERRY 19.2OZ CAN","A. GALLO","Inventory","10.00"
"16769","1800 BLANCO SILVER TEQUILA 1.75L","EDER BROS","Inventory","6.00"
"16770","GREENWING PINOT NOIR WILLAMETTE VALLEY 750ML","EDER BROS","Inventory","9.00"
"16771","GREY GOOSE BERRY ROUGE VODKA 750ML","CDI","Inventory","3.00"
"16772","FONTANAFREDDA BRICCOTONDA MOSCATO D'ASTI 750ML","BRESCOME","Inventory","0.00"
"16773","CHATEAU SAINT SULPICE BORDEAUX RED 750ML","BRESCOME","Inventory","5.00"
"16774","SVEDKA CITRON VODKA 1.75LT","EDER BROS","Inventory","2.00"
"16775","NEBCO FUZZY QUACK PACK 12PK CNS","A. GALLO","Inventory","0.00"
"16777","PETIT GUIRAUD SAUTERNES WHITE 375ML","TOUTON MONSIEUR TOUTON SELECTION LTD","Inventory","2.00"
"16778","CHATEAU LA GIRONIE MONBAZILLAC WHITE 750ML","TOUTON MONSIEUR TOUTON SELECTION LTD","Inventory","1.00"
"16779","WIDOW JANE 10YR BOURBON WHISKEY 750ML","CDI","Inventory","2.00"
"16780","CROWN ROYAL MARQUIS BLENDED WHISKEY 750ML","MARTIGNETTI ","Inventory","0.00"
"16781","KNOB CREEK CASK STRENGTH SINGLE BARREL WHISKEY 117.4PROOF","BRESCOME","Inventory","2.00"
"16782","ANGOSTURA AROMATIC BITTERS 6.7FLOZ/200ML","EDER BROS","Inventory","0.00"
"16783","DI MAJO NORANTE AGLIANICO RISERVA SASSIUS ORGANIC WINE 750ML","Winebow, Inc.","Inventory","3.00"
"16784","TERRANOBLE ESTATE SAUVIGNON BLANC 750ML","Winebow, Inc.","Inventory","4.00"
"16785","VALLE REALE VIGNETO DI POPOLI MONTEPULCIANO D'ABRUZZO D.O.C 750ML","Winebow, Inc.","Inventory","7.00"
"16786","DOGFISH GRATEFUL DEAD JUICY PALE ALE 19.2OZ CANS","A. GALLO","Inventory","14.00"
"16787","GUINNESS 0.0 DRAUGHT NON ALCOHOLIC 4PK 14.9FLOZ BEER","A. GALLO","Inventory","0.00"
"16788","LA GRITONA REPOSADO TEQUILA 750ML","BRESCOME","Inventory","0.00"
"16789","CUTWATER CHOCOLATE ESPRESSO MARTINI 12OZ 4PK CAN","NORTHEAST","Inventory","8.00"
"16790","ROBBIE DAN'S BOURBON LEMONADE 12OZ 4PK CANS","EDER BROS","Inventory","4.00"
"16791","DUDLEYTOWN BREWING CO GHOST TROPICAL HAZY IPA 4PK 16OZ","SARENE CRAFT BEER","Inventory","5.00"
"16792","DOMAINE BOUSQUET AMERI RED BLEND ORGANIC 750ML","CDI","Inventory","6.00"
"16793","DARON CALVADOS FINE PAYS D'AUGE 750ML","MARTIGNETTI ","Inventory","0.00"
"16795","HONORO VERA RED JUMILLA ORGANIC MONASTRELL WINE 750ML","EDER BROS","Inventory","0.00"
"16797","BAILEYS SALTED CARAMEL 50 ML","MARTIGNETTI ","Inventory","80.00"
"16798","OHHO RED CHERRY & LIME SELTZER 3MG THC 5MG CBD 5MG CBG 4PK CANS","CDI","Inventory","-119.00"
"16799","BLUEMOON 12PK CANS 12 OZ","A. GALLO","Inventory","1.00"
"16800","ARALDICA GAVI LA LUCIANA 750ML","MARTIGNETTI ","Inventory","36.00"
"16801","BUD LIGHT PLATINUM 12PK BOTTLE 12OZ","HDI","Inventory","3.00"
"16802","BOOKERS BOURBON 2025-04 PHANTOM PIPES BATCH 126.4 PROOF 750ML","BRESCOME","Inventory","0.00"
"16803","ARRAN ROBERT BURNS SINGLE MALT SCOTCH WHISKEY 750ML","NORTHEAST","Inventory","0.00"
"16804","LA MARCA PROSECCO DEMI SEC 750ML","CDI","Inventory","9.00"
"16805","OHHO RED CHERRY & LIME SELTZER 3MG THC 5MG CBD 5MG CBG 4PK CANS","CDI","Inventory","0.00"
"16806","MYERS'S DARK RUM 375ML","BRESCOME","Inventory","2.00"
"16807","NOCA TOO TRUNT TEA BAYOU BERRY BLAST 12PK CANS","HDI","Inventory","0.00"
"16808","STORYPOINT CABERNET SAUVIGNON 750ML","CDI","Inventory","0.00"
"16809","SURFSIDE HALF & HALF VARIETY 8PK CANS","MARTIGNETTI ","Inventory","-3.00"
"16810","JACK DANIELS APPLE 750ML","EDER BROS","Inventory","0.00"
"16811","SURFSIDE HALF & HALF VARIETY 8PK CANS","MARTIGNETTI ","Inventory","3.00"
"16812","NEBCO SEA HAG IPA 12PK CANS","A. GALLO","Inventory","8.00"
"16813","PENELOPE APPLE CINNAMON OLD FASHIONED COCKTAIL 750ML","BRESCOME","Inventory","2.00"
"16814","COSTAL VINES MERLOT 750ML","BRESCOME","Inventory","-8.00"
"16815","NEW BELGIUM VOODOO RANGER G FORCE IPA 19.2OZ CAN","NORTHEAST","Inventory","4.00"
"16816","COSTAL VINES MERLOT 750ML","BRESCOME","Inventory","12.00"
"16817","CAYMUS SUISUN WALKING FOOL RED BLEND 750ML","EDER BROS","Inventory","11.00"
"16818","SIEMBRA AZUL BLANCO TEQUILA 750ML","Winebow, Inc.","Inventory","1.00"
"16819","VOLANS STILL STRENGTH BLANCO TEQUILA 750ML","Winebow, Inc.","Inventory","2.00"
"16820","VOLANS BLANCO TEQUILA 750ML","Winebow, Inc.","Inventory","1.00"
"16821","VOLANS REPOSADO TEQUILA 750ML","Winebow, Inc.","Inventory","1.00"
"16822","ARBIKIE KIRSTYS GIN 750ML","Winebow, Inc.","Inventory","1.00"
"16823","ARBIKIE AKS GIN 750ML","Winebow, Inc.","Inventory","1.00"
"16824","ARBIKIE HAAR VODKA 750ML","Winebow, Inc.","Inventory","1.00"
"16825","POLI MARCONI 42 GIN 750ML","Winebow, Inc.","Inventory","1.00"
"16826","DRUMSHANBO GUNPOWDER ITALIAN FIG & LAUREL IRISH GIN 750ML","BRESCOME","Inventory","2.00"
"16827","HENDRICKS GIN 1.75L","BRESCOME","Inventory","9.00"
"16828","YEALANDS LIGHTER SAUVIGNON BLANC 750ML","BRESCOME","Inventory","5.00"
"16830","PABST 12PK CAN","NORTHEAST","Inventory","4.00"
"16831","THE REAL MCCOY RUM AGED 5 YEAR 750ML","BRESCOME","Inventory","1.00"
"16832","NEW AMSTERDAM VODKA 375ML","CDI","Inventory","0.00"
"16833","LUNAZUL BLANCO TEQUILA 1LTR","MARTIGNETTI ","Inventory","10.00"
"16834","LUNAZUL REPOSADO TEQUILA 1LTR","MARTIGNETTI ","Inventory","12.00"
"16835","LUNAZUL BLANCO TEQUILA 375ML","EDER BROS","Inventory","2.00"
"16836","LUNAZUL REPOSADO TEQUILA 375ML","EDER BROS","Inventory","4.00"
"16837","GUNNER VODKA 1.75ML","LATITUDE BEVERAGE COMAPNY","Inventory","2.00"
"16838","GUNNER VODKA 1LTR","LATITUDE BEVERAGE COMAPNY","Inventory","10.00"
"16839","COURVOISIER VS COGNAC 750ML","CDI","Inventory","0.00"
"16840","CAZCANES NO 9 BLANCO ORGANIC TEQUILA 100 PF 750ML","Winebow, Inc.","Inventory","2.00"
"16841","SURFSIDE BLUEBERRY LEMONADE VODKA 4PK CANS","MARTIGNETTI ","Inventory","7.00"
"16843","SMIRNOFF SOURS BERRY LEMON 50ML","EDER BROS","Inventory","470.00"
"16844","RYAN'S IRISH CREAM LIQUER 50ML","BRESCOME","Inventory","-71.00"
"16845","JEFFERSON'S TROPICS FINISHED IN SINGAPORE AGED IN HUMIDITY BOURBON 750ML","MARTIGNETTI ","Inventory","1.00"
"16846","BUSHMILLS SINGLE MALT16YR IRISH WHISKEY 750ML","EDER BROS","Inventory","0.00"
"16847","BONANZA CHARDONNAY 750ML","EDER BROS","Inventory","6.00"
"16848","RYAN'S IRISH CREAM LIQUER 50ML","BRESCOME","Inventory","120.00"
"16849","JACK DANIELS TENNESSEE HONEY 50 ML","EDER BROS","Inventory","20.00"
"16850","HENDRICKS ANOTHER GIN 750ML","CDI","Inventory","3.00"
"16851","CANTINA ZACCAGNINI MONTEPULCIANO D'ABRUZZO 750ML","BRESCOME","Inventory","13.00"
"16852","LEFT HAND NITRO MILK STOIT 13.65 FLOZ 6PK CANS","SARENE CRAFT BEER","Inventory","1.00"
"16853","SURFSIDE STRAWBERRY LEMONADE VODKA 19.2FLOZ CAN","MARTIGNETTI ","Inventory","12.00"
"16854","90+ CELLARS LOT 152 CHARDONNAY 750ML","LATITUDE BEVERAGE COMAPNY","Inventory","-7.00"
"16855","ST GEORGE GIN BOTANIVORE 750ML","BRESCOME","Inventory","1.00"
"16856","ST GEORGE GIN TERROIR 750ML","BRESCOME","Inventory","1.00"
"16857","BARBANCOURT 8YR 5 STAR RHUM 750ML","BRESCOME","Inventory","2.00"
"16858","BASIL HAYDEN DARK RYE 750ML","BRESCOME","Inventory","0.00"
"16859","BULLEIT MESQUITE SMOKED MALT BOURBON 93PROOF 750ML","BRESCOME","Inventory","2.00"
"16860","JULIETT PEACH LIQUEUR 36PROOF 1LTR","BRESCOME","Inventory","1.00"
"16861","REDWOOD EMPIRE PIPE DREAM TOASTED TRIPLE FINISH 92PROOF 750ML","BRESCOME","Inventory","1.00"
"16862","COOKS BRUT 4 PACK 187ML","EDER BROS","Inventory","0.00"
"16863","PLANTERAY RUM ISLE OF FIJI 80 PROOF 750ML","MARTIGNETTI ","Inventory","3.00"
"16864","PLANTERAY RUM OVERPROOF O.F.T.D 1LT 138PROOF","MARTIGNETTI ","Inventory","3.00"
"16865","PLANTERAY STIGGINS FANCY PINEAPPLE RUM 750ML","MARTIGNETTI ","Inventory","3.00"
"16866","POLINI DUBAI STYLE CHOCOLATE CREAM 750ML","TOUTON MONSIEUR TOUTON SELECTION LTD","Inventory","0.00"
"16867","PENELOPE 18YR AMERICAN LIGHT WHISKEY LIMITED RELEASE 750ML","BRESCOME","Inventory","0.00"
"16868","LALO BLANCO TEQUILA 750ML","MARTIGNETTI ","Inventory","12.00"
"16869","PLANTERAY 3 STARS RUM 1LT","MARTIGNETTI ","Inventory","6.00"
"16870","14 HANDS CABERNET SAUVIGNON 1.5LT","EDER BROS","Inventory","0.00"
"16871","SONOMA-CUTRER RUSSIAN RIVER CHARDONNAY 375ML","EDER BROS","Inventory","1.00"
"16872","JOSH RESERVE SONOMA COUNTRY SAUVIGNON BLANC 750ML","CDI","Inventory","16.00"
"16873","JOSH SEASWEPT SPARKLING WINE 750ML","CDI","Inventory","10.00"
"16874","OCEAN SPRAY CRANBERRY ZERO SUGAR JUICE 64OZ","None","Inventory","0.00"
"16875","OCEAN SPRAY CRAN & GRAPE JUICE 64OZ","None","Inventory","1.00"
"16876","MALIBU RTD COCKTAIL VARIETY DOLE 8PK CANS","BRESCOME","Inventory","0.00"
"16877","SUN CRUISER BLUEBERRY LEMONADE VODKA 8PK CANS","A. GALLO","Inventory","7.00"
"16878","GUINNESS 0.0 DRAUGHT NON ALCOHOLIC 14.9FLOZ BEER","A. GALLO","Inventory","32.00"
"16879","GUINNESS 0.0 DRAUGHT NON ALCOHOLIC 14.9FLOZ BEER","A. GALLO","Inventory","0.00"
"16880","SIERRA NEVADA PREMIUM PILSNER 8PK CANS","NORTHEAST","Inventory","3.00"
"16881","CAZADORES BLANCO TEQUILA 1.75L","CDI","Inventory","3.00"
"16882","CAZADORES REPOSADO TEQUILA 1.75L","CDI","Inventory","6.00"
"16883","MIKES HARD LEMONADE 6 PK CANS","A. GALLO","Inventory","0.00"
"16884","MIJENTA BLANCO TEQUILA 750ML","OPICI","Inventory","3.00"
"16885","MOM WATER VACATION MODE VARIETY 8 PACK","OPICI","Inventory","9.00"
"16886","MOM WATER MOM SQUAD VARIETY 8 PK CAN","OPICI","Inventory","6.00"
"16887","MAKERS MARK WOODFINISHING SERIES THE STEWARDS RELEASE 109.8PROOF BOURBON","CDI","Inventory","1.00"
"16888","HIGH NOON LUCKY ONE SWEET TEA & VODKA VARIETY PACK 8PK CANS","CDI","Inventory","2.00"
"16889","HIGH NOON LUCKY ONE SWEET TEA & PEACH VODKA 4PK CANS","CDI","Inventory","-3.00"
"16890","HIGH NOON LUCKY ONE HALF & HALF SWEET TEA VODKA 4PK CANS","CDI","Inventory","2.00"
"16891","THE LITTLE SHEEP OF FRANCE PINOT NOIR RED","TOUTON MONSIEUR TOUTON SELECTION LTD","Inventory","-36.00"
"16892","LA GIOIOSA PROSECCO TREVISO DOC 750ML","BRESCOME","Inventory","4.00"
"16893","HIGH NOON LUCKY ONE SWEET TEA & PEACH VODKA 4PK CANS","CDI","Inventory","6.00"
"16894","MILLER GENUINE DRAFT BOTTLE 12PK 12 OZ","A. GALLO","Inventory","0.00"
"16895","SPIKEDADE ELECTRIC BLUE VODKA 19.2FLOZ CANS","A. GALLO","Inventory","21.00"
"16896","SPIKEDADE ELECTRIC RED VODKA 19.2FLOZ CANS","A. GALLO","Inventory","24.00"
"16897","SINLESS CRANBERRY VODKA COCKTAIL 19.2FL OZ CANS","A. GALLO","Inventory","17.00"
"16898","CROWN ROYAL PEACH 375ML","CDI","Inventory","0.00"
"16899","THE LITTLE SHEEP NEW ZEALAND SAUVIGNON BLANC 750ML","TOUTON MONSIEUR TOUTON SELECTION LTD","Inventory","11.00"
"16900","MOM WATER MOM SQUAD VARIETY 8 PK CAN","OPICI","Inventory","0.00"
"16901","CANDONI CHIANTI 1.5 L","MARTIGNETTI ","Inventory","6.00"
"16902","LAST CALL PEQUENAS BY AJ FERNANDEZ","None","Inventory","7.00"
"16903","KNOB CREEK BLENDERS EDITION BOURBON 106PROOF 750ML","CDI","Inventory","0.00"
"16904","BUZZ BALLZ STRAWBERRY RITA 187ML","MARTIGNETTI ","Inventory","1.00"
"16905","SMIRNOFF VODKA 80PROOF 50ML","EDER BROS","Inventory","480.00"
"16906","CANTINA GABRIELE DOLCEMENTE SEMI SWEET WHITE WINE 750ML","TOUTON MONSIEUR TOUTON SELECTION LTD","Inventory","0.00"
"16907","CAVIT PINOT NOIR 4PK 187ML","BRESCOME","Inventory","-1.00"
"16908","BONANZA CABERNET SAUVIGNON 375ML","EDER BROS","Inventory","12.00"
"16909","LITCHFIELD DISTILLERY CREMESICLE LIQUEUR 750ML","EDER BROS","Inventory","-3.00"
"16910","LOUIS LATOUR MARSANNAY RED 750ML","TOUTON MONSIEUR TOUTON SELECTION LTD","Inventory","9.00"
"16911","LITCHFIELD DISTILLERY BATCHERS EXTRA ANEJO TEQUILA 750ML","EDER BROS","Inventory","-5.00"
"16912","BOLS CREME DE CASSIS LIQUEUR 1LTR","EDER BROS","Inventory","0.00"
"16913","OHHO PINK GRAPEFRUIT & ELDER FLOWER SELTZER 3MG THC 5MG CBD 5MG CBG 4PK CANS","CDI","Inventory","-24.00"
"16914","FRANCIS COPPOLA CLARET CABERNET SAUVIGNON 750ML","EDER BROS","Inventory","12.00"
"16915","LITCHFIELD DISTILLERY BATCHERS EXTRA ANEJO TEQUILA 750ML","EDER BROS","Inventory","7.00"
"16916","KETEL ONE BOTANICAL GRAPEFRUIT & ROSE VODKA 750ML","BRESCOME","Inventory","3.00"
"16917","MILLER HIGH LIFE 7OZ 6 PK BT","A. GALLO","Inventory","0.00"
"16918","NEW BELGIUM VOODOO RANGER JUICE FORCE IPA 19.2 FL OZ CAN","NORTHEAST","Inventory","15.00"
"16919","ESPOLON EXTRA ANEJO TEQUILA 750ML","BRESCOME","Inventory","1.00"
"16920","21 SEEDS VALENCIA ORANGE 750ML","CDI","Inventory","0.00"
"16921","TORRES 10YR BRANDY 750ML","CDI","Inventory","0.00"
"16922","DEKUYPER CREME DE CASSIS 750ML","BRESCOME","Inventory","1.00"
"16923","BLACK WINE/CHAMPAGNE STOPPER","None","Inventory","4.00"
"16924","WINE POURER","None","Inventory","7.00"
"16925","HINE H VSOP COGNAC 750ML","EDER BROS","Inventory","1.00"
"16926","WHITE CLAW CLAW TAILS VARIETY PACK 12PK CANS","A. GALLO","Inventory","5.00"
"16927","BELVEDERE ORGANIC VODKA 1.75LT","CDI","Inventory","-1.00"
"16928","SUBSTANCE CABERNET SAUVIGNON 750ML","OPICI","Inventory","11.00"
"16929","SUBSTANCE PINOT NOIR 750ML","OPICI","Inventory","5.00"
"16930","G4 BLANCO TEQUILA HIGH PROOF 108 PROOF 750ML","Winebow, Inc.","Inventory","2.00"
"16931","HENDRICKS GIN MID SUMMER SOLSTICE 750ML","BRESCOME","Inventory","2.00"
"16932","BELVEDERE DIRTY BREW ORGANIC COFFEE FKAVORED VODKA 750ML","CDI","Inventory","3.00"
"16933","SPIRITED HIVE VODKA CRANBERRY LIME & HONEY 6PC CANS","G & G BEVERAGE DIST","Inventory","0.00"
"16934","MCMANIS CABERNET SAUVIGNON 750ML","EDER BROS","Inventory","36.00"
"16935","ABSOLUT CITRON VODKA 750ML","MARTIGNETTI ","Inventory","2.00"
"16936","DEPOSIT","NORTHEAST","Inventory","9.00"
"16937","AVIA PINOT GRIGIO 1.5LT","MARTIGNETTI ","Inventory","36.00"
"16938","JACK DANIEL 10YEAR TENNESSE WHISKEY 97 PROOF 750ML","EDER BROS","Inventory","-1.00"
"16939","COORS BANQUET 12PK BOTTLES","A. GALLO","Inventory","6.00"
"16940","CORONA PREMIER 12OZ 12PK BTL","A. GALLO","Inventory","1.00"
"16941","BUZZBALLZ PEACH CHILLER 187ML","MARTIGNETTI ","Inventory","0.00"
"16942","GHIA LE SPRITZ ORIGINAL NON ALCOHOLIC SPRITZ 4PK CANS","OPICI","Inventory","5.00"
"16943","BOTA BOX BRIGHTSIDE SAUVIGNON BLANC & PINOT GRIGIO 3LT","CDI","Inventory","4.00"
"16944","JOSH NON ALCHOLIC SPARKLING 750ML","CDI","Inventory","1.00"
"16945","JACK DANIEL 10YEAR TENNESSE WHISKEY 97 PROOF 750ML","EDER BROS","Inventory","1.00"
"16946","WOODBRIDGE CABERNET SAUVIGNON 3L","MARTIGNETTI ","Inventory","30.00"
"16947","WOODBRIDGE CHARDONNAY 3LT","MARTIGNETTI ","Inventory","12.00"
"16948","WHITE CLAW SURGE GRAPE 19.2OZ CAN","A. GALLO","Inventory","18.00"
"16949","LINKS DRINKS CLASSIC TRANSFUSION 12OZ 4PK","NORTHEAST","Inventory","6.00"
"16950","SUPER LYTE VARIETY PACK 8PK CANS","MARTIGNETTI ","Inventory","-3.00"
"16951","BUZZBALLZ LOTTA COLADA COCKTAIL 187ML","MARTIGNETTI ","Inventory","2.00"
"16952","PENELOPE BARREL STRENGTH AGED 7 YEAR BOURBON 750ML","BRESCOME","Inventory","1.00"
"16953","SUPER LYTE VARIETY PACK 8PK CANS","MARTIGNETTI ","Inventory","3.00"
"16954","AGUA DE PIEDRA GRAN SELECCION MALBEC RED 750ML","TOUTON MONSIEUR TOUTON SELECTION LTD","Inventory","6.00"
"16955","1800 CRISTALINO ANEJO TEQUILA 750ML","EDER BROS","Inventory","1.00"
"16956","CORONA SUNBREW CITRUS CERVEZA 12PK 12OZ BOTTLE","A. GALLO","Inventory","4.00"
"16957","ABSOLUT VODKA 750ML","MARTIGNETTI ","Inventory","12.00"
"16958","CANN YUZU ELDER FLOWER SELTZER 3MG THC 6MG CBD 4PK CANS","SARENE CRAFT BEER","Inventory","7.00"
"16959","DAD GRASS MARGARITA LEISURE DRINKS 3MG THC 6MG CBD 4PK CANS","SARENE CRAFT BEER","Inventory","-2.00"
"16961","LIMONCELLO DI PUGLIA 750ML","PUGLIA INC","Inventory","2.00"
"16962","JACK DANIELS FIRE 50 ML","EDER BROS","Inventory","10.00"
"16963","1800 SILVER TEQUILA 750ML","EDER BROS","Inventory","24.00"
"16964","DAD GRASS MARGARITA LEISURE DRINKS 3MG THC 6MG CBD 4PK CANS","SARENE CRAFT BEER","Inventory","6.00"
"16965","ELIJAH CRAIG 15 YEAR BOURBON WHISKEY 750ML","MARTIGNETTI ","Inventory","0.00"
"16966","HIGH NOON TRANSFUSION COCKTAIL 6PK CANS","CDI","Inventory","-24.00"
"16967","TAITTINGER BRUT LA FRANCAISE BRUT 750ML","BRESCOME","Inventory","9.00"
"16968","HIGH NOON TRANSFUSION COCKTAIL 6PK CANS","CDI","Inventory","24.00"
"16969","SANPELLEGRINO LEMONADE SPARKLING DRINK 11.15FL OZ CAN","None","Inventory","10.00"
"16970","SANPELLEGRINO BLOOD ORANGE SPARKLING DRINK 11.15FL OZ CAN","None","Inventory","10.00"
"16971","CANTINA ZACCAGNINI PINOT GRIGIO 750ML","BRESCOME","Inventory","15.00"
"16972","TEQUILA OCHO PLATA 750ML","CDI","Inventory","3.00"
"16973","CHATEAU MINUTY 281 ROSE 750ML","EDER BROS","Inventory","0.00"
"16974","OHHO CANTALOUPE & WILDFLOWER HONEY SELTZER 3MG THC 5MG CBD 5MG CBG 4PK CANS","CDI","Inventory","3.00"
"16975","FLOR DE CANA 18 YR RUM 750ML","MARTIGNETTI ","Inventory","0.00"
"16976","TEREMANA BLANCO 375ML","BRESCOME","Inventory","3.00"
"16977","ESPOLON REPOSADO TEQUILA 375ML","MARTIGNETTI ","Inventory","3.00"
"16978","ESPOLON REPOSADO TEQUILA 200ML","MARTIGNETTI ","Inventory","3.00"
"16979","ESPOLON BLANCO TEQUILA 200ML","MARTIGNETTI ","Inventory","20.00"
"16980","BOTA MINI ROSE 500ML","MARTIGNETTI ","Inventory","17.00"
"16981","ANGOSTURA ORANGE BITTERS 4 OZ","EDER BROS","Inventory","3.00"
"16982","SVEDKA VODKA 750ML","EDER BROS","Inventory","7.00"
"16983","SLOOP BREWING JUICE BOMB IPA 16OZ 4PK CANS","NORTHEAST","Inventory","6.00"
"16984","FISHER'S ISLAND BEACH VARIETY LEMONADE RTD 8PK","NORTHEAST","Inventory","0.00"
"16985","TRULY UNRULY PUNCH HARD SELTZER VARIETY PACK 12PK 12OZ","A. GALLO","Inventory","3.00"
"16986","WRENCH INDUSTRIAL ARTS SCREW DRIVER JUICY ORANGE BEER 4PK CANS","SARENE CRAFT BEER","Inventory","7.00"
"16987","AIME ROQUESANTE COTES DE PROVENCE ROSE 750ML","OPICI","Inventory","7.00"
"16988","MANU SAUVIGNON BLANC MARLBOROUGH 750ML","OPICI","Inventory","-12.00"
"16989","HODORI PEACH SOJU 375ML","ACE DISTRIBUTING","Inventory","4.00"
"16990","HODORI WATERMELON SOJU 375ML","ACE DISTRIBUTING","Inventory","3.00"
"16991","HODORI STRAWBERRY SOJU 375ML","ACE DISTRIBUTING","Inventory","4.00"
"16992","HODORI PASSION FRUIT SOJU 375ML","ACE DISTRIBUTING","Inventory","2.00"
"16993","HODORI LYCHEE SOJU 375ML","ACE DISTRIBUTING","Inventory","4.00"
"16994","YELLOWSTONESMALL BATCH AGED 6YR BOURBON WHISKEY 107PROOF 750ML","EDER BROS","Inventory","-3.00"
"16995","KAHLUA MUDSLIDE RTD LIQUEUR 1.75LT","MARTIGNETTI ","Inventory","0.00"
"16996","HANAI PASSION FRUIT TANGERINE & GUAVA TEQUILA COCKTAIL 4PK CANS","NEW PARK BREWING","Inventory","5.00"
"16997","ELMWOOD CIDER SEMI DRY BLEND 4PK CANS","NEW PARK BREWING","Inventory","2.00"
"16998","WYNK BLACK CHERRY FIZZ SELTZER 3MG THC 3MG CBD 4PK CANS","NORTHEAST","Inventory","3.00"
"16999","HODORI GUAVE SOJU 375ML","ACE DISTRIBUTING","Inventory","0.00"
"17000","SMIRNOFF SOURS BERRY LEMON 50ML","EDER BROS","Inventory","120.00"
"17001","LE PETIT SALVERD DELAILLE PINOT NOIR 750ML","Winebow, Inc.","Inventory","12.00"
"17002","YELLOWSTONESMALL BATCH AGED 6YR BOURBON WHISKEY 107PROOF 750ML","EDER BROS","Inventory","3.00"
"17003","LITCHFIELD DISTILLERY CREMESICLE LIQUEUR 750ML","EDER BROS","Inventory","6.00"
"17004","LITCHFIELD RTD ESPRESSO MARTINI 100ML","EDER BROS","Inventory","5.00"
"17005","LITCHFIELD VANILLA BOURBON 750ML","EDER BROS","Inventory","1.00"
"17007","DAD GRASS MANGO PINEAPPLE 3MG THC 6MG CBD 4PK CANS","SARENE CRAFT BEER","Inventory","0.00"
"17008","OHHO BLOOD ORANGE & POMEGRANATE SELTZER 3MG THC 5MG CBD 5MG CBG 4PK CANS","CDI","Inventory","-14.00"
"17009","KIRKLAND PURIFIED WATER BOTTLE 16.9FLOZ","None","Inventory","67.00"
"17010","WOODSTOCK YUZU GINGER 2.5MG THC 2.5MG CBG 10MG CBD 4PK CANS","CDI","Inventory","1.00"
"17011","WOODSTOCK CITRUS SPRITZ LAUGH 2.5MG THC 2.5MG CBC 2.5MG CBG 4PK CANS","CDI","Inventory","0.00"
"17012","DAD GRASS MANGO PINEAPPLE 3MG THC 6MG CBD 4PK CANS","SARENE CRAFT BEER","Inventory","6.00"
"17013","TWO ROADS DAYBREAKER VODKA BLOOD ORANGE 4PK CANS","A. GALLO","Inventory","0.00"
"17014","BELEVEDERE B10 ORGANIC VODKA 750ML","CDI","Inventory","11.00"
"17015","CORTE PITORA PINOT GRIGIO 750ML","PUGLIA INC","Inventory","6.00"
"17016","WOODSTOCK DARK BERRIES 2.5MG THC 2.5MG CBN 10MG CBD 4PK CANS","CDI","Inventory","0.00"
"17017","WOODSTOCK DARK BERRIES 2.5MG THC 2.5MG CBN 10MG CBD 4PK CANS","CDI","Inventory","6.00"
"17018","DAILYS STRAWBERRY DAIQUIRI POUCH 10 OZ","MARTIGNETTI ","Inventory","24.00"
"17019","CHARTREUSE 110 GREEN LIQUEUR 700ML","BRESCOME","Inventory","0.00"
"17020","BOTA MINI BRIGHTSIDE SAUVIGNON BLANC & PINOT GRIGIO 500ML","CDI","Inventory","6.00"
"17021","LITCHFIELD BATCHERS 250TH 6 YEAR BOURBON WHISKEY 750ML","EDER BROS","Inventory","0.00"
"17022","PASQUA R&J PASSIMENTO ROSSO RED 750ML","BRESCOME","Inventory","-3.00"
"17023","PASQUA PINOT GRIGIO 750ML","BRESCOME","Inventory","6.00"
"17024","PASQUA 11 MINUTES ROSE 750ML","BRESCOME","Inventory","11.00"
"17025","CANADIAN CLUB ORIGINAL WHISKEY 1.75L","BRESCOME","Inventory","6.00"
"17026","CASAL GARCIA VINHO VERDE 750ML","MARTIGNETTI ","Inventory","36.00"
"17027","PASQUA R&J PASSIMENTO ROSSO RED 750ML","BRESCOME","Inventory","6.00"
"17028","LUNA DI LUNA PINOT GRIGIO 1.5L","MARTIGNETTI ","Inventory","30.00"
"17029","YELLOWSTONE SELECT 93PROOF BOURBON WHISKEY 750ML","EDER BROS","Inventory","3.00"
"17030","LITCHFIELD BATCHERS 250TH 6 YEAR BOURBON WHISKEY 750ML","EDER BROS","Inventory","3.00"
"17031","WOODSTOCK CITRUS SPRITZ LAUGH 2.5MG THC 2.5MG CBC 2.5MG CBG 4PK CANS","CDI","Inventory","6.00"
"17032","DISARONNO AMARETTO ITALIAN LIQUEUR 750ML","CDI","Inventory","12.00"
"17033","BUNNAHABHAIN 12 YR OLD ISLAY SINGLE MALT SCOTCH WHISKEY 750ML","OPICI","Inventory","-1.00"
"17034","PENELOPE BLACKBERRY OLD FASHIONED COCKTAIL 750ML","BRESCOME","Inventory","2.00"
"17035","BOOKERS BOURBON 2026-02 MILKSHAKE BATCH 124.4 PROOF 750ML","BRESCOME","Inventory","1.00"
"17036","FIREBALL 50ML","NORTHEAST","Inventory","360.00"
"17037","BUZZ BALLZ CHOCO CHILLER 187ML","MARTIGNETTI ","Inventory","0.00"
"17038","BUNNAHABHAIN 12 YR OLD ISLAY SINGLE MALT SCOTCH WHISKEY 750ML","OPICI","Inventory","3.00"
"17039","KOMOS TEQUILA ANEJO CRISTAL 750 ML","CDI","Inventory","0.00"
"17040","WILLETT 4YEAR SMALL BATCH COURBON WHISKEY 750ML","OPICI","Inventory","0.00"
"17041","SILVER GATE SAUVIGNON BLANC 750ML","EDER BROS","Inventory","0.00"
"17042","SILVER GATE PINOT GRIGIO 750ML","EDER BROS","Inventory","0.00"
"17043","SILVER GATE PINOT GRIGIO 750ML","EDER BROS","Inventory","0.00"
"17044","SILVER GATE SAUVIGNON BLANC 750ML","EDER BROS","Inventory","0.00"
"17046","TWO ROADS DA BOMB VODKA LEMONADE 4PK CANS","A. GALLO","Inventory","8.00"
"17047","SUN CRUISER LEMONADE VODKA VARIETY 12PK CANS","A. GALLO","Inventory","7.00"
"17048","SPIKEDADE VODKA VARIETY 8PK CANS","A. GALLO","Inventory","7.00"
"17049","SUN CRUISER CLASSIC LEMONADE VODKA 8 PK CAN","A. GALLO","Inventory","11.00"
"17050","SUN CRUISER CLASSIC ICED TEA VODKA 12PK CANS","A. GALLO","Inventory","6.00"
"17051","SUN CRUISER CLASSIC ICED TEA VODKA VARIETY 12PK CAN","A. GALLO","Inventory","7.00"
"17052","FIREBALL PARTY PACK SUMMER BAG 15PK","NORTHEAST","Inventory","7.00"
"17053","FOSFORO BLANCO TEQUILA 750ML","Winebow, Inc.","Inventory","3.00"
"17054","BAILEYS COFFEE TOFFEE 50ML","MARTIGNETTI ","Inventory","-2.00"
"17055","BAILEYS COKKIES & CREAM 50ML","MARTIGNETTI ","Inventory","80.00"
"17056","HEINEKEN 1/6 LOG 20LTR KEG","HDI","Inventory","0.00"
"17057","AETHER DRY HOPPED SOUR ALE 4PK CNS","OEC BREWING","Inventory","4.00"
"17058","ANYTIME LAGER 4PK CANS","OEC BREWING","Inventory","4.00"
"17059","NEBCO FUZZY BABY DUCKS IPA 12PK CANS","A. GALLO","Inventory","10.00"
"17060","BUBBA'S SECRET STILLS BURNT SUGAR WHISKEY 750ML","BRESCOME","Inventory","2.00"
"17061","BAILEYS COFFEE TOFFEE 50ML","MARTIGNETTI ","Inventory","80.00"
"17062","DUDLEYTOWN BREWING CO UPSIDE DOWN PINEAPPLE SOUR 4PK 16OZ","SARENE CRAFT BEER","Inventory","4.00"
"17063","CALAZUL ALBARINO WHITE 750ML","TOUTON MONSIEUR TOUTON SELECTION LTD","Inventory","2.00"
"17064","THE LITTLE SHEEP OF FRANCE VIOGNIER WHITE 750ML","TOUTON MONSIEUR TOUTON SELECTION LTD","Inventory","6.00"
"17065","CLEAN CO W WHISKEY NON ALC 750ML","BRESCOME","Inventory","0.00"
"17066","CLEAN CO G GIN NON ALC 750ML","BRESCOME","Inventory","0.00"
"17067","CLEAN CO T TEQUILA NON ALC 750ML","BRESCOME","Inventory","0.00"
"17068","CLEAN CO R RUM NON ALC 750ML","BRESCOME","Inventory","0.00"
"17069","JORDAN CABERNET SAUVUGNON ALEXANDER VALLEY 750ML","BRESCOME","Inventory","10.00"
"17070","MEIOMI PINOT NOIR 1.5L","CDI","Inventory","13.00"
"17071","CLEAN CO R RUM NON ALC 750ML","BRESCOME","Inventory","2.00"
"17072","CLEAN CO G GIN NON ALC 750ML","BRESCOME","Inventory","2.00"
"17073","CLEAN CO T TEQUILA NON ALC 750ML","BRESCOME","Inventory","2.00"
"17074","CLEAN CO W WHISKEY NON ALC 750ML","BRESCOME","Inventory","2.00"
"17075","LITTLE BOOK CHAPTER 10 ALL THE WISER 122.6PROOF 750ML","BRESCOME","Inventory","0.00"
"17076","HERRADURA SILVER TEQUILA 750ML","None","Inventory","0.00"
"17077","POST & BEAM CABERNET SAUVIGNON BY FAR NIENTE 750ML","BRESCOME","Inventory","11.00"
"17078","BOOKERS BOURBON 2026-01 BIG EASY BATCH 129.1 PROOF 750ML","BRESCOME","Inventory","1.00"
"17079","MAKERS MARK CASK STRENGTH MADE FOR THE BRAVE 110.5PROOF 750ML","BRESCOME","Inventory","4.00"
"17080","ABSOLUTE OCEAN SPRAY REFRESHERS VARIETY 8PK CANS","CDI","Inventory","0.00"
"17081","ASAHI SUPER DRY NON ALC BEER 6PK BOTTLES","A. GALLO","Inventory","0.00"
"17082","COCO REAL COCONUT CREAM 22 OZ BOTTLE","CDI","Inventory","3.00"
"17083","SPRITE LEMON LIME SODA 8OZ BOTTLE","DRINX UNLIMITED","Inventory","-6.00"
"17084","SUTTER HOME FRE SPARKLING BRUT NON ALC CDI750ML","CDI","Inventory","0.00"
"17085","JUSTIN CABERNET SAUVIGNON PASO BOBLES 750ML","MARTIGNETTI ","Inventory","12.00"
"17086","CRUZAN GOLD AGED DARK RUM 1.75L","EDER BROS","Inventory","3.00"
"17087","KYRO X GAME OF THRONE WHISKEY OF FIRE RYE WHISKEY 750ML","BRESCOME","Inventory","2.00"
"17088","KYRO X GAME OF THRONE WHISKEY OF BLOOD RYE WHISKEY 750ML","BRESCOME","Inventory","2.00"
"17089","SIR JAMES 101 MOJITO MOCKTAIL ALCOHOL FREE 250ML BOTTLE","CDI","Inventory","1.00"
"17090","JIM BEAM HONEY 50 ML","BRESCOME","Inventory","120.00"
"17091","OLE COCKTAIL VARIETY 8 PACK CANS","A. GALLO","Inventory","1.00"
"17092","ASAHI SUPER DRY BEER 6PK BOTTLES","A. GALLO","Inventory","0.00"
"17093","CUTWATER STRAWBERRY MARGARITA RTD 4PK CANS","NORTHEAST","Inventory","5.00"
"17094","SIR JAMES 101 MOJITO MOCKTAIL ALCOHOL FREE 250ML BOTTLE","CDI","Inventory","3.00"
"17095","THE BARKER ESPRESSO MARTINI 200ML CAN","EDER BROS","Inventory","5.00"
"17096","MIKES HARD PARTY PACK 12 OZ 12PK BOTTLES","A. GALLO","Inventory","2.00"
"17097","TIP TOP BEES KNEES GIN LEMON HONEY RTD COCKTAIL 100ML","Winebow, Inc.","Inventory","0.00"
"17098","TIP TOP BEES COSMOPOLITAN RTD COCKTAIL 100ML CAN","Winebow, Inc.","Inventory","1.00"
"17099","TIP TOP OLD FASHIONED RTD COCKTAIL 100ML CAN","None","Inventory","1.00"
"17100","TIP TOP MARGARITA 100ML CAN","Winebow, Inc.","Inventory","1.00"
"17101","TIP TOP WHISKEY SOUR 100ML CAN","Winebow, Inc.","Inventory","0.00"
"17102","TIP TOP NEGRONI 100ML CAN","Winebow, Inc.","Inventory","0.00"
"17103","METAXA OUZO 750ML","UNKNOWN","Inventory","0.00"
"17104","FORTUNA BLUE LIGHT BOX KS","MANCHESTER T","Inventory","0.00"
"17105","DAMILANO BAROLO CANNUBI 750ML","Winebow, Inc.","Inventory","0.00"
"17106","ABSOLUT OCEAN SPRAY RTD COCKTAIL 8PK CANS","CDI","Inventory","0.00"
"17107","ABSOLUT OCEAN SPRAY RTD COCKTAIL VARIETY 12PK CANS","CDI","Inventory","2.00"
"17108","THE BARKER ESPRESSO MARTINI 200ML 4PK CANS","EDER BROS","Inventory","1.00"
"17109","LONG DRINK PINEAPPLE 12OZ CANS 6PK","CDI","Inventory","18.00"
"17110","SAM ADAMS PORCH ROCKER 12OZ 12 PK BTL","A. GALLO","Inventory","1.00"
"17111","BUD LIGHT LIME  CAN 18PK 12OZ","HDI","Inventory","2.00"
"17112","ANGRY ORCHARD ROSE 6PK 12 OZ","A. GALLO","Inventory","0.00"
"17113","SIR JAMES 101 GIN & TONIC MOCKTAIL ALCOHOL FREE 250ML BOTTLE","CDI","Inventory","-3.00"
"17114","REDWOOD EMPIRE THE COLONEL ARMSTRONG WHEATED BOURBON 94 PROOF 750ML","BRESCOME","Inventory","2.00"
"17115","OHHO PINK GRAPEFRUIT & ELDER FLOWER SELTZER 3MG THC 5MG CBD 5MG CBG 4PK CANS","CDI","Inventory","-3.00"
"17116","SIR JAMES 101 GIN & TONIC MOCKTAIL ALCOHOL FREE 250ML BOTTLE","CDI","Inventory","6.00"
"17117","PALIO BATISTA 80 RING CIGAR CUTTER","None","Inventory","22.00"
"17118","DIRTY PELICAN MANGO PASSION FRUIT MARGARITA ORGANIC MIXER NON ALC 750ML","EDER BROS","Inventory","0.00"
"17119","DIRTY PELICAN JALAPENO MARGARITA ORGANIC MIXER NON ALC 750ML","EDER BROS","Inventory","0.00"
"17120","DIRTY PELICAN SKINNY MARGARITA ORGANIC MIXER NON ALC 750ML","EDER BROS","Inventory","0.00"
"17121","LUXARDO CHERRY LIQUEUR 750ML","None","Inventory","0.00"
"17122","LUXARDO ESPRESSO COFFEE LIQUEUR 750ML","EDER BROS","Inventory","0.00"
"17123","REAL STRAWBERRY PUREE 16.9OZ BOTTLE","CDI","Inventory","6.00"
"17124","REAL RASPBERRY PUREE 16.9OZ BOTTLE","CDI","Inventory","6.00"
"17125","OHHO EMPIRE APPLE & BLACKBERRY SELTZER 3MG THC 5MG CBG 4PK CANS","CDI","Inventory","0.00"
"17126","GARAGE BEER 1/2 KEG","HDI","Inventory","0.00"
"17127","GARAGE BEER LIME 12OZ 12PK CANS","HDI","Inventory","1.00"
"17128","GARAGE BEER LIME SUITCASE 12OZ 24PK CANS","HDI","Inventory","0.00"
"17129","GARAGE BEER LIME SUITCASE 12OZ 24PK CANS","HDI","Inventory","24.00"
"17130","LONG DRINK ZERO SUGAR RASPBERRY 12OZ CANS 6PK","CDI","Inventory","24.00"
"17131","BUZZBALLZ CHOC TEASE 187ML","MARTIGNETTI ","Inventory","1.00"
"17132","BASIL HAYDEN COGNAC CASK RESERVE LTD EDTN BOURBON WHISKEY 750ML","CDI","Inventory","1.00"
"17133","HEINEKEN ULTIMATE 0.0% 12PK CANS","HDI","Inventory","0.00"
"17134","HEINEKEN ULTIMATE 0.0% 6PK BOTTLES","HDI","Inventory","0.00"